date,code,open,high,low,close,preclose,volume,amount,adjustflag,turn,tradestatus,pctChg,peTTM,psTTM,pcfNcfTTM,pbMRQ,isST
2010-06-08,sz.002425,23.5000,28.0000,22.5500,24.9100,22.0000,17412851,416056858.9900,3,80.615051,1,13.227270,44.954492,8.392372,-139.086724,10.087803,0
2010-06-09,sz.002425,23.7000,25.7800,23.1000,24.9100,24.9100,12632717,305677465.5300,3,58.484801,1,0.000000,44.954492,8.392372,-139.086724,10.087803,0
2010-06-10,sz.002425,23.8200,26.9200,23.8200,26.1200,24.9100,11474122,291786616.5500,3,53.120935,1,4.857500,47.138151,8.800030,-145.842843,10.577816,0
2010-06-11,sz.002425,28.0000,28.7300,27.5900,28.7300,26.1200,11264950,320924023.9000,3,52.152546,1,9.992300,51.848357,9.679359,-160.415961,11.634788,0
2010-06-17,sz.002425,28.8000,29.6600,27.7100,28.1000,28.7300,8703857,249759271.7400,3,40.295634,1,-2.192800,50.711411,9.467107,-156.898312,11.379657,0
2010-06-18,sz.002425,27.7500,28.3700,25.2900,25.2900,28.1000,6765362,179325360.4800,3,31.321120,1,-10.000000,45.640270,8.520397,-141.208480,10.241691,0
2010-06-21,sz.002425,24.8500,26.4000,24.0600,25.9500,25.2900,6370869,159937889.8700,3,29.494764,1,2.609700,46.831356,8.742756,-144.893637,10.508971,0
2010-06-22,sz.002425,25.6500,25.9800,25.1000,25.1400,25.9500,4040187,102972876.0700,3,18.704569,1,-3.121400,45.369568,8.469861,-140.370945,10.180946,0
2010-06-23,sz.002425,24.6900,25.6000,24.4500,25.4800,25.1400,3824835,95799771.8300,3,17.707569,1,1.352400,45.983158,8.584409,-142.269359,10.318636,0
2010-06-24,sz.002425,25.2500,25.6800,24.8500,25.2000,25.4800,2695170,67961243.4300,3,12.477639,1,-1.098900,45.477849,8.490075,-140.705959,10.205244,0
2010-06-25,sz.002425,25.0000,25.1500,23.5400,23.9000,25.2000,3634792,88008661.0200,3,16.827741,1,-5.158700,43.131769,8.052095,-133.447318,9.678783,0
2010-06-28,sz.002425,23.8100,24.5800,23.7900,23.9700,23.9000,2074413,50113773.4600,3,9.603764,1,0.292900,43.258096,8.075678,-133.838168,9.707131,0
2010-06-29,sz.002425,23.9200,24.5300,23.0000,23.3200,23.9700,2792540,66341175.6800,3,12.928426,1,-2.711700,42.085057,7.856688,-130.208848,9.443900,0
2010-06-30,sz.002425,23.0000,23.4600,22.2200,23.2100,23.3200,2533137,57886792.6400,3,11.727486,1,-0.471700,41.886542,7.819629,-129.594655,9.399354,0
2010-07-01,sz.002425,23.0100,23.4600,22.7800,22.8300,23.2100,1706194,39378876.9400,3,7.899046,1,-1.637200,41.200765,7.691604,-127.472899,9.245465,0
2010-07-02,sz.002425,22.6000,23.1400,21.6600,22.5200,22.8300,2361492,53061127.1400,3,10.932833,1,-1.357900,40.641316,7.587162,-125.741992,9.119924,0
2010-07-05,sz.002425,22.0500,22.4500,21.2500,22.0000,22.5200,2968454,64738131.3700,3,13.742843,1,-2.309100,39.702884,7.411970,-122.838536,8.909340,0
2010-07-06,sz.002425,22.0000,23.6800,21.9900,23.3000,22.0000,4103388,93631288.5700,3,18.997167,1,5.909100,42.048963,7.849950,-130.097177,9.435801,0
2010-07-07,sz.002425,23.1100,23.4000,22.8100,23.3500,23.3000,2345203,54162953.1200,3,10.857421,1,0.214600,42.139197,7.866796,-130.376355,9.456049,0
2010-07-08,sz.002425,23.3800,23.5000,22.6000,22.9000,23.3500,2141348,49330106.6400,3,9.913648,1,-1.927200,41.327093,7.715187,-127.863749,9.273813,0
2010-07-09,sz.002425,22.9700,23.7800,22.4000,23.5800,22.9000,2558261,59507622.1200,3,11.843801,1,2.969400,42.554273,7.944284,-131.660576,9.549193,0
2010-07-12,sz.002425,23.4900,24.3800,23.3600,23.9400,23.5800,2782494,66726081.8600,3,12.881917,1,1.526700,43.203956,8.065571,-133.670661,9.694982,0
2010-07-13,sz.002425,23.5200,24.4500,23.2400,24.0300,23.9400,2474415,59261597.1500,3,11.455625,1,0.375900,43.366377,8.095893,-134.173183,9.731429,0
2010-07-14,sz.002425,23.9900,24.3400,23.8300,24.2500,24.0300,2282176,54966559.3300,3,10.565630,1,0.915500,43.763406,8.170013,-135.401568,9.820522,0
2010-07-15,sz.002425,24.2500,24.4800,22.9900,22.9900,24.2500,1981919,47046134.2400,3,9.175551,1,-5.195900,41.489513,7.745509,-128.366270,9.310260,0
2010-07-16,sz.002425,22.7100,23.1900,22.2000,22.7100,22.9900,1402043,31646080.1300,3,6.490940,1,-1.217924,40.984204,7.651175,-126.802870,9.196869,0
2010-07-19,sz.002425,22.4800,23.3400,22.2000,23.2600,22.7100,1053008,24225816.4300,3,4.875037,1,2.421800,41.976776,7.836474,-129.873834,9.419602,0
2010-07-20,sz.002425,23.1700,24.1000,23.1700,23.7300,23.2600,1387318,32947347.3300,3,6.422769,1,2.020600,42.824974,7.994821,-132.498112,9.609938,0
2010-07-21,sz.002425,23.8000,24.3800,23.6200,24.1700,23.7300,2047799,49227052.5100,3,9.480551,1,1.854200,43.619032,8.143060,-134.954882,9.788125,0
2010-07-22,sz.002425,24.0200,24.8600,23.9100,24.5200,24.1700,2657467,65031090.6100,3,12.303088,1,1.448100,44.250669,8.260978,-136.909132,9.929864,0
2010-07-23,sz.002425,24.4100,24.6400,24.1000,24.6300,24.5200,2116163,51597706.5800,3,9.797051,1,0.448600,44.449183,8.298038,-137.523324,9.974411,0
2010-07-26,sz.002425,24.6500,24.9300,24.2000,24.8500,24.6300,2063780,50636107.3200,3,9.554537,1,0.893200,44.846212,8.372157,-138.751710,10.063504,0
2010-07-27,sz.002425,24.7800,25.6500,24.3500,25.5000,24.8500,2727213,68825849.5700,3,12.625986,1,2.615700,46.019252,8.591147,-142.381030,10.326735,0
2010-07-28,sz.002425,25.2900,26.4900,25.2900,25.8600,25.5000,3109042,81072657.5700,3,14.393713,1,1.411800,46.668935,8.712434,-144.391115,10.472524,0
2010-07-29,sz.002425,26.0000,26.5000,25.1100,25.3000,25.8600,3899749,99995167.2600,3,18.054394,1,-2.165500,45.658316,8.523766,-141.264316,10.245741,0
2010-07-30,sz.002425,24.8000,25.5000,24.6000,25.4000,25.3000,2402698,60075088.2300,3,11.123602,1,0.395300,43.463747,8.175607,5.255547,3.276056,0
2010-08-02,sz.002425,25.2000,25.8200,25.1100,25.6200,25.4000,2381097,60598053.5700,3,11.023597,1,0.866100,43.840204,8.246419,5.301067,3.304431,0
2010-08-03,sz.002425,25.6200,25.6200,25.6200,25.6200,25.6200,0,0.0000,3,,0,0.000000,43.840204,8.246419,5.301067,3.304431,0
2010-08-04,sz.002425,25.0800,26.4900,25.0800,26.2500,25.6200,2564535,65949121.9300,3,11.872847,1,2.459000,44.918242,8.449200,5.431421,3.385688,0
2010-08-05,sz.002425,26.0800,26.4800,25.5900,26.0900,26.2500,2712562,70923101.1700,3,12.558157,1,-0.609500,44.644455,8.397700,5.398315,3.365051,0
2010-08-06,sz.002425,25.9700,27.0000,25.9600,26.9200,26.0900,1640083,43700844.3600,3,7.592977,1,3.181300,46.064727,8.664856,5.570052,3.472103,0
2010-08-09,sz.002425,26.9200,27.6700,26.9200,27.4800,26.9200,1840133,50329611.1700,3,8.519134,1,2.080200,47.022982,8.845105,5.685922,3.544331,0
2010-08-10,sz.002425,27.6000,27.7500,26.2800,26.2800,27.4800,1516648,40766405.6400,3,7.021519,1,-4.366800,44.969577,8.458856,5.437629,3.389557,0
2010-08-11,sz.002425,26.3500,26.9000,26.2000,26.5800,26.2800,917550,24299778.0400,3,4.247917,1,1.141600,45.482928,8.555418,5.499702,3.428251,0
2010-08-12,sz.002425,26.2800,26.5000,25.8000,25.8800,26.5800,1206039,31524966.8700,3,5.583514,1,-2.633600,44.285109,8.330106,5.354864,3.337966,0
2010-08-13,sz.002425,25.8800,26.1900,25.6000,26.1300,25.8800,795506,20602891.4300,3,3.682898,1,0.966000,44.712901,8.410575,5.406592,3.370210,0
2010-08-16,sz.002425,26.1300,27.2800,26.0300,27.1000,26.1300,1767209,47588027.8600,3,8.181523,1,3.712200,46.372737,8.722793,5.607296,3.495319,0
2010-08-17,sz.002425,27.1000,27.6400,26.9200,27.2500,27.1000,1424969,38919074.2300,3,6.597079,1,0.553500,46.629413,8.771074,5.638332,3.514666,0
2010-08-18,sz.002425,26.9800,27.2800,26.4500,26.5000,27.2500,1052926,28102564.3800,3,4.874657,1,-2.752300,45.346035,8.529668,5.483149,3.417932,0
2010-08-19,sz.002425,26.4900,27.1000,26.3000,26.9000,26.5000,1725692,46335428.8900,3,7.989315,1,1.509400,46.030503,8.658418,5.565914,3.469524,0
2010-08-20,sz.002425,26.8300,26.8300,25.6100,25.9000,26.9000,1577328,41455178.3800,3,7.302444,1,-3.717500,44.319332,8.336544,5.359002,3.340545,0
2010-08-23,sz.002425,26.0100,26.1300,25.7500,26.1000,25.9000,887262,23032837.1500,3,4.107694,1,0.772200,44.661566,8.400919,5.400384,3.366341,0
2010-08-24,sz.002425,26.0000,26.8900,26.0000,26.8000,26.1000,1306023,34799192.0800,3,6.046403,1,2.682000,45.859386,8.626231,5.545222,3.456626,0
2010-08-25,sz.002425,26.6300,27.5000,26.6300,26.9600,26.8000,1402766,37939833.4000,3,6.494287,1,0.597000,46.133173,8.677731,5.578328,3.477262,0
2010-08-26,sz.002425,26.9700,28.0600,26.7000,27.9000,26.9600,1601501,44125409.5700,3,7.414356,1,3.486600,47.741674,8.980292,5.772825,3.598502,0
2010-08-27,sz.002425,28.0200,28.0600,27.2200,27.7500,27.9000,715067,19717822.1100,3,3.310495,1,-0.537600,47.484999,8.932011,5.741788,3.579155,0
2010-08-30,sz.002425,27.7300,27.9700,27.2500,27.9600,27.7500,2173381,60016316.0300,3,10.061949,1,0.756800,47.844345,8.999605,5.785239,3.606241,0
2010-08-31,sz.002425,27.7800,28.4400,27.3200,28.2200,27.9600,1836165,51122749.0800,3,8.500764,1,0.929900,48.289249,9.083292,5.839036,3.639775,0
2010-09-01,sz.002425,28.2100,28.2800,25.9800,26.4200,28.2200,2575907,69386811.5700,3,11.925495,1,-6.378500,45.209141,8.503919,5.466596,3.407614,0
2010-09-02,sz.002425,26.5800,26.8000,26.4000,26.7500,26.4200,1560064,41552284.2700,3,7.222519,1,1.249100,45.773828,8.610137,5.534877,3.450177,0
2010-09-03,sz.002425,26.7500,26.9300,26.1200,26.8000,26.7500,2099715,55682256.9700,3,9.720903,1,0.186900,45.859386,8.626231,5.545222,3.456626,0
2010-09-06,sz.002425,26.8100,27.5000,26.5000,27.1900,26.8000,1513530,40840172.8400,3,7.007083,1,1.455200,46.526743,8.751762,5.625918,3.506927,0
2010-09-07,sz.002425,27.0100,27.5000,26.8100,27.2900,27.1900,1027408,27919520.6000,3,4.756519,1,0.367800,46.697860,8.783949,5.646609,3.519825,0
2010-09-08,sz.002425,26.9000,27.8000,26.6000,27.7900,27.2900,4019691,108596497.9500,3,14.887744,1,1.832173,47.553446,8.944886,5.750065,3.584315,0
2010-09-09,sz.002425,27.8000,28.3000,27.2800,27.4300,27.7900,2269212,62979300.9700,3,8.404489,1,-1.295400,46.937424,8.829012,5.675576,3.537882,0
2010-09-10,sz.002425,27.4500,28.5000,27.4300,28.4000,27.4300,2474896,69525158.5200,3,9.166281,1,3.536300,48.597260,9.141230,5.876280,3.662992,0
2010-09-13,sz.002425,28.4200,29.3000,28.2000,29.1400,28.4000,3229120,93608809.6200,3,11.959704,1,2.605600,49.863527,9.379417,6.029395,3.758436,0
2010-09-14,sz.002425,29.0000,30.0800,28.8600,29.4000,29.1400,1968160,57726518.2400,3,7.289481,1,0.892200,50.308431,9.463104,6.083192,3.791970,0
2010-09-15,sz.002425,29.3000,29.7900,28.6000,28.8800,29.4000,1336887,38887593.1000,3,4.951433,1,-1.768700,49.418622,9.295729,5.975598,3.724901,0
2010-09-16,sz.002425,28.8000,29.4400,28.1800,29.2000,28.8800,1477402,42457663.4100,3,5.471859,1,1.108000,49.966197,9.398729,6.041809,3.766174,0
2010-09-17,sz.002425,29.1800,31.0900,28.8000,31.0000,29.2000,2297859,69536545.1400,3,8.510589,1,6.164400,53.046305,9.978103,6.414250,3.998336,0
2010-09-20,sz.002425,31.0000,31.3000,30.5000,31.1000,31.0000,1199406,37025175.6800,3,4.442244,1,0.322600,53.217422,10.010290,6.434941,4.011234,0
2010-09-21,sz.002425,30.9500,31.0900,30.2000,30.4700,31.1000,954428,29274138.4800,3,3.534919,1,-2.025700,52.139384,9.807509,6.304587,3.929977,0
2010-09-27,sz.002425,30.4700,32.7500,30.4700,32.6900,30.4700,1041320,33414668.2000,3,3.856741,1,7.285900,55.938184,10.522070,6.763930,4.216310,0
2010-09-28,sz.002425,32.2600,34.6000,32.2500,33.8800,32.6900,2271162,76439692.1700,3,8.411711,1,3.640300,57.974478,10.905101,7.010154,4.369794,0
2010-09-29,sz.002425,33.7300,33.9000,32.5000,32.8200,33.8800,999330,33008306.9400,3,3.701222,1,-3.128700,56.160636,10.563914,6.790828,4.233077,0
2010-09-30,sz.002425,32.5500,33.4900,32.5500,33.0300,32.8200,540254,17851804.7100,3,2.000941,1,0.639900,56.519982,10.631508,6.834280,4.260162,0
2010-10-08,sz.002425,33.1100,33.7000,32.3200,33.5300,33.0300,1262170,41916048.7500,3,4.674704,1,1.513800,57.375568,10.792445,6.937735,4.324652,0
2010-10-11,sz.002425,33.1600,33.3000,31.0100,31.9000,33.5300,1737749,56206394.4700,3,6.436107,1,-4.861300,54.586359,10.267790,6.600470,4.114417,0
2010-10-12,sz.002425,31.9200,32.4500,31.3000,31.4500,31.9000,875538,27783474.5100,3,3.242733,1,-1.410700,53.816332,10.122946,6.507360,4.056376,0
2010-10-13,sz.002425,32.3200,32.3200,30.6000,32.0000,31.4500,877441,27406974.8800,3,3.249781,1,1.748800,54.757476,10.299977,6.621161,4.127314,0
2010-10-14,sz.002425,32.6000,32.8000,31.2300,31.5000,32.0000,506456,16070857.7200,3,1.875763,1,-1.562500,53.901890,10.139040,6.517705,4.062825,0
2010-10-15,sz.002425,31.5000,32.0800,30.8500,32.0600,31.5000,1093794,34776315.0200,3,4.051089,1,1.777800,54.860146,10.319289,6.633576,4.135053,0
2010-10-18,sz.002425,31.8800,34.7800,31.8300,34.4000,32.0600,1986802,65710918.2600,3,7.358526,1,7.298800,58.864287,11.072475,7.117748,4.436863,0
2010-10-19,sz.002425,34.0000,34.9400,33.4000,34.2400,34.4000,985328,33759006.9200,3,3.649363,1,-0.465100,58.590499,11.020975,7.084642,4.416226,0
2010-10-20,sz.002425,33.9900,35.3100,33.1200,35.2900,34.2400,1302782,44899854.7600,3,4.825119,1,3.066600,59.259100,10.788626,9.558028,4.503452,0
2010-10-21,sz.002425,35.3300,36.3500,34.6700,35.0000,35.2900,924235,32902622.4400,3,3.423093,1,-0.821800,58.772130,10.699969,9.479483,4.466444,0
2010-10-22,sz.002425,34.6800,35.8000,34.0100,35.0300,35.0000,564527,19836419.7600,3,2.090841,1,0.085700,58.822507,10.709140,9.487609,4.470273,0
2010-10-25,sz.002425,35.2500,36.1000,34.5500,35.9900,35.0300,835987,29706552.9300,3,3.096248,1,2.740500,60.434542,11.002625,9.747617,4.592781,0
2010-10-26,sz.002425,35.9000,36.2000,35.1900,35.1900,35.9900,599232,21292116.9300,3,2.219378,1,-2.222800,59.091179,10.758055,9.530943,4.490691,0
2010-10-27,sz.002425,35.7900,35.8000,34.7500,34.8000,35.1900,602260,21220855.2200,3,2.230593,1,-1.108300,58.436290,10.638826,9.425315,4.440922,0
2010-10-28,sz.002425,34.8000,34.8000,33.9900,34.4900,34.8000,498300,17100788.0800,3,1.845556,1,-0.890800,57.915737,10.544055,9.341354,4.401362,0
2010-10-29,sz.002425,34.5700,36.4800,34.4900,36.4800,34.4900,620038,22125323.8200,3,2.296437,1,5.769800,61.257352,11.152425,9.880330,4.655311,0
2010-11-01,sz.002425,36.4900,37.0000,36.0100,36.5500,36.4800,846500,30825808.6100,3,3.135185,1,0.191900,61.374896,11.173825,9.899289,4.664244,0
2010-11-02,sz.002425,36.3800,37.2000,35.9000,35.9000,36.5500,848960,31026195.9200,3,3.144296,1,-1.778400,60.283414,10.975111,9.723242,4.581296,0
2010-11-03,sz.002425,36.0000,37.0000,35.3000,35.6000,35.9000,989985,35676675.8500,3,3.666611,1,-0.835700,59.779653,10.883397,9.641989,4.543012,0
2010-11-04,sz.002425,35.2500,36.5500,35.0300,36.2500,35.6000,605335,21582421.9200,3,2.241981,1,1.825800,60.871135,11.082111,9.818036,4.625960,0
2010-11-05,sz.002425,36.1000,36.5500,35.6000,35.8500,36.2500,477690,17204429.2800,3,1.769222,1,-1.103400,60.199454,10.959825,9.709699,4.574915,0
2010-11-08,sz.002425,35.8500,36.8300,35.5900,36.4000,35.8500,794579,28879286.0100,3,2.942885,1,1.534200,61.123016,11.127968,9.858663,4.645102,0
2010-11-09,sz.002425,36.3200,37.6600,36.3200,36.9000,36.4000,1495302,55487875.6700,3,5.538156,1,1.373600,61.962618,11.280824,9.994084,4.708909,0
2010-11-10,sz.002425,37.1800,37.1800,36.3400,37.1700,36.9000,711219,26248696.8100,3,2.634144,1,0.731700,62.416003,11.363367,10.067211,4.743364,0
2010-11-11,sz.002425,37.3000,37.6800,36.3000,36.4000,37.1700,1398242,51535970.0000,3,5.178674,1,-2.071600,61.123016,11.127968,9.858663,4.645102,0
2010-11-12,sz.002425,36.4000,36.5900,33.6900,33.8000,36.4000,1267828,45126516.8700,3,4.695659,1,-7.142900,56.757086,10.333113,9.154473,4.313309,0
2010-11-15,sz.002425,33.8500,36.9000,33.3300,36.8600,33.8000,1125740,39785732.6400,3,4.169407,1,9.053300,61.895449,11.268596,9.983250,4.703804,0
2010-11-16,sz.002425,36.5000,39.0500,36.5000,37.8500,36.8600,1693656,64615162.3700,3,6.272800,1,2.685800,63.557861,11.571252,10.251384,4.830141,0
2010-11-17,sz.002425,37.8500,38.3200,36.4600,36.9300,37.8500,769638,28702228.4200,3,2.850511,1,-2.430600,62.012994,11.289996,10.002209,4.712737,0
2010-11-18,sz.002425,37.3000,38.2000,36.7000,37.9400,36.9300,498117,18596235.3200,3,1.844878,1,2.734900,63.708989,11.598766,10.275760,4.841626,0
2010-11-19,sz.002425,37.9800,38.9800,37.8800,38.7000,37.9400,761256,29303125.4900,3,2.819467,1,2.003200,64.985184,11.831109,10.481600,4.938611,0
2010-11-22,sz.002425,39.9800,41.4200,38.1700,40.7800,38.7000,1142220,45882659.4400,3,4.230444,1,5.374700,68.477928,12.466992,11.044952,5.204046,0
2010-11-23,sz.002425,40.7800,40.7800,40.7800,40.7800,40.7800,0,0.0000,3,,0,0.000000,68.477928,12.466992,11.044952,5.204046,0
2010-11-24,sz.002425,39.8800,42.5000,39.5900,41.1000,40.7800,801051,33342524.4100,3,2.966856,1,0.784700,69.015273,12.564821,11.131622,5.244882,0
2010-11-25,sz.002425,41.1000,41.4900,40.7000,40.9800,41.1000,458372,18826861.6700,3,1.697674,1,-0.292000,68.813769,12.528135,11.099121,5.229568,0
2010-11-26,sz.002425,41.3800,41.3900,40.1500,41.3100,40.9800,386920,15791829.2000,3,1.433037,1,0.805300,69.367906,12.629021,11.188499,5.271681,0
2010-11-29,sz.002425,40.8000,41.5000,40.2500,40.8200,41.3100,378642,15417510.6900,3,1.402378,1,-1.186200,68.545096,12.479221,11.055786,5.209150,0
2010-11-30,sz.002425,40.8200,41.0000,38.3700,38.9500,40.8200,795233,31320689.6700,3,2.945307,1,-4.581100,65.404985,11.907537,10.549311,4.970515,0
2010-12-01,sz.002425,38.9000,41.5000,38.9000,40.2100,38.9500,348107,14020615.2200,3,1.289285,1,3.234900,67.520782,12.292736,10.890572,5.131307,0
2010-12-02,sz.002425,41.0100,41.4500,40.1000,40.8000,40.2100,257672,10419592.1500,3,0.954341,1,1.467300,68.511512,12.473107,11.050369,5.206598,0
2010-12-03,sz.002425,40.9000,40.9900,39.9000,40.7000,40.8000,255942,10339348.6000,3,0.947933,1,-0.245100,68.343592,12.442535,11.023285,5.193837,0
2010-12-06,sz.002425,40.6900,40.6900,39.2100,40.1000,40.7000,159388,6362424.7900,3,0.590326,1,-1.474200,67.336069,12.259107,10.860780,5.117269,0
2010-12-07,sz.002425,40.1000,40.8700,38.9600,40.6000,40.1000,266476,10552584.5200,3,0.986948,1,1.246900,68.175671,12.411964,10.996201,5.181076,0
2010-12-08,sz.002425,40.6700,42.5900,40.1300,42.4700,40.6000,760637,32047188.1800,3,2.817174,1,4.605900,71.315782,12.983648,11.502676,5.419711,0
2010-12-09,sz.002425,42.0000,42.4600,40.8000,40.8000,42.4700,509199,21066683.0900,3,1.885922,1,-3.932200,68.511512,12.473107,11.050369,5.206598,0
2010-12-10,sz.002425,40.5000,41.8000,40.3000,41.4500,40.8000,204122,8395547.9200,3,0.756007,1,1.593100,69.602995,12.671820,11.226417,5.289546,0
2010-12-13,sz.002425,42.2200,42.5000,41.0000,42.2700,41.4500,1486685,62819116.8800,3,5.506241,1,1.978300,70.979942,12.922505,11.448507,5.394189,0
2010-12-14,sz.002425,42.2000,43.4000,42.0000,43.0600,42.2700,544219,23414563.9800,3,2.015626,1,1.868900,72.306513,13.164019,11.662473,5.495003,0
2010-12-15,sz.002425,43.0600,43.4900,42.6100,42.9700,43.0600,315300,13525146.9000,3,1.167778,1,-0.209000,72.155384,13.136505,11.638097,5.483518,0
2010-12-16,sz.002425,43.3700,43.5600,42.3100,42.9800,42.9700,310660,13343934.3700,3,1.150593,1,0.023300,72.172176,13.139562,11.640806,5.484794,0
2010-12-17,sz.002425,42.4300,43.8200,42.4100,43.6000,42.9800,525169,22704498.7000,3,1.945070,1,1.442500,73.213283,13.329104,11.808728,5.563914,0
2010-12-20,sz.002425,43.9000,43.9000,42.4200,43.6000,43.6000,510414,22066833.5400,3,1.890422,1,0.000000,73.213283,13.329104,11.808728,5.563914,0
2010-12-21,sz.002425,43.5400,43.8000,42.3000,42.6700,43.6000,425254,18195616.7600,3,1.575015,1,-2.133000,71.651623,13.044791,11.556844,5.445234,0
2010-12-22,sz.002425,42.4000,42.7900,40.6700,41.2700,42.6700,806615,33366870.7000,3,2.987463,1,-3.281000,69.300738,12.616792,11.177665,5.266576,0
2010-12-23,sz.002425,41.0000,42.5000,40.5500,41.1900,41.2700,335701,13815402.3800,3,1.243337,1,-0.193800,69.166402,12.592335,11.155998,5.256367,0
2010-12-24,sz.002425,40.6200,41.3800,39.0000,40.4000,41.1900,334296,13471203.8500,3,1.238133,1,-1.917900,67.839831,12.350821,10.942032,5.155553,0
2010-12-27,sz.002425,40.8800,41.0400,38.5100,38.9900,40.4000,319175,12699053.0500,3,1.182130,1,-3.490100,65.472153,11.919765,10.560144,4.975619,0
2010-12-28,sz.002425,38.9900,38.9900,37.6100,38.5000,38.9900,235606,9008445.3100,3,0.872615,1,-1.256700,64.649344,11.769966,10.427432,4.913089,0
2010-12-29,sz.002425,38.4900,39.9000,38.4800,39.9000,38.5000,237945,9397442.9100,3,0.881278,1,3.636400,67.000229,12.197965,10.806611,5.091747,0
2010-12-30,sz.002425,39.5100,40.1200,39.4500,39.9200,39.9000,143986,5718087.6000,3,0.533281,1,0.050100,67.033813,12.204079,10.812028,5.094299,0
2010-12-31,sz.002425,39.7000,40.6100,39.6500,40.4600,39.9200,281904,11331894.8600,3,1.044089,1,1.352700,67.940583,12.369164,10.958283,5.163210,0
2011-01-04,sz.002425,40.3700,41.3900,40.0000,40.8000,40.4600,267160,10941319.6500,3,0.989481,1,0.840300,68.511512,12.473107,11.050369,5.206598,0
2011-01-05,sz.002425,40.7100,40.8100,39.8800,40.1500,40.8000,508966,20500208.6600,3,1.885059,1,-1.593100,67.420030,12.274393,10.874322,5.123650,0
2011-01-06,sz.002425,39.9900,41.1500,39.9900,40.2600,40.1500,151917,6116957.1700,3,0.562656,1,0.274000,67.604742,12.308021,10.904114,5.137687,0
2011-01-07,sz.002425,40.1000,41.2800,40.1000,40.7500,40.2600,319048,13086316.2200,3,1.181659,1,1.217100,68.427552,12.457821,11.036827,5.200218,0
2011-01-10,sz.002425,40.6000,41.3000,40.1500,41.2700,40.7500,348731,14276953.1300,3,1.291596,1,1.276100,69.300738,12.616792,11.177665,5.266576,0
2011-01-11,sz.002425,41.1500,41.8000,40.6500,41.0000,41.2700,176770,7271874.7100,3,0.654704,1,-0.654200,68.847353,12.534249,11.104538,5.232121,0
2011-01-12,sz.002425,40.8500,41.0000,39.5000,39.6600,41.0000,374191,14985139.3700,3,1.385893,1,-3.268300,66.597220,12.124593,10.741609,5.061120,0
2011-01-13,sz.002425,39.6600,42.8000,39.0800,42.6000,39.6600,863261,35347997.2800,3,3.197263,1,7.413000,71.534079,13.023391,11.537885,5.436301,0
2011-01-14,sz.002425,42.4000,42.5000,41.2900,42.3900,42.6000,346391,14610676.8700,3,1.282930,1,-0.493000,71.181446,12.959191,11.481009,5.409502,0
2011-01-17,sz.002425,42.3900,43.0000,41.3000,42.2000,42.3900,449890,18942846.0500,3,1.666259,1,-0.448200,70.862397,12.901105,11.429549,5.385256,0
2011-01-18,sz.002425,42.0900,42.0900,41.1800,41.8700,42.2000,177882,7381543.5400,3,0.658822,1,-0.782000,70.308260,12.800220,11.340171,5.343144,0
2011-01-19,sz.002425,42.0000,42.9500,41.4100,42.5000,41.8700,388702,16418941.8700,3,1.439637,1,1.504700,71.366158,12.992819,11.510801,5.423540,0
2011-01-20,sz.002425,42.3500,42.6000,41.3000,41.3000,42.5000,214554,9003158.2000,3,0.794644,1,-2.823500,69.351114,12.625963,11.185790,5.270404,0
2011-01-21,sz.002425,41.0000,41.3600,40.7100,40.7800,41.3000,263859,10825694.5300,3,0.977256,1,-1.259100,68.477928,12.466992,11.044952,5.204046,0
2011-01-24,sz.002425,40.7800,41.6000,40.0000,40.3800,40.7800,312695,12693835.7300,3,1.158130,1,-0.980900,67.806247,12.344707,10.936615,5.153001,0
2011-01-25,sz.002425,40.3800,40.3800,36.3400,36.3400,40.3800,1396556,51674133.3600,3,5.172430,1,-10.005000,61.022263,11.109625,9.842412,4.637446,0
2011-01-26,sz.002425,36.1700,36.3400,34.5000,35.5000,36.3400,659612,23451117.0100,3,2.443007,1,-2.311500,59.611732,10.852826,9.614905,4.530251,0
2011-01-27,sz.002425,35.5400,36.4500,35.5400,35.9500,35.5000,375499,13547962.5100,3,1.390737,1,1.267600,60.367374,10.990397,9.736784,4.587677,0
2011-01-28,sz.002425,35.9500,36.3000,35.3100,36.3000,35.9500,145303,5219381.2800,3,0.538159,1,0.973600,60.955095,11.097396,9.831578,4.632341,0
2011-01-31,sz.002425,36.4000,38.2000,36.4000,38.1900,36.3000,404977,15350909.8400,3,1.499915,1,5.206600,64.128790,11.675195,10.343471,4.873529,0
2011-02-01,sz.002425,37.6800,39.8000,37.6800,39.6300,38.1900,477658,18648619.8800,3,1.769104,1,3.770600,66.546844,12.115422,10.733484,5.057291,0
2011-02-09,sz.002425,39.0900,39.8800,39.0600,39.6200,39.6300,143439,5675008.5800,3,0.531256,1,-0.025200,66.530052,12.112365,10.730775,5.056015,0
2011-02-10,sz.002425,39.6200,40.2900,39.1300,39.2000,39.6200,264144,10484587.7400,3,0.978311,1,-1.060100,65.824786,11.983965,10.617021,5.002418,0
2011-02-11,sz.002425,39.1700,40.3000,39.1700,39.4000,39.2000,536190,21232525.6100,3,1.985889,1,0.510200,66.160627,12.045108,10.671190,5.027940,0
2011-02-14,sz.002425,39.4300,40.5000,39.4300,40.2100,39.4000,419622,16814583.9300,3,1.554156,1,2.055800,67.520782,12.292736,10.890572,5.131307,0
2011-02-15,sz.002425,40.2100,41.4000,39.8500,41.0800,40.2100,537071,21888301.7800,3,1.989152,1,2.163600,68.981689,12.558706,11.126205,5.242330,0
2011-02-16,sz.002425,41.0800,41.0800,40.0000,40.6000,41.0800,455130,18379499.1700,3,1.685667,1,-1.168500,68.175671,12.411964,10.996201,5.181076,0
2011-02-17,sz.002425,40.6000,41.5000,40.0300,41.0800,40.6000,805755,33074873.9000,3,2.984278,1,1.182300,68.981689,12.558706,11.126205,5.242330,0
2011-02-18,sz.002425,41.2600,42.0000,40.8800,41.2700,41.0800,523141,21745878.0000,3,1.937559,1,0.462500,69.300738,12.616792,11.177665,5.266576,0
2011-02-21,sz.002425,41.0000,42.8500,41.0000,42.6000,41.2700,1011568,42605536.5700,3,3.746548,1,3.222700,71.534079,13.023391,11.537885,5.436301,0
2011-02-22,sz.002425,42.7000,44.2000,42.7000,43.7000,42.6000,1144498,50001812.9000,3,4.238881,1,2.582200,73.381203,13.359676,11.835812,5.576675,0
2011-02-23,sz.002425,43.7000,44.0000,43.0700,43.7600,43.7000,393717,17191858.4700,3,1.458211,1,0.137300,73.481955,13.378018,11.852063,5.584332,0
2011-02-24,sz.002425,44.0000,44.1900,43.4500,44.0000,43.7600,535271,23473414.9900,3,1.982485,1,0.548400,73.884964,13.451390,11.917065,5.614959,0
2011-02-25,sz.002425,44.4000,44.4000,43.8300,44.2200,44.0000,913596,40307773.1100,3,3.383689,1,0.500000,74.254389,13.518647,11.976650,5.643034,0
2011-02-28,sz.002425,44.2200,44.4800,41.6500,42.4000,44.2200,1316384,56093802.8200,3,4.875496,1,-4.115800,71.538735,12.079989,15.064375,5.215964,0
2011-03-01,sz.002425,42.4000,42.5800,41.5100,42.2000,42.4000,634192,26615265.5500,3,2.348859,1,-0.471700,71.201289,12.023008,14.993317,5.191360,0
2011-03-02,sz.002425,42.0800,42.8000,41.5300,42.2600,42.2000,411672,17305785.4000,3,1.524711,1,0.142200,71.302523,12.040102,15.014634,5.198741,0
2011-03-03,sz.002425,42.8000,42.8000,41.5000,42.5000,42.2600,412630,17351263.9000,3,1.528259,1,0.567900,71.707459,12.108479,15.099904,5.228266,0
2011-03-04,sz.002425,42.2300,43.5000,42.0000,42.8900,42.5000,569273,24349579.4600,3,2.108419,1,0.917600,72.365480,12.219592,15.238468,5.276243,0
2011-03-07,sz.002425,42.6800,43.1900,42.3600,42.8800,42.8900,252708,10820035.8000,3,0.935956,1,-0.023300,72.348608,12.216743,15.234915,5.275013,0
2011-03-08,sz.002425,42.4400,42.8000,42.1000,42.8000,42.8800,321089,13634557.7300,3,1.189219,1,-0.186600,72.213629,12.193951,15.206492,5.265171,0
2011-03-09,sz.002425,42.6000,42.7900,41.9900,42.5900,42.8000,272299,11534223.5800,3,1.008515,1,-0.490700,71.859310,12.134121,15.131880,5.239337,0
2011-03-10,sz.002425,42.5900,43.1000,42.3100,42.4300,42.5900,508490,21730275.9200,3,1.883296,1,-0.375700,71.589352,12.088536,15.075034,5.219654,0
2011-03-11,sz.002425,42.1000,42.9600,42.1000,42.5400,42.4300,320880,13640456.5000,3,1.188444,1,0.259300,71.774948,12.119876,15.114116,5.233186,0
2011-03-14,sz.002425,42.5300,42.7000,42.1000,42.4200,42.5400,472517,20042527.1200,3,1.750063,1,-0.282100,71.572480,12.085687,15.071481,5.218424,0
2011-03-15,sz.002425,42.2000,42.7200,41.7000,41.9500,42.4200,352966,14864404.1100,3,1.307281,1,-1.108000,70.779480,11.951781,14.904494,5.160606,0
2011-03-16,sz.002425,42.0000,42.7500,41.8000,41.9900,41.9500,208671,8774146.3600,3,0.772856,1,0.095400,70.846969,11.963178,14.918705,5.165526,0
2011-03-17,sz.002425,42.1900,42.1900,41.2100,41.7500,41.9900,303069,12580762.0400,3,1.122478,1,-0.571600,70.442033,11.894800,14.833435,5.136002,0
2011-03-18,sz.002425,41.9000,41.9500,41.3700,41.5200,41.7500,118169,4913789.1900,3,0.437663,1,-0.550900,70.053969,11.829272,14.751718,5.107708,0
2011-03-21,sz.002425,41.5200,41.5200,41.5200,41.5200,41.5200,0,0.0000,3,,0,0.000000,70.053969,11.829272,14.751718,5.107708,0
2011-03-22,sz.002425,41.6000,43.3000,41.3500,42.9900,41.5200,588433,25231140.9200,3,2.179381,1,3.540500,72.534204,12.248083,15.273997,5.288545,0
2011-03-23,sz.002425,43.0000,43.2300,42.8000,42.9700,42.9900,282990,12163517.5900,3,1.048111,1,-0.046500,72.500459,12.242385,15.266891,5.286084,0
2011-03-24,sz.002425,43.5000,43.5000,42.7000,43.0700,42.9700,349759,15035771.9900,3,1.295404,1,0.232700,72.669182,12.270875,15.302421,5.298386,0
2011-03-25,sz.002425,43.0700,43.0700,42.0000,42.3000,43.0700,287068,12143131.0300,3,1.063215,1,-1.787800,71.370012,12.051498,15.028846,5.203662,0
2011-03-28,sz.002425,42.2800,42.2800,41.3000,41.7300,42.3000,306203,12744245.4300,3,1.134085,1,-1.347500,70.408288,11.889102,14.826329,5.133542,0
2011-03-29,sz.002425,41.3500,42.2000,41.3300,41.9800,41.7300,288328,12044056.0800,3,1.067881,1,0.599100,70.830097,11.960328,14.915152,5.164296,0
2011-03-30,sz.002425,41.9800,42.3700,41.7000,42.0100,41.9800,356020,14966286.1100,3,1.318593,1,0.071500,70.880714,11.968876,14.925811,5.167987,0
2011-03-31,sz.002425,42.3900,42.3900,40.4900,40.9200,42.0100,293099,12198715.5100,3,1.085552,1,-2.594600,69.041629,11.658329,14.538543,5.033897,0
2011-04-01,sz.002425,20.6400,20.8000,19.8800,20.7200,20.3900,786570,15840058.1100,3,1.456611,1,1.618400,69.918990,11.806480,14.723295,5.097867,0
2011-04-06,sz.002425,20.6500,20.9900,20.4100,20.7300,20.7200,439131,9087990.6300,3,0.813206,1,0.048300,69.952735,11.812178,14.730401,5.100327,0
2011-04-07,sz.002425,20.5500,20.7900,19.9800,20.2400,20.7300,996329,20233423.7100,3,1.845054,1,-2.363700,68.299246,11.532970,14.382215,4.979769,0
2011-04-08,sz.002425,20.2400,21.2000,20.0000,21.0800,20.2400,1154002,23895405.7000,3,2.137041,1,4.150200,71.133799,12.011611,14.979105,5.186440,0
2011-04-11,sz.002425,21.3300,21.4000,18.9700,20.3500,21.0800,1264794,25727987.8400,3,2.342211,1,-3.463000,68.670437,11.595650,14.460379,5.006833,0
2011-04-12,sz.002425,20.1300,20.3300,19.8000,20.2600,20.3500,438701,8808529.7200,3,0.812409,1,-0.442300,68.366735,11.544367,14.396426,4.984690,0
2011-04-13,sz.002425,19.9100,20.6300,19.9100,20.2300,20.2600,560837,11385959.2600,3,1.038587,1,-0.148100,68.265501,11.527272,14.375109,4.977309,0
2011-04-14,sz.002425,20.3000,21.0200,20.1600,21.0200,20.2300,1151302,23920923.2600,3,2.132041,1,3.905100,70.931331,11.977423,14.936470,5.171677,0
2011-04-15,sz.002425,21.0300,21.1800,20.3000,20.5800,21.0200,461952,9569612.3900,3,0.855467,1,-2.093200,69.446565,11.726706,14.623813,5.063422,0
2011-04-18,sz.002425,20.6500,20.6500,20.2900,20.5200,20.5800,322361,6583931.4700,3,0.596965,1,-0.291500,69.244097,11.692517,14.581178,5.048659,0
2011-04-19,sz.002425,20.6200,20.6200,19.9600,20.2800,20.5200,634671,12802830.0800,3,1.175317,1,-1.169600,68.434224,11.555763,14.410638,4.989611,0
2011-04-20,sz.002425,20.2800,20.3300,20.0800,20.1000,20.2800,437290,8812692.9700,3,0.809796,1,-0.887600,67.826820,11.453197,14.282733,4.945324,0
2011-04-21,sz.002425,20.1500,21.1500,20.1500,20.8800,20.1000,1073609,22421761.7800,3,1.988165,1,3.880600,70.458905,11.897649,14.836988,5.137232,0
2011-04-22,sz.002425,20.8800,21.5800,20.6200,21.3500,20.8800,1827091,38904649.6900,3,3.383502,1,2.251000,72.044906,12.165460,15.170963,5.252869,0
2011-04-25,sz.002425,21.3900,21.3900,20.6800,20.9900,21.3500,645038,13487291.4700,3,1.194515,1,-1.686200,70.830097,11.960328,14.915152,5.164296,0
2011-04-26,sz.002425,20.9900,20.9900,20.3000,20.7700,20.9900,489259,10062882.4100,3,0.906035,1,-1.048100,70.087714,11.834970,14.758824,5.110168,0
2011-04-27,sz.002425,20.7700,20.7700,20.7700,20.7700,20.7700,0,0.0000,3,,0,0.000000,70.087714,11.834970,14.758824,5.110168,0
2011-04-28,sz.002425,20.7700,20.7700,19.2900,19.2900,20.7700,784195,15680619.3700,3,1.452213,1,-7.125700,65.093500,10.991650,13.707160,4.746035,0
2011-04-29,sz.002425,19.3000,20.0000,19.3000,19.5000,19.2900,497775,9689605.1000,3,0.921806,1,1.088600,61.369681,10.406668,16.178266,4.779393,0
2011-05-03,sz.002425,19.5500,19.5900,19.2000,19.5800,19.5000,306759,5936591.0200,3,0.568072,1,0.410300,61.621454,10.449362,16.244639,4.799001,0
2011-05-04,sz.002425,19.5800,19.5800,18.5000,19.0800,19.5800,374100,7137182.0000,3,0.692778,1,-2.553600,60.047873,10.182524,15.829812,4.676452,0
2011-05-05,sz.002425,18.5500,19.3400,18.5300,19.1500,19.0800,170220,3245468.5800,3,0.315222,1,0.366900,60.268174,10.219881,15.887887,4.693609,0
2011-05-06,sz.002425,19.0000,19.1400,18.9100,19.1000,19.1500,202600,3859145.0200,3,0.375185,1,-0.261100,60.110816,10.193198,15.846405,4.681354,0
2011-05-09,sz.002425,19.3700,19.3800,18.9400,19.1000,19.1000,107360,2053617.0000,3,0.198815,1,0.000000,60.110816,10.193198,15.846405,4.681354,0
2011-05-10,sz.002425,19.2200,21.0100,19.2200,20.9100,19.1000,2738913,56776830.6000,3,5.072061,1,9.476400,65.807181,11.159150,17.348080,5.124980,0
2011-05-11,sz.002425,20.7000,21.2000,20.0000,20.8800,20.9100,1299518,26860207.6200,3,2.406515,1,-0.143500,65.712766,11.143140,17.323190,5.117627,0
2011-05-12,sz.002425,20.8700,20.9800,20.5000,20.5100,20.8800,607984,12598004.5100,3,1.125896,1,-1.772000,64.548316,10.945680,17.016218,5.026941,0
2011-05-13,sz.002425,20.4000,20.9900,20.2000,20.7000,20.5100,586984,12098553.1700,3,1.087007,1,0.926400,65.146277,11.047078,17.173852,5.073510,0
2011-05-16,sz.002425,20.8400,20.9200,20.3000,20.4500,20.7000,383053,7901179.0000,3,0.709357,1,-1.207700,64.359486,10.913659,16.966438,5.012235,0
2011-05-17,sz.002425,20.3900,20.4300,20.0500,20.3500,20.4500,382942,7739813.5200,3,0.709152,1,-0.489000,64.044770,10.860292,16.883473,4.987726,0
2011-05-18,sz.002425,20.0900,20.5500,20.0000,20.5500,20.3500,397617,8081000.4800,3,0.736328,1,0.982800,64.674202,10.967027,17.049404,5.036745,0
2011-05-19,sz.002425,20.5800,21.1800,20.5500,21.0000,20.5500,1169743,24539316.5200,3,2.166191,1,2.189800,66.090426,11.207181,17.422749,5.147039,0
2011-05-20,sz.002425,20.9800,21.5000,20.7000,21.3200,21.0000,1021387,21758363.3800,3,1.891457,1,1.523800,67.097518,11.377957,17.688238,5.225470,0
2011-05-23,sz.002425,21.2900,21.5000,20.6200,20.7000,21.3200,854513,18034752.1700,3,1.582431,1,-2.908100,65.146277,11.047078,17.173852,5.073510,0
2011-05-24,sz.002425,20.6100,20.8400,19.6900,20.7800,20.7000,487680,9897285.3400,3,0.903111,1,0.386500,65.398050,11.089772,17.240225,5.093117,0
2011-05-25,sz.002425,20.7500,21.1600,20.3800,20.7700,20.7800,518601,10775219.9000,3,0.960372,1,-0.048100,65.366578,11.084435,17.231928,5.090666,0
2011-05-26,sz.002425,20.3500,21.0000,20.3200,20.5500,20.7700,334563,6917396.2900,3,0.619561,1,-1.059200,64.674202,10.967027,17.049404,5.036745,0
2011-05-27,sz.002425,20.5900,20.5900,19.7200,20.2900,20.5500,379058,7637755.9400,3,0.701959,1,-1.265200,63.855940,10.828271,16.833694,4.973020,0
2011-05-30,sz.002425,20.0200,20.3900,19.5100,20.1400,20.2900,333854,6689896.2800,3,0.618248,1,-0.739300,63.383866,10.748220,16.709246,4.936255,0
2011-05-31,sz.002425,20.1400,20.3900,19.9300,20.3900,20.1400,327440,6626469.8700,3,0.606370,1,1.241300,64.170656,10.881639,16.916659,4.997529,0
2011-06-01,sz.002425,20.5000,20.5000,20.3000,20.4800,20.3900,232801,4753536.2700,3,0.431113,1,0.441400,64.453901,10.929670,16.991328,5.019588,0
2011-06-02,sz.002425,20.1500,20.3900,19.9100,20.2100,20.4800,442785,8913678.9500,3,0.819972,1,-1.318400,63.604167,10.785577,16.767321,4.953412,0
2011-06-03,sz.002425,20.2000,20.3100,19.9000,20.3000,20.2100,306113,6170846.8700,3,0.566876,1,0.445300,63.887412,10.833608,16.841990,4.975471,0
2011-06-07,sz.002425,20.3800,21.1800,20.0000,21.0000,20.3000,982708,20292786.6700,3,1.819830,1,3.448300,66.090426,11.207181,17.422749,5.147039,0
2011-06-08,sz.002425,21.0000,21.1300,20.6700,20.9600,21.0000,725471,15150436.8400,3,1.304804,1,-0.190500,65.964539,11.185834,17.389562,5.137235,0
2011-06-09,sz.002425,20.9600,21.0100,20.7000,20.7000,20.9600,405012,8455445.7000,3,0.728439,1,-1.240500,65.146277,11.047078,17.173852,5.073510,0
2011-06-10,sz.002425,20.6500,20.8800,20.0000,20.5100,20.7000,468602,9565704.6800,3,0.842809,1,-0.917900,64.548316,10.945680,17.016218,5.026941,0
2011-06-13,sz.002425,20.5400,20.5400,20.0200,20.3800,20.5100,215737,4366518.1600,3,0.388016,1,-0.633800,64.139185,10.876302,16.908363,4.995078,0
2011-06-14,sz.002425,20.3800,20.9000,20.3800,20.6400,20.3800,266217,5493501.3600,3,0.478808,1,1.275800,64.957447,11.015058,17.124073,5.058804,0
2011-06-15,sz.002425,20.3100,20.6300,19.9000,20.2600,20.6400,847067,17053673.1700,3,1.523502,1,-1.841100,63.761525,10.812261,16.808804,4.965667,0
2011-06-16,sz.002425,20.0000,20.2100,19.9400,19.9500,20.2600,236733,4734081.5000,3,0.425779,1,-1.530100,62.785905,10.646822,16.551611,4.889687,0
2011-06-17,sz.002425,19.9000,20.2000,19.7000,19.9800,19.9500,325621,6511423.8500,3,0.585649,1,0.150400,62.880319,10.662832,16.576501,4.897040,0
2011-06-20,sz.002425,19.5100,20.0000,19.5100,19.9700,19.9800,193566,3829274.7400,3,0.348140,1,-0.050100,62.848848,10.657495,16.568204,4.894589,0
2011-06-21,sz.002425,20.0000,20.1000,19.8000,19.8700,19.9700,263947,5258899.3700,3,0.474725,1,-0.500800,62.534132,10.604128,16.485239,4.870079,0
2011-06-22,sz.002425,19.8700,20.4400,19.8700,20.0600,19.8700,166820,3359791.7500,3,0.300036,1,0.956200,63.132093,10.705526,16.642873,4.916647,0
2011-06-23,sz.002425,20.0100,20.4800,20.0100,20.4800,20.0600,323574,6577473.8900,3,0.581968,1,2.093700,64.453901,10.929670,16.991328,5.019588,0
2011-06-24,sz.002425,21.9200,21.9200,20.2600,20.5700,20.4800,1864585,38723689.2000,3,3.353570,1,0.439500,64.737146,10.977700,17.065997,5.041647,0
2011-06-27,sz.002425,20.3000,20.7400,20.2600,20.5000,20.5700,729184,14882591.2200,3,1.311482,1,-0.340300,64.516844,10.940343,17.007921,5.024490,0
2011-06-28,sz.002425,20.5900,20.5900,20.1600,20.2800,20.5000,473519,9612579.7100,3,0.851653,1,-1.073200,63.824468,10.822934,16.825397,4.970569,0
2011-06-29,sz.002425,20.2800,20.3000,20.0100,20.2300,20.2800,348507,7011220.5200,3,0.626811,1,-0.246500,63.667110,10.796251,16.783914,4.958314,0
2011-06-30,sz.002425,20.0100,20.3500,20.0100,20.2800,20.2300,712824,14408810.7600,3,1.282058,1,0.247200,63.824468,10.822934,16.825397,4.970569,0
2011-07-01,sz.002425,20.3300,20.5400,20.2000,20.3300,20.2800,443100,9013701.0700,3,0.796942,1,0.246500,63.981827,10.849618,16.866880,4.982824,0
2011-07-04,sz.002425,20.4200,20.7200,20.3300,20.5800,20.3300,924490,19008255.2900,3,1.662752,1,1.229700,64.768617,10.983037,17.074294,5.044098,0
2011-07-05,sz.002425,20.7800,20.8400,20.0000,20.5500,20.5800,720597,14869249.7800,3,1.296038,1,-0.145800,64.674202,10.967027,17.049404,5.036745,0
2011-07-06,sz.002425,20.4000,20.6000,20.2000,20.5800,20.5500,660917,13467963.1500,3,1.188700,1,0.146000,64.768617,10.983037,17.074294,5.044098,0
2011-07-07,sz.002425,20.6000,21.0000,20.4900,20.9100,20.5800,1492116,31050262.9600,3,2.683662,1,1.603500,65.807181,11.159150,17.348080,5.124980,0
2011-07-08,sz.002425,20.8400,20.8500,20.2000,20.3000,20.9100,744649,15248449.1900,3,1.339297,1,-2.917267,63.887412,10.833608,16.841990,4.975471,0
2011-07-11,sz.002425,20.2000,20.2800,19.9800,20.2500,20.3000,720721,14498438.0300,3,1.296261,1,-0.246300,63.730054,10.806924,16.800508,4.963216,0
2011-07-12,sz.002425,20.2400,20.2400,19.9600,19.9900,20.2500,503071,10069813.3600,3,0.904804,1,-1.284000,62.911791,10.668169,16.584797,4.899491,0
2011-07-13,sz.002425,19.9800,20.2500,19.9200,20.0900,19.9900,750000,15049578.7300,3,1.348921,1,0.500300,63.226507,10.721536,16.667763,4.924000,0
2011-07-14,sz.002425,20.0800,20.1800,19.7900,20.0800,20.0900,691456,13831042.9500,3,1.243626,1,-0.049800,63.195036,10.716199,16.659466,4.921549,0
2011-07-15,sz.002425,20.0900,20.1700,19.9000,20.1500,20.0800,593900,11922733.3900,3,1.068165,1,0.348600,63.415337,10.753557,16.717542,4.938706,0
2011-07-18,sz.002425,20.1500,20.3900,20.0000,20.1100,20.1500,1055770,21261771.9200,3,1.898867,1,-0.198500,63.289451,10.732210,16.684356,4.928902,0
2011-07-19,sz.002425,20.1100,21.9900,19.9800,21.5200,20.1100,9716238,206679759.3000,3,17.475248,1,7.011400,67.726951,11.484692,17.854169,5.274489,0
2011-07-20,sz.002425,21.1800,21.4000,20.0400,20.4000,21.5200,10099678,208602564.7200,3,18.164888,1,-5.204500,64.202128,10.886976,16.924956,4.999980,0
2011-07-21,sz.002425,20.3000,20.3000,19.3000,19.4500,20.4000,5244953,102930645.3200,3,9.433369,1,-4.656900,61.212323,10.379984,16.136784,4.767138,0
2011-07-22,sz.002425,19.4600,19.6800,19.2000,19.5000,19.4500,2143782,41808441.2100,3,3.855723,1,0.257100,61.369681,10.406668,16.178266,4.779393,0
2011-07-25,sz.002425,19.5000,19.5000,17.6000,17.6600,19.5000,3661723,67092690.3300,3,6.585833,1,-9.435900,55.578901,9.424705,14.651702,4.328414,0
2011-07-26,sz.002425,17.5500,18.3900,16.8100,18.0600,17.6600,2405106,42738536.3600,3,4.325730,1,2.265000,56.837766,9.638175,14.983564,4.426453,0
2011-07-27,sz.002425,18.0400,18.1000,17.0000,17.7800,18.0600,2430230,43091540.6000,3,4.370917,1,-1.550400,55.956561,9.488746,14.751260,4.357826,0
2011-07-28,sz.002425,17.5900,17.5900,17.1300,17.3000,17.7800,1781717,30796468.1400,3,3.204527,1,-2.699700,54.445922,9.232582,14.353026,4.240179,0
2011-07-29,sz.002425,17.3900,17.5700,17.0500,17.1300,17.3000,1287129,22237791.9600,3,2.314980,1,-0.982700,54.105717,9.337199,-10.954684,4.136883,0
2011-08-01,sz.002425,17.0200,17.6100,17.0000,17.3600,17.1300,1330629,23012202.8300,3,2.393218,1,1.342700,54.832181,9.462567,-11.101770,4.192428,0
2011-08-02,sz.002425,17.3500,17.3600,16.6300,16.8600,17.3600,1608789,27125789.1000,3,2.893505,1,-2.880200,53.252913,9.190028,-10.782019,4.071678,0
2011-08-03,sz.002425,16.5700,16.9300,16.3900,16.6800,16.8600,928723,15499464.6500,3,1.670365,1,-1.067600,52.684376,9.091913,-10.666908,4.028208,0
2011-08-04,sz.002425,16.7000,17.1800,16.6800,17.0400,16.6800,1341749,22702088.8000,3,2.413218,1,2.158300,53.821449,9.288142,-10.897129,4.115148,0
2011-08-05,sz.002425,16.6300,16.6300,16.0500,16.3000,17.0400,1568159,25731273.4300,3,2.820430,1,-4.342700,51.484133,8.884783,-10.423897,3.936439,0
2011-08-08,sz.002425,15.9000,16.1000,14.8000,15.1100,16.3000,2090617,32124800.2500,3,3.760103,1,-7.300600,47.725475,8.236140,-9.662889,3.649054,0
2011-08-09,sz.002425,14.4000,15.0100,14.0100,15.0100,15.1100,1649299,23899325.1400,3,2.966365,1,-0.661800,47.409622,8.181632,-9.598938,3.624904,0
2011-08-10,sz.002425,15.1500,15.7000,15.0100,15.0500,15.0100,986957,15109265.6600,3,1.775103,1,0.266500,47.535963,8.203435,-9.624518,3.634564,0
2011-08-11,sz.002425,14.4900,15.3000,14.3300,15.0900,15.0500,1630552,24324289.8300,3,2.932647,1,0.265800,47.662304,8.225238,-9.650099,3.644224,0
2011-08-12,sz.002425,15.2400,15.3900,15.0000,15.1000,15.0900,2033111,30944934.1000,3,3.656674,1,0.066300,47.693890,8.230689,-9.656494,3.646639,0
2011-08-15,sz.002425,15.1400,15.5900,14.9000,15.4300,15.1000,1674741,25659852.9200,3,3.012124,1,2.185400,48.736207,8.410565,-9.867530,3.726334,0
2011-08-16,sz.002425,15.6000,15.8700,15.3100,15.5900,15.4300,1558064,24307687.1200,3,2.802273,1,1.036900,49.241572,8.497778,-9.969850,3.764974,0
2011-08-17,sz.002425,15.5900,15.8900,15.4800,15.5400,15.5900,1254863,19673443.9300,3,2.256948,1,-0.320700,49.083645,8.470524,-9.937875,3.752899,0
2011-08-18,sz.002425,15.4000,15.4500,14.7500,14.7600,15.5400,1891815,28431983.7400,3,3.402545,1,-5.019300,46.619988,8.045362,-9.439063,3.564530,0
2011-08-19,sz.002425,14.1500,14.5600,14.0700,14.4300,14.7600,1040389,14974104.0900,3,1.871203,1,-2.235800,45.577671,7.865486,-9.228027,3.484835,0
2011-08-22,sz.002425,14.3400,14.6800,14.0100,14.4000,14.4300,1067932,15338731.3800,3,1.920741,1,-0.207900,45.482915,7.849134,-9.208842,3.477590,0
2011-08-23,sz.002425,14.3900,14.5100,14.3000,14.5000,14.4000,1140138,16446591.3700,3,2.050608,1,0.694400,45.798768,7.903642,-9.272792,3.501740,0
2011-08-24,sz.002425,14.5400,14.9500,14.5000,14.5800,14.5000,1469404,21580163.9000,3,2.642813,1,0.551700,46.051451,7.947248,-9.323952,3.521060,0
2011-08-25,sz.002425,14.6200,14.9000,14.5000,14.8900,14.5800,1474964,21751314.6000,3,2.652813,1,2.126200,47.030597,8.116222,-9.522198,3.595925,0
2011-08-26,sz.002425,14.8700,14.9600,14.7000,14.8700,14.8900,1221165,18111357.1300,3,2.196340,1,-0.134321,46.967427,8.105321,-9.509408,3.591095,0
2011-08-29,sz.002425,14.7200,14.8400,14.6000,14.6100,14.8700,1017279,14941668.7200,3,1.829638,1,-1.748500,46.146207,7.963600,-9.343137,3.528305,0
2011-08-30,sz.002425,14.7200,14.8600,14.3000,14.3700,14.6100,1229140,17999952.5600,3,2.210683,1,-1.642700,45.388159,7.832781,-9.189656,3.470345,0
2011-08-31,sz.002425,14.3500,14.4500,14.0500,14.1800,14.3700,1664064,23681358.3100,3,2.992921,1,-1.322200,44.788037,7.729217,-9.068151,3.424460,0
2011-09-01,sz.002425,14.2000,14.4700,14.0800,14.1100,14.1800,1172850,16695387.8300,3,2.109442,1,-0.493700,44.566939,7.691061,-9.023386,3.407555,0
2011-09-02,sz.002425,13.9000,14.0700,13.6000,13.8800,14.1100,1715086,23583045.4300,3,3.084687,1,-1.630000,43.840476,7.565693,-8.876300,3.352010,0
2011-09-05,sz.002425,13.7000,13.9200,13.3000,13.5500,13.8800,1353238,18317983.7700,3,2.433881,1,-2.377500,42.798159,7.385817,-8.665264,3.272315,0
2011-09-06,sz.002425,13.4000,13.6600,13.3000,13.4700,13.5500,1005979,13551185.0200,3,1.809315,1,-0.590400,42.545476,7.342211,-8.614104,3.252996,0
2011-09-07,sz.002425,13.5100,13.7600,13.4000,13.7400,13.4700,1492161,20268977.4900,3,2.683743,1,2.004500,43.398281,7.489382,-8.786770,3.318200,0
2011-09-08,sz.002425,13.8800,13.8800,13.4300,13.4300,13.7400,895593,12195329.0900,3,1.610779,1,-2.256182,42.419135,7.320407,-8.588524,3.243336,0
2011-09-09,sz.002425,13.3000,13.5400,12.9600,13.2900,13.4300,2172796,28610617.9300,3,3.907906,1,-1.042400,41.976940,7.244096,-8.498993,3.209526,0
2011-09-13,sz.002425,12.9800,13.1500,12.4500,13.0600,13.2900,2001919,25557991.2500,3,3.600574,1,-1.730600,41.250477,7.118728,-8.351908,3.153981,0
2011-09-14,sz.002425,12.9600,13.0000,12.5900,12.9800,13.0600,1242490,15950188.9500,3,2.234694,1,-0.612600,40.997794,7.075122,-8.300747,3.134661,0
2011-09-15,sz.002425,13.0500,13.2500,12.9300,13.1100,12.9800,1490819,19598444.0000,3,2.681329,1,1.001500,41.408404,7.145982,-8.383883,3.166056,0
2011-09-16,sz.002425,13.1200,13.2300,12.8600,12.9300,13.1100,1223732,15931119.3200,3,2.200957,1,-1.373000,40.839867,7.047868,-8.268772,3.122586,0
2011-09-19,sz.002425,12.8000,12.8900,12.6100,12.8300,12.9300,820210,10433198.7200,3,1.475198,1,-0.773400,40.524014,6.993360,-8.204822,3.098436,0
2011-09-20,sz.002425,12.7400,12.9400,12.6500,12.8700,12.8300,761726,9769959.2900,3,1.370011,1,0.311800,40.650355,7.015163,-8.230402,3.108096,0
2011-09-21,sz.002425,12.8400,13.3800,12.6700,13.2900,12.8700,1710420,22316862.7600,3,3.076295,1,3.263400,41.976940,7.244096,-8.498993,3.209526,0
2011-09-22,sz.002425,13.0500,13.2400,12.6900,12.7400,13.2900,1748747,22684545.1600,3,3.145228,1,-4.138500,40.239745,6.944303,-8.147267,3.076701,0
2011-09-23,sz.002425,12.4600,12.7100,12.0100,12.5900,12.7400,1539112,19018698.1300,3,2.768187,1,-1.177400,39.765965,6.862541,-8.051341,3.040476,0
2011-09-26,sz.002425,12.3900,12.5800,12.1000,12.1400,12.5900,1613078,19782651.6600,3,2.901219,1,-3.574300,38.344624,6.617256,-7.763565,2.931801,0
2011-09-27,sz.002425,12.2000,12.4000,12.1400,12.2700,12.1400,783567,9594603.7700,3,1.409293,1,1.070800,38.755234,6.688116,-7.846700,2.963196,0
2011-09-28,sz.002425,12.3000,12.3800,12.1100,12.2100,12.2700,791442,9693929.6200,3,1.423457,1,-0.489000,38.565721,6.655411,-7.808330,2.948706,0
2011-09-29,sz.002425,12.1700,12.1700,11.5700,11.6000,12.2100,1193726,14037312.9300,3,2.146989,1,-4.995900,36.639015,6.322913,-7.418233,2.801392,0
2011-09-30,sz.002425,11.6000,11.7400,11.4500,11.5800,11.6000,773942,8955606.9000,3,1.391982,1,-0.172400,36.575844,6.312012,-7.405443,2.796562,0
2011-10-10,sz.002425,11.6800,11.6800,11.4600,11.5200,11.5800,551214,6367975.6900,3,0.991392,1,-0.518100,36.386332,6.279307,-7.367073,2.782072,0
2011-10-11,sz.002425,11.7800,12.0300,11.4000,11.5400,11.5200,882814,10411519.4200,3,1.587795,1,0.173600,36.449503,6.290209,-7.379863,2.786902,0
2011-10-12,sz.002425,11.3500,11.9900,11.3100,11.9500,11.5400,1220063,14421586.8000,3,2.194358,1,3.552900,37.744502,6.513691,-7.642059,2.885917,0
2011-10-13,sz.002425,11.9400,12.2000,11.8300,12.0500,11.9500,1893391,22825609.1800,3,3.405379,1,0.836800,38.060356,6.568199,-7.706010,2.910067,0
2011-10-14,sz.002425,12.0900,12.9900,12.0200,12.7100,12.0500,4699448,59134479.9600,3,8.452245,1,5.477200,40.144989,6.927951,-8.128082,3.069456,0
2011-10-17,sz.002425,12.6500,12.8200,12.4800,12.7300,12.7100,2724684,34421340.7500,3,4.900511,1,0.157400,40.208160,6.938852,-8.140872,3.074286,0
2011-10-18,sz.002425,12.5900,12.5900,12.0100,12.0100,12.7300,1850433,22699443.7200,3,3.328117,1,-5.655900,37.934014,6.546396,-7.680430,2.900407,0
2011-10-19,sz.002425,12.0100,12.3700,12.0000,12.0900,12.0100,1199425,14570541.3000,3,2.157239,1,0.666100,38.186697,6.590002,-7.731590,2.919726,0
2011-10-20,sz.002425,12.0800,12.0800,11.4600,11.5500,12.0900,1315809,15270137.9600,3,2.366563,1,-4.466500,36.481088,6.295659,-7.386258,2.789317,0
2011-10-21,sz.002425,11.3700,11.6700,11.3500,11.4500,11.5500,719407,8277194.8200,3,1.293897,1,-0.865800,36.165234,6.241152,-7.322308,2.765167,0
2011-10-24,sz.002425,11.4600,11.8200,11.3100,11.7500,11.4500,1102740,12800915.3100,3,1.983345,1,2.620100,37.112795,6.404675,-7.514159,2.837617,0
2011-10-25,sz.002425,11.7500,12.1500,11.6800,12.0200,11.7500,1696517,20265350.2400,3,3.051290,1,2.297900,37.965600,6.551846,-7.686825,2.902822,0
2011-10-26,sz.002425,11.9300,12.1300,11.9000,11.9800,12.0200,1925431,23170912.6200,3,3.463005,1,-0.332800,37.839258,6.530043,-7.661245,2.893162,0
2011-10-27,sz.002425,11.9200,12.2300,11.9100,12.2300,11.9800,2703691,32658747.5000,3,4.862754,1,2.086800,38.890511,6.425849,-10.150090,2.927069,0
2011-10-28,sz.002425,12.3500,12.4700,12.1200,12.4200,12.2300,3533432,43364864.9900,3,6.355094,1,1.553600,39.494697,6.525678,-10.307777,2.972542,0
2011-10-31,sz.002425,12.3500,12.4800,12.2200,12.3000,12.4200,2359936,29104034.1200,3,4.244489,1,-0.966200,39.113106,6.462628,-10.208185,2.943822,0
2011-11-01,sz.002425,12.2100,12.4100,12.1300,12.3400,12.3000,2811745,34461713.5100,3,5.057095,1,0.325200,39.240303,6.483645,-10.241383,2.953395,0
2011-11-02,sz.002425,12.1500,12.6000,11.9000,12.5500,12.3400,3439615,42016787.6600,3,6.186358,1,1.701800,39.908088,6.593983,-10.415669,3.003656,0
2011-11-03,sz.002425,12.5000,13.0900,12.4900,12.7300,12.5500,5763598,73932763.7500,3,10.366183,1,1.434300,40.480475,6.688558,-10.565057,3.046736,0
2011-11-04,sz.002425,12.7300,12.9800,12.5600,12.7600,12.7300,3144378,40127991.8300,3,5.655356,1,0.235700,40.575872,6.704320,-10.589955,3.053916,0
2011-11-07,sz.002425,12.8000,12.8200,12.5800,12.7300,12.7600,2531390,32052509.5400,3,4.552860,1,-0.235100,40.480475,6.688558,-10.565057,3.046736,0
2011-11-08,sz.002425,12.7000,12.7500,12.2800,12.3500,12.7300,2549770,31824574.6900,3,4.585917,1,-2.985100,39.272102,6.488899,-10.249682,2.955789,0
2011-11-09,sz.002425,12.4100,12.6600,12.2700,12.6500,12.3500,2585693,32323401.7400,3,4.650527,1,2.429100,40.226080,6.646524,-10.498662,3.027589,0
2011-11-10,sz.002425,12.4600,12.5700,12.2700,12.3500,12.6500,2438140,30257971.0200,3,4.385144,1,-2.371500,39.272102,6.488899,-10.249682,2.955789,0
2011-11-11,sz.002425,12.4000,12.7200,12.3600,12.5200,12.3500,2544493,31878003.5900,3,4.576426,1,1.376500,39.812690,6.578220,-10.390771,2.996476,0
2011-11-14,sz.002425,12.7000,12.9900,12.6000,12.9500,12.5200,3853890,49441420.6800,3,6.931457,1,3.434500,41.180059,6.804149,-10.747642,3.099390,0
2011-11-15,sz.002425,12.9000,13.2200,12.7800,13.2000,12.9500,3942434,51236590.6200,3,7.090709,1,1.930500,41.975040,6.935504,-10.955126,3.159224,0
2011-11-16,sz.002425,13.3600,13.7400,12.7500,12.8200,13.2000,5805267,76807924.4900,3,10.441128,1,-2.878800,40.766668,6.735845,-10.639751,3.068276,0
2011-11-17,sz.002425,12.8200,12.9500,12.5000,12.6500,12.8200,2419743,30805108.2500,3,4.352056,1,-1.326100,40.226080,6.646524,-10.498662,3.027589,0
2011-11-18,sz.002425,12.6100,12.6100,11.9100,12.0500,12.6500,2250941,27523718.5700,3,4.048455,1,-4.743100,38.318124,6.331274,-10.000702,2.883988,0
2011-11-21,sz.002425,12.3600,12.3600,11.9600,12.2100,12.0500,1082416,13133188.9800,3,1.946791,1,1.327800,38.826912,6.415341,-10.133491,2.922282,0
2011-11-22,sz.002425,12.1200,12.4300,12.0300,12.4100,12.2100,1512912,18577640.6700,3,2.721065,1,1.638000,39.462898,6.520424,-10.299478,2.970149,0
2011-11-23,sz.002425,12.4400,12.4800,11.9700,12.1200,12.4100,1116161,13605837.9600,3,2.007484,1,-2.336800,38.540719,6.368053,-10.058797,2.900742,0
2011-11-24,sz.002425,11.8500,11.8800,11.5300,11.7500,12.1200,1847721,21645750.2800,3,3.323239,1,-3.052800,37.364146,6.173649,-9.751722,2.812188,0
2011-11-25,sz.002425,11.7300,11.9000,11.6100,11.7500,11.7500,961704,11297751.9700,3,1.729683,1,0.000000,37.364146,6.173649,-9.751722,2.812188,0
2011-11-28,sz.002425,11.7000,11.8600,11.6600,11.8200,11.7500,725803,8548677.3500,3,1.305401,1,0.595700,37.586741,6.210428,-9.809817,2.828941,0
2011-11-29,sz.002425,11.8100,12.1000,11.7900,12.0600,11.8200,1333514,15936692.6000,3,2.398406,1,2.030500,38.349923,6.336528,-10.009001,2.886382,0
2011-11-30,sz.002425,12.0000,12.0200,11.2200,11.3000,12.0600,1640290,19028063.3500,3,2.950162,1,-6.301800,35.933179,5.937211,-9.378252,2.704487,0
2011-12-01,sz.002425,11.8000,11.8100,11.4700,11.5000,11.3000,1429730,16613854.6600,3,2.571457,1,1.769900,36.569164,6.042295,-9.544238,2.752354,0
2011-12-02,sz.002425,11.3400,11.5600,11.1100,11.3000,11.5000,1046637,11785615.9900,3,1.882441,1,-1.739100,35.933179,5.937211,-9.378252,2.704487,0
2011-12-05,sz.002425,11.3100,11.3200,10.8200,11.0000,11.3000,753017,8255133.4500,3,1.354347,1,-2.654900,34.979200,5.779586,-9.129271,2.632686,0
2011-12-06,sz.002425,10.8400,11.0500,10.8000,10.9900,11.0000,971498,10589505.9300,3,1.747299,1,-0.090900,34.947401,5.774332,-9.120972,2.630293,0
2011-12-07,sz.002425,10.9800,11.2900,10.9300,11.0300,10.9900,600789,6655646.2700,3,1.080556,1,0.364000,35.074598,5.795349,-9.154169,2.639866,0
2011-12-08,sz.002425,11.0800,11.2000,10.8100,11.0100,11.0300,629578,6910317.7100,3,1.132335,1,-0.181300,35.011000,5.784841,-9.137571,2.635080,0
2011-12-09,sz.002425,10.9800,11.0100,10.8100,10.8500,11.0100,586049,6380527.5200,3,1.054045,1,-1.453200,34.502211,5.700774,-9.004781,2.596786,0
2011-12-12,sz.002425,10.8500,10.9300,10.6300,10.6600,10.8500,521964,5622839.5300,3,0.938784,1,-1.751200,33.898025,5.600945,-8.847094,2.551312,0
2011-12-13,sz.002425,10.6000,10.6000,10.0600,10.0600,10.6600,940960,9628663.5400,3,1.692374,1,-5.628500,31.990069,5.285694,-8.349134,2.407711,0
2011-12-14,sz.002425,10.0000,10.0400,9.6500,9.7200,10.0600,903159,8882649.2100,3,1.624387,1,-3.379700,30.908893,5.107053,-8.066956,2.326337,0
2011-12-15,sz.002425,9.5900,9.5900,9.0500,9.0500,9.7200,1463747,13595163.2600,3,2.632638,1,-6.893000,28.778342,4.755023,-7.510901,2.165983,0
2011-12-16,sz.002425,9.0300,9.2800,8.9200,9.2800,9.0500,1164735,10611502.4200,3,2.094847,1,2.541400,29.509725,4.875869,-7.701785,2.221030,0
2011-12-19,sz.002425,9.2000,9.2000,8.8100,9.1000,9.2800,1099902,9912981.4800,3,1.978241,1,-1.939700,28.937339,4.781294,-7.552397,2.177950,0
2011-12-20,sz.002425,9.0900,9.3000,9.0200,9.1300,9.1000,1116434,10226090.9000,3,2.007975,1,0.329700,29.032736,4.797057,-7.577295,2.185130,0
2011-12-21,sz.002425,9.2100,9.3100,8.9400,8.9400,9.1300,1185562,10852156.7800,3,2.132306,1,-2.081100,28.428550,4.697227,-7.419608,2.139656,0
2011-12-22,sz.002425,8.8500,8.8500,8.3100,8.7400,8.9400,1457693,12529114.9600,3,2.621750,1,-2.237100,27.792565,4.592144,-7.253621,2.091789,0
2011-12-23,sz.002425,8.5700,8.9100,8.5700,8.7800,8.7400,876046,7710660.3200,3,1.575622,1,0.457700,27.919762,4.613161,-7.286818,2.101362,0
2011-12-26,sz.002425,8.6600,8.8800,8.5700,8.6000,8.7800,639100,5585111.5400,3,1.149460,1,-2.050100,27.347375,4.518586,-7.137430,2.058282,0
2011-12-27,sz.002425,8.4500,8.5700,8.1800,8.1800,8.6000,844866,7092426.1400,3,1.519543,1,-4.883700,26.011805,4.297911,-6.788858,1.957761,0
2011-12-28,sz.002425,8.1500,8.1600,7.7400,7.9500,8.1800,1903033,14949897.6600,3,3.422721,1,-2.811700,25.280422,4.177065,-6.597973,1.902714,0
2011-12-29,sz.002425,7.8800,8.1000,7.8200,8.0200,7.9500,1145803,9120918.0300,3,2.060797,1,0.880500,25.503017,4.213844,-6.656069,1.919468,0
2011-12-30,sz.002425,8.0200,8.1800,8.0000,8.1000,8.0200,935168,7566323.0400,3,1.681957,1,0.997500,25.757411,4.255877,-6.722464,1.938615,0
2012-01-04,sz.002425,8.2200,8.2200,7.8100,7.8100,8.1000,886079,7142602.4600,3,1.593667,1,-3.580200,24.835232,4.103506,-6.481783,1.869207,0
2012-01-05,sz.002425,7.6900,7.7700,7.4100,7.4300,7.8100,1127205,8511219.7600,3,2.027347,1,-4.865600,23.626860,3.903848,-6.166408,1.778260,0
2012-01-06,sz.002425,7.4000,7.6300,7.3500,7.5700,7.4300,827192,6202689.9400,3,1.487755,1,1.884300,24.072050,3.977406,-6.282599,1.811767,0
2012-01-09,sz.002425,7.6100,8.0200,7.5800,8.0200,7.5700,1245576,9762784.3700,3,2.240245,1,5.944500,25.503017,4.213844,-6.656069,1.919468,0
2012-01-10,sz.002425,7.9800,8.4700,7.9300,8.3900,8.0200,1894449,15609703.7700,3,3.407282,1,4.613500,26.679590,4.408248,-6.963144,2.008022,0
2012-01-11,sz.002425,8.3600,8.9000,8.2900,8.5800,8.3900,4130747,35660109.5400,3,7.429401,1,2.264600,27.283776,4.508077,-7.120832,2.053495,0
2012-01-12,sz.002425,8.5200,8.6900,8.4900,8.5600,8.5800,1543232,13240032.5600,3,2.775597,1,-0.233100,27.220178,4.497569,-7.104233,2.048709,0
2012-01-13,sz.002425,8.5200,8.6100,8.1000,8.1300,8.5600,1694180,14038253.3900,3,3.047086,1,-5.023400,25.852809,4.271640,-6.747362,1.945795,0
2012-01-16,sz.002425,7.9100,8.1400,7.8000,7.8100,8.1300,854113,6822636.5500,3,1.536174,1,-3.936000,24.835232,4.103506,-6.481783,1.869207,0
2012-01-17,sz.002425,7.8000,8.3200,7.7000,8.3000,7.8100,1325913,10745277.0800,3,2.384736,1,6.274000,26.393397,4.360961,-6.888450,1.986482,0
2012-01-18,sz.002425,8.3100,8.7400,8.0100,8.1000,8.3000,1514751,12798102.3100,3,2.724372,1,-2.409600,25.757411,4.255877,-6.722464,1.938615,0
2012-01-19,sz.002425,8.0500,8.3700,8.0500,8.2400,8.1000,737555,6064458.4800,3,1.326538,1,1.728400,26.202601,4.329436,-6.838654,1.972121,0
2012-01-20,sz.002425,8.2500,8.4200,8.2300,8.4100,8.2400,647044,5400893.7900,3,1.163748,1,2.063100,26.743189,4.418756,-6.979743,2.012808,0
2012-01-30,sz.002425,8.4100,8.5800,8.3000,8.3500,8.4100,644693,5427196.3800,3,1.159520,1,-0.713400,26.552393,4.387231,-6.929947,1.998448,0
2012-01-31,sz.002425,8.3000,8.3500,8.1800,8.2800,8.3500,556424,4589381.0600,3,1.000763,1,-0.838300,26.329798,4.350452,-6.871852,1.981695,0
2012-02-01,sz.002425,8.1600,8.5500,8.1600,8.2800,8.2800,1018209,8531917.7700,3,1.831311,1,0.000000,26.329798,4.350452,-6.871852,1.981695,0
2012-02-02,sz.002425,8.2800,8.4500,8.2800,8.4500,8.2800,573301,4805322.2900,3,1.031117,1,2.053100,26.870386,4.439773,-7.012940,2.022382,0
2012-02-03,sz.002425,8.4500,8.8500,8.3900,8.7700,8.4500,2243056,19606136.1800,3,4.034273,1,3.787000,27.887963,4.607907,-7.278519,2.098969,0
2012-02-06,sz.002425,8.9000,9.0800,8.7000,8.7600,8.7700,2271876,20183970.2600,3,4.086108,1,-0.114000,27.856163,4.602652,-7.270220,2.096576,0
2012-02-07,sz.002425,8.7100,8.8700,8.5200,8.6000,8.7600,1279058,11092272.5900,3,2.300464,1,-1.826500,27.347375,4.518586,-7.137430,2.058282,0
2012-02-08,sz.002425,8.5500,8.9400,8.5500,8.9400,8.6000,1585546,13984328.8600,3,2.851701,1,3.953500,28.428550,4.697227,-7.419608,2.139656,0
2012-02-09,sz.002425,8.9200,9.2200,8.8400,9.1200,8.9400,2170749,19742640.4400,3,3.904225,1,2.013400,29.000937,4.791803,-7.568996,2.182736,0
2012-02-10,sz.002425,9.0900,9.3400,9.0000,9.2800,9.1200,1731499,15949632.4500,3,3.114207,1,1.754400,29.509725,4.875869,-7.701785,2.221030,0
2012-02-13,sz.002425,9.2300,9.4700,9.2000,9.4300,9.2800,1460794,13675764.0100,3,2.627327,1,1.616400,29.986715,4.954682,-7.826275,2.256930,0
2012-02-14,sz.002425,9.4200,9.6500,9.3500,9.5000,9.4300,1879379,17827524.2800,3,3.380178,1,0.742300,30.209309,4.991461,-7.884371,2.273684,0
2012-02-15,sz.002425,9.4800,10.2600,9.3800,9.8700,9.5000,5691565,56264056.4800,3,10.236628,1,3.894700,31.385883,5.185865,-8.191446,2.362238,0
2012-02-16,sz.002425,9.8600,10.2600,9.7100,10.1900,9.8700,4472574,44519215.7000,3,8.044198,1,3.242100,32.403459,5.353999,-8.457025,2.438825,0
2012-02-17,sz.002425,10.2100,10.2400,9.8200,10.1400,10.1900,5262669,52965225.8400,3,9.465232,1,-0.490700,32.244463,5.327728,-8.415528,2.426858,0
2012-02-20,sz.002425,10.1400,10.2700,9.9700,10.2600,10.1400,4201843,42621050.7700,3,7.557272,1,1.183400,32.626054,5.390778,-8.515120,2.455578,0
2012-02-21,sz.002425,10.1600,10.9200,10.1400,10.8700,10.2600,7436388,78406809.6400,3,13.374799,1,5.945400,34.565810,5.711282,-9.021380,2.601573,0
2012-02-22,sz.002425,11.0500,11.3200,10.6600,11.2900,10.8700,7767400,85344034.9200,3,13.970144,1,3.863800,35.901379,5.931957,-9.369952,2.702094,0
2012-02-23,sz.002425,11.5500,11.8500,11.0500,11.4900,11.2900,8733468,99300459.2600,3,15.707676,1,1.771500,36.537365,6.037041,-9.535939,2.749961,0
2012-02-24,sz.002425,11.5300,11.6800,11.2800,11.3700,11.4900,10959611,125510761.1000,3,19.711531,1,-1.044400,36.155774,5.973991,-9.436347,2.721240,0
2012-02-27,sz.002425,11.3900,11.8300,10.9200,11.0200,11.3700,12585299,139925390.2600,3,22.635430,1,-3.078300,35.042799,5.790095,-9.145870,2.637473,0
2012-02-28,sz.002425,11.0000,11.0000,10.5400,10.6400,11.0200,6644417,71060209.9600,3,11.950390,1,-3.448300,33.834427,5.590436,-8.830495,2.546526,0
2012-02-29,sz.002425,10.7100,10.8000,10.5100,10.6500,10.6400,2959756,31536690.3000,3,5.323302,1,0.094000,39.661131,5.499854,-8.838795,2.548919,0
2012-03-01,sz.002425,10.6000,10.8500,10.4600,10.7100,10.6500,3380260,36035434.1000,3,6.079604,1,0.563400,39.884574,5.530839,-8.888591,2.563279,0
2012-03-02,sz.002425,10.7100,11.1000,10.6400,11.0900,10.7100,6071592,66179045.0400,3,10.920129,1,3.548100,41.299713,5.727078,-9.203965,2.654227,0
2012-03-05,sz.002425,11.1000,11.1000,10.7600,10.7900,11.0900,4085529,44574615.1800,3,7.348074,1,-2.705100,40.182498,5.572153,-8.954985,2.582426,0
2012-03-06,sz.002425,10.7000,11.0600,10.4800,10.9800,10.7900,7962192,86141380.4100,3,14.320489,1,1.760900,40.890068,5.670272,-9.112673,2.627900,0
2012-03-07,sz.002425,10.9000,11.0700,10.6100,10.7700,10.9800,6046609,65691728.1700,3,10.875196,1,-1.912600,40.108017,5.561825,-8.938387,2.577639,0
2012-03-08,sz.002425,10.7600,10.8800,10.6300,10.7500,10.7700,3372287,36294868.1000,3,6.065264,1,-0.185700,40.033536,5.551496,-8.921788,2.572853,0
2012-03-09,sz.002425,10.7600,10.8600,10.7100,10.8500,10.7500,2623970,28325343.8800,3,4.719371,1,0.930200,40.405941,5.603138,-9.004781,2.596786,0
2012-03-12,sz.002425,10.8500,10.9800,10.7700,10.9300,10.8500,2743667,29874147.1300,3,4.934653,1,0.737300,40.703865,5.644451,-9.071176,2.615933,0
2012-03-13,sz.002425,10.9600,10.9700,10.8000,10.9100,10.9300,2048841,22274500.2200,3,3.684966,1,-0.183000,40.629384,5.634123,-9.054577,2.611146,0
2012-03-14,sz.002425,10.9200,10.9700,10.0100,10.0900,10.9100,4184353,44065688.2200,3,7.525815,1,-7.516000,37.575664,5.210660,-8.374032,2.414891,0
2012-03-15,sz.002425,9.9600,10.0900,9.3000,9.6100,10.0900,3138524,30376513.3000,3,5.644827,1,-4.757200,35.788120,4.962779,-7.975663,2.300011,0
2012-03-16,sz.002425,9.5800,9.7500,9.5000,9.7300,9.6100,2016562,19406644.8900,3,3.626910,1,1.248700,36.235006,5.024750,-8.075256,2.328731,0
2012-03-19,sz.002425,9.7400,9.8300,9.5600,9.8000,9.7300,1635518,15900427.2400,3,2.941579,1,0.719400,36.495689,5.060899,-8.133351,2.345484,0
2012-03-20,sz.002425,9.8000,9.8000,9.4600,9.4700,9.8000,1672803,15992471.3500,3,3.008638,1,-3.367300,35.266753,4.890481,-7.859473,2.266504,0
2012-03-21,sz.002425,9.4600,9.6000,9.3800,9.5200,9.4700,1228520,11651919.8000,3,2.209568,1,0.528000,35.452955,4.916302,-7.900969,2.278470,0
2012-03-22,sz.002425,9.4700,9.5900,9.4300,9.4800,9.5200,1054486,10023237.9400,3,1.896558,1,-0.420200,35.303993,4.895645,-7.867772,2.268897,0
2012-03-23,sz.002425,9.4800,9.4800,9.3000,9.3200,9.4800,1083627,10155042.7000,3,1.948969,1,-1.687800,34.708145,4.813018,-7.734983,2.230603,0
2012-03-26,sz.002425,9.2800,9.3700,9.0700,9.1400,9.3200,896862,8251192.8200,3,1.613061,1,-1.931300,34.037816,4.720063,-7.585595,2.187523,0
2012-03-27,sz.002425,9.2300,9.2300,8.9600,9.0300,9.1400,1225710,11141728.0200,3,2.204514,1,-1.203500,33.628171,4.663257,-7.494302,2.161196,0
2012-03-28,sz.002425,8.9700,9.0300,8.6000,8.6200,9.0300,1414139,12451685.0300,3,2.543415,1,-4.540400,32.101310,4.451525,-7.154029,2.063069,0
2012-03-29,sz.002425,8.5200,8.6200,8.3200,8.3700,8.6200,1089888,9230222.2600,3,1.960230,1,-2.900200,31.276674,4.315186,-8.063224,1.968756,0
2012-03-30,sz.002425,8.4000,8.5000,8.3400,8.4100,8.3700,761213,6412745.6600,3,1.369088,1,0.477900,31.426145,4.335808,-8.101758,1.978164,0
2012-04-05,sz.002425,8.4600,8.6300,8.4300,8.6100,8.4100,888409,7600731.6700,3,1.597858,1,2.378100,32.173497,4.438919,-8.294428,2.025207,0
2012-04-06,sz.002425,8.6100,8.7900,8.5700,8.6500,8.6100,1065758,9250396.3300,3,1.916831,1,0.464600,32.322967,4.459541,-8.332961,2.034616,0
2012-04-09,sz.002425,8.6400,8.7700,8.5600,8.6400,8.6500,826451,7169410.6000,3,1.486423,1,-0.115600,32.285599,4.454386,-8.323328,2.032264,0
2012-04-10,sz.002425,8.6100,8.7400,8.3900,8.7400,8.6400,894742,7676578.8000,3,1.609248,1,1.157400,32.659275,4.505941,-8.419663,2.055785,0
2012-04-11,sz.002425,8.6000,8.9500,8.5800,8.8600,8.7400,975766,8600329.5900,3,1.754975,1,1.373000,33.107686,4.567808,-8.535265,2.084011,0
2012-04-12,sz.002425,8.8900,8.9700,8.7800,8.9600,8.8600,1598948,14215800.9300,3,2.875806,1,1.128700,33.481362,4.619363,-8.631599,2.107533,0
2012-04-13,sz.002425,8.9900,9.2700,8.9600,9.1200,8.9600,1651992,15004771.6300,3,2.971209,1,1.785700,34.079244,4.701852,-8.785735,2.145167,0
2012-04-16,sz.002425,9.1200,9.1200,8.9500,8.9900,9.1200,1121973,10124841.8500,3,2.017937,1,-1.425400,33.593465,4.634830,-8.660500,2.114589,0
2012-04-17,sz.002425,8.9900,9.0600,8.8500,8.8500,8.9900,1028851,9203074.1500,3,1.850451,1,-1.557300,33.070319,4.562652,-8.525631,2.081659,0
2012-04-18,sz.002425,8.9300,9.0400,8.8000,9.0000,8.8500,2296161,20575904.9300,3,4.129786,1,1.694900,33.630833,4.639985,-8.670133,2.116941,0
2012-04-19,sz.002425,9.0000,9.0000,9.0000,9.0000,9.0000,0,0.0000,3,,0,0.000000,33.630833,4.639985,-8.670133,2.116941,0
2012-04-20,sz.002425,8.9900,9.0800,8.9000,9.0400,9.0000,2155812,19392014.9200,3,3.877360,1,0.444400,33.780303,4.660607,-8.708667,2.126350,0
2012-04-23,sz.002425,9.0700,9.0700,8.6400,8.7000,9.0400,1957383,17370905.2500,3,3.520473,1,-3.761100,32.509805,4.485319,-8.381129,2.046377,0
2012-04-24,sz.002425,8.5800,8.6900,8.2000,8.4100,8.7000,2058359,17317170.5400,3,3.702085,1,-3.333300,31.426145,4.335808,-8.101758,1.978164,0
2012-04-25,sz.002425,8.3300,8.6100,8.2100,8.5700,8.4100,1488405,12556442.9300,3,2.676987,1,1.902500,32.024026,4.418297,-8.255894,2.015799,0
2012-04-26,sz.002425,8.5400,8.6200,8.4100,8.5100,8.5700,908637,7752906.8400,3,1.634239,1,-0.700100,34.618128,4.104411,-8.897360,1.969061,0
2012-04-27,sz.002425,8.4900,8.5400,8.3900,8.4700,8.5100,777305,6584908.1500,3,1.398031,1,-0.470000,34.455410,4.085119,-8.855539,1.959806,0
2012-05-02,sz.002425,8.5200,8.7200,8.5200,8.6800,8.4700,1362734,11765496.9900,3,2.450960,1,2.479300,35.309677,4.186403,-9.075098,2.008396,0
2012-05-03,sz.002425,8.6700,9.5500,8.6100,9.5500,8.6800,6978179,64480052.2000,3,12.550682,1,10.023000,38.848780,4.606007,-9.984699,2.209698,0
2012-05-04,sz.002425,9.4500,9.4500,9.1800,9.3000,9.5500,5503624,51280168.6200,3,9.898604,1,-2.617800,37.831796,4.485431,-9.723320,2.151853,0
2012-05-07,sz.002425,9.2200,9.3800,9.1800,9.3600,9.3000,2557169,23758031.9700,3,4.599225,1,0.645200,38.075873,4.514370,-9.786051,2.165736,0
2012-05-08,sz.002425,9.3700,9.5300,9.2100,9.3500,9.3600,2889298,27035344.6600,3,5.196579,1,-0.106800,38.035193,4.509547,-9.775595,2.163422,0
2012-05-09,sz.002425,9.2800,9.2800,9.0500,9.0600,9.3500,2006498,18333395.5000,3,3.608809,1,-3.101600,36.855492,4.369678,-9.472395,2.096321,0
2012-05-10,sz.002425,9.0500,9.1400,8.9900,9.1000,9.0600,1746510,15822969.4800,3,3.141205,1,0.441500,37.018209,4.388970,-9.514216,2.105576,0
2012-05-11,sz.002425,9.0800,9.1600,9.0000,9.0100,9.1000,1517193,13752539.4600,3,2.728764,1,-0.989000,36.652095,4.345563,-9.420119,2.084752,0
2012-05-14,sz.002425,9.1300,9.2000,9.0000,9.0100,9.0100,1684478,15347033.9200,3,3.029637,1,0.000000,36.652095,4.345563,-9.420119,2.084752,0
2012-05-15,sz.002425,8.9400,8.9400,8.6000,8.7700,9.0100,1849740,16115945.3900,3,3.326871,1,-2.663700,35.675791,4.229810,-9.169195,2.029220,0
2012-05-16,sz.002425,8.7100,8.7900,8.5700,8.6200,8.7700,1056930,9173232.1300,3,1.900953,1,-1.710400,35.065601,4.157464,-9.012367,1.994513,0
2012-05-17,sz.002425,8.6100,8.8400,8.6100,8.7300,8.6200,1914523,16743223.4600,3,3.443387,1,1.276100,35.513073,4.210518,-9.127374,2.019965,0
2012-05-18,sz.002425,8.6800,8.7000,8.4200,8.4800,8.7300,1688213,14452529.1800,3,3.036354,1,-2.863700,34.496090,4.089942,-8.865995,1.962119,0
2012-05-21,sz.002425,8.4500,8.5600,8.4300,8.4700,8.4800,843070,7153808.6900,3,1.516313,1,-0.117900,34.455410,4.085119,-8.855539,1.959806,0
2012-05-22,sz.002425,8.4700,8.4700,8.4700,8.4700,8.4700,0,0.0000,3,,0,0.000000,34.455410,4.085119,-8.855539,1.959806,0
2012-05-23,sz.002425,8.6300,9.1100,8.6000,8.7000,8.4700,2875410,25277061.2200,3,5.171601,1,2.715500,35.391035,4.196049,-9.096009,2.013024,0
2012-05-24,sz.002425,8.5600,8.6500,8.4800,8.5000,8.7000,1533329,13134794.8700,3,2.757786,1,-2.298900,34.577448,4.099588,-8.886905,1.966747,0
2012-05-25,sz.002425,8.4900,8.6200,8.2400,8.2700,8.5000,1221936,10230266.7000,3,2.197727,1,-2.705900,33.641823,3.988658,-8.646436,1.913529,0
2012-05-28,sz.002425,8.2000,8.4700,8.0200,8.3800,8.2700,1578071,12880346.3200,3,2.838257,1,1.330100,34.089296,4.041711,-8.761443,1.938981,0
2012-05-29,sz.002425,8.3400,8.5600,8.3100,8.5200,8.3800,1592060,13484119.7600,3,2.863417,1,1.670600,34.658807,4.109234,-8.907815,1.971375,0
2012-05-30,sz.002425,8.5900,8.5900,8.4700,8.5000,8.5200,894449,7622283.1100,3,1.608721,1,-0.234700,34.577448,4.099588,-8.886905,1.966747,0
2012-05-31,sz.002425,8.4100,8.6200,8.3800,8.5000,8.4500,1162874,9878463.5800,3,2.091500,1,0.591700,34.577448,4.099588,-8.886905,1.966747,0
2012-06-01,sz.002425,8.5000,8.5900,8.4600,8.5800,8.5000,971270,8299378.7300,3,1.746888,1,0.941200,34.902883,4.138172,-8.970546,1.985258,0
2012-06-04,sz.002425,8.3900,8.4300,8.1500,8.1500,8.5800,1203362,9952272.0300,3,2.164320,1,-5.011700,33.153671,3.930781,-8.520974,1.885763,0
2012-06-05,sz.002425,8.0600,8.2300,8.0600,8.1500,8.1500,507124,4140836.0500,3,0.912094,1,0.000000,33.153671,3.930781,-8.520974,1.885763,0
2012-06-06,sz.002425,8.2000,8.2000,8.0800,8.1200,8.1500,425569,3463305.3100,3,0.765412,1,-0.368100,33.031633,3.916312,-8.489608,1.878822,0
2012-06-07,sz.002425,8.1900,8.3000,8.0600,8.0900,8.1200,570796,4644750.5400,3,1.026612,1,-0.369500,32.909595,3.901843,-8.458242,1.871880,0
2012-06-08,sz.002425,8.1500,8.2000,8.0600,8.0600,8.0900,468494,3806802.0600,3,0.842615,1,-0.370800,32.787557,3.887374,-8.426877,1.864939,0
2012-06-11,sz.002425,8.0600,8.2300,8.0300,8.2100,8.0600,601031,4897315.7100,3,1.080991,1,1.861000,33.397747,3.959720,-8.583705,1.899646,0
2012-06-12,sz.002425,8.1300,8.2100,8.1300,8.1600,8.2100,377259,3080862.3200,3,0.678523,1,-0.609000,33.194350,3.935604,-8.531429,1.888077,0
2012-06-13,sz.002425,8.1600,8.3800,8.1500,8.3400,8.1600,967172,8025895.2200,3,1.739518,1,2.205900,33.926579,4.022419,-8.719622,1.929726,0
2012-06-14,sz.002425,8.3000,8.5200,8.2700,8.3600,8.3400,1239738,10403284.6200,3,2.229745,1,0.239800,34.007937,4.032065,-8.740532,1.934354,0
2012-06-15,sz.002425,8.3400,8.4500,8.2800,8.3900,8.3600,1164255,9729164.2900,3,2.093984,1,0.358900,34.129976,4.046534,-8.771898,1.941295,0
2012-06-18,sz.002425,8.4700,8.5000,8.3800,8.4000,8.3900,1090452,9191874.9700,3,1.961245,1,0.119200,34.170655,4.051357,-8.782353,1.943609,0
2012-06-19,sz.002425,8.4500,8.4500,8.3300,8.3400,8.4000,691970,5808869.3900,3,1.244550,1,-0.714300,33.926579,4.022419,-8.719622,1.929726,0
2012-06-20,sz.002425,8.3500,8.4200,8.3000,8.3200,8.3400,609588,5086559.9500,3,1.096381,1,-0.239800,33.845220,4.012773,-8.698712,1.925098,0
2012-06-21,sz.002425,8.3000,8.3600,8.0900,8.1200,8.3200,888458,7261230.3000,3,1.597946,1,-2.403800,33.031633,3.916312,-8.489608,1.878822,0
2012-06-25,sz.002425,8.1100,8.1100,7.8600,7.8600,8.1200,809678,6456415.2800,3,1.456255,1,-3.202000,31.973970,3.790913,-8.217773,1.818663,0
2012-06-26,sz.002425,7.7800,7.9800,7.6800,7.9400,7.8600,851754,6668111.9200,3,1.531932,1,1.017800,32.299405,3.829497,-8.301415,1.837173,0
2012-06-27,sz.002425,7.9400,7.9700,7.8000,7.8400,7.9400,498328,3926953.2400,3,0.896273,1,-1.259400,31.892611,3.781267,-8.196863,1.814035,0
2012-06-28,sz.002425,7.8400,7.9400,7.7100,7.7200,7.8400,730467,5727781.7900,3,1.313790,1,-1.530600,31.404459,3.723390,-8.071401,1.786269,0
2012-06-29,sz.002425,7.6500,7.8800,7.6400,7.8200,7.7200,470134,3645192.0800,3,0.845565,1,1.295300,31.811253,3.771621,-8.175953,1.809407,0
2012-07-02,sz.002425,7.8500,8.0000,7.8200,7.9300,7.8200,846445,6680537.7600,3,1.522383,1,1.406600,32.258725,3.824674,-8.290960,1.834859,0
2012-07-03,sz.002425,7.8900,8.3900,7.8500,8.1800,7.9300,2070719,16861236.2700,3,3.724315,1,3.152600,33.275709,3.945250,-8.552339,1.892705,0
2012-07-04,sz.002425,8.1600,8.2500,8.1000,8.2500,8.1800,1048659,8572614.1400,3,1.886077,1,0.855700,33.560465,3.979012,-8.625525,1.908902,0
2012-07-05,sz.002425,8.1500,8.2900,8.0700,8.1800,8.2500,1254419,10251553.6800,3,2.256149,1,-0.848500,33.275709,3.945250,-8.552339,1.892705,0
2012-07-06,sz.002425,8.1800,8.9800,8.1700,8.7000,8.1800,4038215,34547588.2200,3,7.262977,1,6.357000,35.391035,4.196049,-9.096009,2.013024,0
2012-07-09,sz.002425,8.6900,8.7300,8.3900,8.5700,8.7000,2388873,20464242.2600,3,4.296534,1,-1.494300,34.862204,4.133349,-8.960091,1.982944,0
2012-07-10,sz.002425,8.5500,8.6600,8.2900,8.3800,8.5700,1781718,15057719.7500,3,3.204529,1,-2.217000,34.089296,4.041711,-8.761443,1.938981,0
2012-07-11,sz.002425,8.3500,8.4900,8.3000,8.4100,8.3800,720807,6031587.0800,3,1.296415,1,0.358000,34.211334,4.056180,-8.792808,1.945923,0
2012-07-12,sz.002425,8.4000,8.7300,8.3200,8.6300,8.4100,2496412,21349422.4000,3,4.489950,1,2.615900,35.106280,4.162287,-9.022822,1.996827,0
2012-07-13,sz.002425,8.6000,8.7400,8.3600,8.4200,8.6300,2409910,20494808.0000,3,4.334371,1,-2.433400,34.252014,4.061003,-8.803264,1.948237,0
2012-07-16,sz.002425,8.4700,8.4800,8.1500,8.2900,8.4200,2154728,17924676.8100,3,3.875410,1,-1.543900,33.723182,3.998304,-8.667346,1.918157,0
2012-07-17,sz.002425,8.2800,8.2800,7.8400,8.0000,8.2900,1172375,9429151.4800,3,2.108588,1,-3.498200,32.543481,3.858436,-8.364146,1.851056,0
2012-07-18,sz.002425,8.0100,8.4500,7.8200,8.1100,8.0000,1227290,9831570.4800,3,2.207356,1,1.375000,32.990954,3.911489,-8.479153,1.876508,0
2012-07-19,sz.002425,8.0900,8.3400,8.0500,8.2200,8.1100,1982031,16234896.3800,3,3.564804,1,1.356400,33.438427,3.964543,-8.594160,1.901960,0
2012-07-20,sz.002425,8.1900,8.3000,8.0500,8.1300,8.2200,1353736,11067937.1700,3,2.434777,1,-1.094900,33.072312,3.921135,-8.500063,1.881136,0
2012-07-23,sz.002425,8.0400,8.2000,7.9000,8.1000,8.1300,801401,6468974.0700,3,1.441369,1,-0.369000,32.950274,3.906666,-8.468698,1.874194,0
2012-07-24,sz.002425,8.0200,8.2000,7.9200,8.0900,8.1000,964050,7813906.4600,3,1.733903,1,-0.123500,32.909595,3.901843,-8.458242,1.871880,0
2012-07-25,sz.002425,8.1000,8.1400,7.9500,8.0800,8.0900,747474,6002872.4300,3,1.344378,1,-0.123600,32.868916,3.897020,-8.447787,1.869567,0
2012-07-26,sz.002425,8.0700,8.1200,7.9500,7.9900,8.0800,713883,5722669.1800,3,1.283962,1,-1.113900,32.502801,3.853613,-8.353691,1.848742,0
2012-07-27,sz.002425,7.9900,8.2000,7.9100,8.1200,7.9900,1944419,15683612.5000,3,3.497156,1,1.627000,33.031633,3.916312,-8.489608,1.878822,0
2012-07-30,sz.002425,8.1200,8.1200,8.1200,8.1200,8.1200,0,0.0000,3,,0,0.000000,33.031633,3.916312,-8.489608,1.878822,0
2012-07-31,sz.002425,7.9000,8.2800,7.6300,8.1600,8.1200,3578032,28573778.0100,3,6.435309,1,0.492600,32.271292,3.564376,-14.272159,1.879606,0
2012-08-01,sz.002425,8.1500,8.3600,8.0500,8.3300,8.1600,4650178,38359625.4500,3,8.363629,1,2.083300,32.943611,3.638634,-14.569496,1.918764,0
2012-08-02,sz.002425,8.2800,8.4800,8.1800,8.2000,8.3300,2806542,23305735.0000,3,5.047737,1,-1.560600,32.429485,3.581848,-14.342121,1.888820,0
2012-08-03,sz.002425,8.2000,8.2000,7.9100,8.0900,8.2000,2087195,16758233.3500,3,3.753948,1,-1.341500,31.994455,3.533799,-14.149726,1.863482,0
2012-08-06,sz.002425,8.0300,8.2400,7.9600,8.2300,8.0900,2008495,16300147.0000,3,3.612401,1,1.730500,32.548129,3.594952,-14.394592,1.895730,0
2012-08-07,sz.002425,8.2100,8.3800,8.1700,8.3700,8.2300,2552532,21165918.7000,3,4.590885,1,1.701100,33.101803,3.656106,-14.639457,1.927978,0
2012-08-08,sz.002425,8.4000,8.4200,8.2200,8.3000,8.3700,1799058,14962572.3600,3,3.235716,1,-0.836300,32.824966,3.625529,-14.517024,1.911854,0
2012-08-09,sz.002425,8.3000,8.9600,8.2300,8.8200,8.3000,6426602,55529407.5700,3,11.558637,1,6.265100,34.881470,3.852671,-15.426525,2.031633,0
2012-08-10,sz.002425,8.7600,9.2000,8.6300,9.0100,8.8200,5774848,51315055.9100,3,10.386417,1,2.154200,35.632885,3.935665,-15.758842,2.075398,0
2012-08-13,sz.002425,8.9500,9.3500,8.7500,8.7800,9.0100,4719332,42417174.8000,3,8.488007,1,-2.552700,34.723278,3.835198,-15.356563,2.022419,0
2012-08-14,sz.002425,8.7100,8.8400,8.5300,8.7900,8.7800,2382536,20611945.3600,3,4.285137,1,0.113900,34.762826,3.839566,-15.374054,2.024722,0
2012-08-15,sz.002425,8.8200,9.0400,8.5900,8.8800,8.7900,2694239,23770994.3900,3,4.845754,1,1.023900,35.118759,3.878879,-15.531467,2.045453,0
2012-08-16,sz.002425,8.8000,8.8500,8.6000,8.6100,8.8800,1654524,14393021.1800,3,2.975763,1,-3.040500,34.050959,3.760941,-15.059227,1.983261,0
2012-08-17,sz.002425,8.5800,8.6100,8.4500,8.5400,8.6100,1158839,9855016.7200,3,2.084243,1,-0.813000,33.774122,3.730364,-14.936794,1.967136,0
2012-08-20,sz.002425,8.5200,8.7400,8.4500,8.6900,8.5400,1188542,10243422.5700,3,2.137665,1,1.756400,34.367344,3.795885,-15.199150,2.001688,0
2012-08-21,sz.002425,8.6900,8.8500,8.6300,8.7400,8.6900,1541536,13490723.1700,3,2.772547,1,0.575400,34.565085,3.817726,-15.286602,2.013205,0
2012-08-22,sz.002425,8.7100,8.7700,8.4600,8.6400,8.7400,2038240,17468720.3700,3,3.665899,1,-1.144200,34.169604,3.774045,-15.111698,1.990171,0
2012-08-23,sz.002425,8.6300,8.7200,8.5000,8.6700,8.6400,1319938,11384650.1900,3,2.373989,1,0.347200,34.288248,3.787149,-15.164169,1.997081,0
2012-08-24,sz.002425,8.6400,8.6500,8.2000,8.2000,8.6700,1612988,13596596.4900,3,2.901058,1,-5.421000,32.429485,3.581848,-14.342121,1.888820,0
2012-08-27,sz.002425,8.1200,8.1200,7.8300,7.8300,8.2000,1374530,10918953.0100,3,2.472176,1,-4.512200,30.966203,3.420228,-13.694976,1.803592,0
2012-08-28,sz.002425,7.8900,7.9800,7.7800,7.8400,7.8300,717384,5648947.2800,3,1.290259,1,0.127700,31.005751,3.424596,-13.712466,1.805896,0
2012-08-29,sz.002425,7.8800,7.8800,7.7200,7.7800,7.8400,1069538,8344113.7100,3,1.923629,1,-0.765300,30.768462,3.398388,-13.607524,1.792075,0
2012-08-30,sz.002425,7.7500,7.9300,7.6300,7.8000,7.7800,912571,7101371.3000,3,1.641315,1,0.257069,30.847559,3.407124,-13.642505,1.796682,0
2012-08-31,sz.002425,7.8000,7.8700,7.7600,7.7900,7.8000,446810,3491668.1800,3,0.803615,1,-0.128200,30.808011,3.402756,-13.625015,1.794379,0
2012-09-03,sz.002425,7.8600,7.9400,7.7800,7.9300,7.7900,710889,5613534.9000,3,1.278577,1,1.797200,31.361685,3.463909,-13.869880,1.826627,0
2012-09-04,sz.002425,7.9300,7.9700,7.7900,7.7900,7.9300,766997,6047827.5500,3,1.379491,1,-1.765400,30.808011,3.402756,-13.625015,1.794379,0
2012-09-05,sz.002425,7.7900,7.8900,7.6700,7.8600,7.7900,803110,6252082.9500,3,1.444442,1,0.898600,31.084848,3.433332,-13.747447,1.810503,0
2012-09-06,sz.002425,7.8800,7.9600,7.8000,7.9300,7.8600,731052,5767116.1300,3,1.314842,1,0.890600,31.361685,3.463909,-13.869880,1.826627,0
2012-09-07,sz.002425,7.9500,8.2900,7.9500,8.2000,7.9300,2076355,16926884.3900,3,3.734451,1,3.404800,32.429485,3.581848,-14.342121,1.888820,0
2012-09-10,sz.002425,8.2500,8.3600,8.1500,8.2500,8.2000,990799,8156892.8000,3,1.782013,1,0.609800,32.627226,3.603689,-14.429573,1.900337,0
2012-09-11,sz.002425,8.2400,8.2400,8.1400,8.2000,8.2500,838288,6853356.0300,3,1.507712,1,-0.606100,32.429485,3.581848,-14.342121,1.888820,0
2012-09-12,sz.002425,8.2500,8.2700,8.1500,8.2700,8.2000,992881,8169822.1600,3,1.785757,1,0.853700,32.706322,3.612425,-14.464553,1.904944,0
2012-09-13,sz.002425,8.3000,8.3000,8.1100,8.1100,8.2700,920418,7538798.5700,3,1.655428,1,-1.934700,32.073551,3.542535,-14.184707,1.868089,0
2012-09-14,sz.002425,8.1900,8.2100,8.0100,8.0600,8.1100,1089923,8818500.2300,3,1.960293,1,-0.616500,31.875811,3.520695,-14.097255,1.856571,0
2012-09-17,sz.002425,8.0700,8.0800,7.7600,7.7800,8.0600,895819,7075940.8200,3,1.611185,1,-3.473900,30.768462,3.398388,-13.607524,1.792075,0
2012-09-18,sz.002425,7.7900,7.8500,7.6500,7.7900,7.7800,403061,3141163.6400,3,0.724930,1,0.128500,30.808011,3.402756,-13.625015,1.794379,0
2012-09-19,sz.002425,7.7800,7.8900,7.7800,7.8700,7.7900,299912,2351264.5900,3,0.539410,1,1.027000,31.124396,3.437701,-13.764938,1.812806,0
2012-09-20,sz.002425,7.8700,7.8700,7.6200,7.6300,7.8700,684037,5266447.0800,3,1.230282,1,-3.049600,30.175240,3.332866,-13.345168,1.757524,0
2012-09-21,sz.002425,7.6200,7.7100,7.5800,7.6400,7.6300,598080,4574102.0400,3,1.075683,1,0.131100,30.214788,3.337234,-13.362659,1.759827,0
2012-09-24,sz.002425,7.6400,7.6400,7.4800,7.5700,7.6400,522971,3955468.4500,3,0.940595,1,-0.916200,29.937951,3.306657,-13.240226,1.743703,0
2012-09-25,sz.002425,7.5100,7.6100,7.4600,7.5300,7.5700,443839,3338730.7100,3,0.798272,1,-0.528400,29.779759,3.289185,-13.170264,1.734489,0
2012-09-26,sz.002425,7.4600,7.5200,7.3500,7.3600,7.5300,450036,3333616.0700,3,0.809417,1,-2.257600,29.107440,3.214927,-12.872928,1.695331,0
2012-09-27,sz.002425,7.3600,7.5800,7.3300,7.4900,7.3600,547895,4080873.4800,3,0.985423,1,1.766300,29.621566,3.271712,-13.100303,1.725275,0
2012-09-28,sz.002425,7.4800,7.6500,7.4700,7.5800,7.4900,388675,2938495.2700,3,0.699056,1,1.201600,29.977499,3.311025,-13.257716,1.746006,0
2012-10-08,sz.002425,7.5000,7.6200,7.5000,7.5600,7.5800,270051,2037139.6800,3,0.485703,1,-0.263900,29.898403,3.302289,-13.222736,1.741399,0
2012-10-09,sz.002425,7.5600,7.7400,7.5600,7.7200,7.5600,578024,4443529.7200,3,1.039612,1,2.116400,30.531174,3.372179,-13.502582,1.778254,0
2012-10-10,sz.002425,7.6500,7.8800,7.6500,7.8500,7.7200,841028,6551556.8900,3,1.512640,1,1.683900,31.045299,3.428964,-13.729957,1.808199,0
2012-10-11,sz.002425,7.8000,7.8300,7.6500,7.6500,7.8500,617924,4773286.1000,3,1.111374,1,-2.547800,30.254336,3.341602,-13.380149,1.762130,0
2012-10-12,sz.002425,7.6300,7.7600,7.5200,7.6100,7.6500,591094,4513950.9900,3,1.063119,1,-0.522900,30.096144,3.324130,-13.310188,1.752917,0
2012-10-15,sz.002425,7.5400,7.6000,7.4600,7.5300,7.6100,382944,2875337.1300,3,0.688748,1,-1.051200,29.779759,3.289185,-13.170264,1.734489,0
2012-10-16,sz.002425,7.5300,7.6700,7.5300,7.6000,7.5300,386276,2943849.6200,3,0.694741,1,0.929600,30.056596,3.319762,-13.292697,1.750613,0
2012-10-17,sz.002425,7.6000,7.6600,7.5600,7.6300,7.6000,308124,2344116.8200,3,0.554180,1,0.394700,30.175240,3.332866,-13.345168,1.757524,0
2012-10-18,sz.002425,7.6600,7.7600,7.6300,7.7400,7.6300,536485,4141320.3000,3,0.964901,1,1.441700,30.610270,3.380915,-13.537563,1.782861,0
2012-10-19,sz.002425,7.7700,7.8100,7.6800,7.7700,7.7400,602341,4664824.5400,3,1.083347,1,0.387600,30.728914,3.394020,-13.590034,1.789772,0
2012-10-22,sz.002425,7.7400,7.8200,7.6700,7.7800,7.7700,550575,4266718.1000,3,0.990243,1,0.128700,30.768462,3.398388,-13.607524,1.792075,0
2012-10-23,sz.002425,7.7900,7.7900,7.6200,7.6200,7.7800,716534,5505267.5100,3,1.288730,1,-2.056600,30.135692,3.328498,-13.327678,1.755220,0
2012-10-24,sz.002425,7.5600,7.6400,7.5500,7.5600,7.6200,404935,3075462.6200,3,0.728300,1,-0.787400,29.898403,3.302289,-13.222736,1.741399,0
2012-10-25,sz.002425,7.5600,7.6100,7.5000,7.5000,7.5600,390689,2954359.9200,3,0.702678,1,-0.793700,29.661114,3.276081,-13.117793,1.727579,0
2012-10-26,sz.002425,7.4900,7.4900,7.3300,7.3600,7.5000,584917,4317060.6100,3,1.052009,1,-1.866700,29.107440,3.214927,-12.872928,1.695331,0
2012-10-29,sz.002425,7.3600,7.4300,7.2900,7.3600,7.3600,279014,2057611.6000,3,0.501824,1,0.000000,29.613237,3.137300,110.239289,1.681496,0
2012-10-30,sz.002425,7.3500,7.4600,7.3500,7.4200,7.3600,231283,1713017.9300,3,0.415977,1,0.815200,29.854649,3.162876,111.137979,1.695204,0
2012-10-31,sz.002425,7.4500,7.4500,7.3000,7.3900,7.4200,349530,2570439.8100,3,0.628651,1,-0.404300,29.733943,3.150088,110.688634,1.688350,0
2012-11-01,sz.002425,7.4600,7.5500,7.3900,7.5300,7.3900,523949,3918156.0600,3,0.942354,1,1.894500,30.297238,3.209765,112.785577,1.720335,0
2012-11-02,sz.002425,7.5300,7.5400,7.4600,7.5000,7.5300,342264,2567297.4000,3,0.615583,1,-0.398400,30.176532,3.196977,112.336232,1.713481,0
2012-11-05,sz.002425,7.4400,7.5100,7.4300,7.4400,7.5000,502324,3743898.0900,3,0.903460,1,-0.800000,29.935120,3.171401,111.437542,1.699773,0
2012-11-06,sz.002425,7.4700,7.4700,7.1600,7.3600,7.4400,558080,4069496.5700,3,1.003741,1,-1.075300,29.613237,3.137300,110.239289,1.681496,0
2012-11-07,sz.002425,7.3700,7.3800,7.3100,7.3300,7.3600,176409,1296312.9000,3,0.317282,1,-0.407600,29.492531,3.124512,109.789944,1.674642,0
2012-11-08,sz.002425,7.2500,7.3000,7.0200,7.0300,7.3300,538721,3864538.2200,3,0.968923,1,-4.092800,28.285469,2.996633,105.296495,1.606103,0
2012-11-09,sz.002425,7.0100,7.0900,7.0000,7.0500,7.0300,397258,2800440.3600,3,0.714493,1,0.284500,28.365940,3.005159,105.596058,1.610672,0
2012-11-12,sz.002425,7.1300,7.1400,7.0200,7.0800,7.0500,341785,2414207.4000,3,0.614721,1,0.425500,28.486646,3.017947,106.045403,1.617526,0
2012-11-13,sz.002425,7.0600,7.1000,6.9000,6.9400,7.0800,616363,4287627.5500,3,1.108567,1,-1.977400,27.923351,2.958270,103.948460,1.585541,0
2012-11-14,sz.002425,6.9600,7.0000,6.8500,6.9200,6.9400,295000,2037139.0000,3,0.530576,1,-0.288200,27.842880,2.949744,103.648897,1.580972,0
2012-11-15,sz.002425,6.9200,6.9500,6.8100,6.8200,6.9200,311459,2139539.6900,3,0.560178,1,-1.445100,27.440526,2.907118,102.151080,1.558125,0
2012-11-16,sz.002425,6.8800,7.4900,6.8800,7.0100,6.8200,660935,4627967.1700,3,1.188732,1,2.785900,28.204999,2.988108,104.996932,1.601534,0
2012-11-19,sz.002425,7.0200,7.0400,6.8100,7.0400,7.0100,429589,2975971.3500,3,0.772642,1,0.428000,28.325705,3.000896,105.446277,1.608388,0
2012-11-20,sz.002425,7.0500,7.0700,6.9500,6.9600,7.0400,285547,1997511.0000,3,0.513574,1,-1.136400,28.003822,2.966795,104.248023,1.590110,0
2012-11-21,sz.002425,6.9000,7.0900,6.9000,7.0600,6.9600,568216,3982015.2600,3,1.021971,1,1.436800,28.406175,3.009421,105.745840,1.612957,0
2012-11-22,sz.002425,7.0500,7.0500,6.9000,6.9300,7.0600,376020,2616933.1100,3,0.676295,1,-1.841400,27.883116,2.954007,103.798678,1.583257,0
2012-11-23,sz.002425,6.8900,7.0000,6.8900,6.9300,6.9300,218111,1518655.0700,3,0.392286,1,0.000000,27.883116,2.954007,103.798678,1.583257,0
2012-11-26,sz.002425,6.8900,6.9500,6.7900,6.7900,6.9300,237691,1625417.6800,3,0.427502,1,-2.020200,27.319820,2.894330,101.701735,1.551272,0
2012-11-27,sz.002425,6.7300,6.7800,6.3100,6.4000,6.7900,418493,2736039.6900,3,0.752685,1,-5.743700,25.750641,2.728087,95.860251,1.462171,0
2012-11-28,sz.002425,6.3100,6.3700,6.0700,6.1000,6.4000,534890,3304172.9900,3,0.962032,1,-4.687500,24.543579,2.600208,91.366802,1.393631,0
2012-11-29,sz.002425,6.1100,6.1500,6.0400,6.0700,6.1000,263248,1606748.5000,3,0.473468,1,-0.491800,24.422873,2.587420,90.917457,1.386777,0
2012-11-30,sz.002425,6.0500,6.1600,6.0500,6.1200,6.0700,324188,1983394.5300,3,0.583072,1,0.823700,24.624050,2.608733,91.666365,1.398201,0
2012-12-03,sz.002425,6.1200,6.1700,5.9500,5.9500,6.1200,345800,2102688.0000,3,0.621942,1,-2.777800,23.940049,2.536269,89.120077,1.359362,0
2012-12-04,sz.002425,5.8500,6.0400,5.6700,6.0100,5.9500,431485,2525142.0800,3,0.776052,1,1.008400,24.181461,2.561844,90.018767,1.373069,0
2012-12-05,sz.002425,6.0100,6.2700,5.9900,6.1800,6.0100,793457,4907928.0300,3,1.427081,1,2.828600,24.865462,2.634309,92.565055,1.411908,0
2012-12-06,sz.002425,6.1800,6.2100,6.1200,6.1500,6.1800,342343,2111878.0900,3,0.615725,1,-0.485400,24.744756,2.621521,92.115710,1.405054,0
2012-12-07,sz.002425,6.1900,6.3000,6.1400,6.2900,6.1500,795239,4963960.2300,3,1.430286,1,2.276400,25.308051,2.681198,94.212653,1.437039,0
2012-12-10,sz.002425,6.2900,6.5500,6.2700,6.4300,6.2900,641845,4106684.4000,3,1.154397,1,2.225800,25.871347,2.740875,96.309596,1.469024,0
2012-12-11,sz.002425,6.3600,6.4400,6.3200,6.3600,6.4300,495897,3164957.4600,3,0.891901,1,-1.088600,25.589699,2.711037,95.261125,1.453032,0
2012-12-12,sz.002425,6.3500,6.4400,6.2800,6.3300,6.3600,613240,3884420.3900,3,1.102950,1,-0.471700,25.468993,2.698249,94.811780,1.446178,0
2012-12-13,sz.002425,6.3400,6.3400,6.2000,6.2100,6.3300,453681,2832798.0200,3,0.815973,1,-1.895700,24.986168,2.647097,93.014400,1.418762,0
2012-12-14,sz.002425,6.1900,6.4700,6.1900,6.4600,6.2100,1039304,6642628.3500,3,1.869252,1,4.025800,25.992053,2.753663,96.758941,1.475878,0
2012-12-17,sz.002425,6.4200,6.5600,6.4200,6.5200,6.4600,617240,4011080.4000,3,1.110144,1,0.928800,26.233465,2.779239,97.657631,1.489586,0
2012-12-18,sz.002425,6.4500,7.1700,6.4500,7.1700,6.5200,3495571,24480653.1200,3,6.286998,1,9.969300,28.848765,3.056310,107.393438,1.638088,0
2012-12-19,sz.002425,7.7500,7.8900,7.3200,7.3900,7.1700,9056076,69013589.0400,3,16.287906,1,3.068300,29.733943,3.150088,110.688634,1.688350,0
2012-12-20,sz.002425,7.4200,7.4500,6.9700,7.1500,7.3900,5491533,39215364.9700,3,9.876858,1,-3.247600,28.768294,3.047785,107.093875,1.633519,0
2012-12-21,sz.002425,7.0700,7.1400,6.8800,6.9900,7.1500,3886335,27246878.7700,3,6.989811,1,-2.237800,28.124528,2.979583,104.697368,1.596964,0
2012-12-24,sz.002425,6.9500,7.0600,6.9100,7.0000,6.9900,2170407,15230858.4200,3,3.903610,1,0.143100,28.164763,2.983845,104.847150,1.599249,0
2012-12-25,sz.002425,6.9800,7.1500,6.9100,7.0900,7.0000,2989884,21116430.6900,3,5.377489,1,1.285700,28.526882,3.022209,106.195185,1.619811,0
2012-12-26,sz.002425,7.0900,7.0900,7.0900,7.0900,7.0900,0,0.0000,3,,0,0.000000,28.526882,3.022209,106.195185,1.619811,0
2012-12-27,sz.002425,7.1600,7.2000,6.9500,6.9600,7.0900,3032269,21452891.4500,3,5.453721,1,-1.833600,28.003822,2.966795,104.248023,1.590110,0
2012-12-28,sz.002425,6.9000,7.0100,6.7700,7.0000,6.9600,2134875,14710171.5800,3,3.839703,1,0.574700,28.164763,2.983845,104.847150,1.599249,0
2012-12-31,sz.002425,6.9800,7.0300,6.9200,7.0300,7.0000,1345110,9384771.8400,3,2.419263,1,0.428600,28.285469,2.996633,105.296495,1.606103,0
2013-01-04,sz.002425,7.0500,7.1000,6.9000,7.0100,7.0300,1396792,9811418.9600,3,2.512216,1,-0.284500,28.204999,2.988108,104.996932,1.601534,0
2013-01-07,sz.002425,7.0100,7.2300,7.0000,7.2100,7.0100,2278376,16282471.1400,3,4.097799,1,2.853100,29.009706,3.073361,107.992564,1.647226,0
2013-01-08,sz.002425,7.2400,7.2500,7.0600,7.1700,7.2100,2239081,16004278.8500,3,4.027124,1,-0.554800,28.848765,3.056310,107.393438,1.638088,0
2013-01-09,sz.002425,7.1700,7.2800,7.1000,7.1900,7.1700,2162692,15522964.6300,3,3.889734,1,0.278900,28.929235,3.064836,107.693001,1.642657,0
2013-01-10,sz.002425,7.1800,7.2300,7.1200,7.2000,7.1900,1518368,10884363.7800,3,2.730878,1,0.139100,28.969471,3.069098,107.842783,1.644942,0
2013-01-11,sz.002425,7.2100,7.2400,6.9100,6.9200,7.2000,2018418,14282995.2300,3,3.630248,1,-3.888900,27.842880,2.949744,103.648897,1.580972,0
2013-01-14,sz.002425,6.8800,7.1400,6.8200,7.1200,6.9200,1595667,11200924.7700,3,2.869905,1,2.890200,28.647588,3.034997,106.644530,1.626665,0
2013-01-15,sz.002425,7.1400,7.4400,7.1000,7.2900,7.1200,3533266,25749893.9600,3,6.354795,1,2.387600,29.331589,3.107462,109.190818,1.665504,0
2013-01-16,sz.002425,7.3000,7.4500,7.1700,7.4300,7.2900,3478041,25477827.6500,3,6.255469,1,1.920400,29.894884,3.167139,111.287761,1.697489,0
2013-01-17,sz.002425,7.4900,7.4900,7.2200,7.3100,7.4300,2040546,14892798.9100,3,3.670047,1,-1.615100,29.412060,3.115987,109.490381,1.670073,0
2013-01-18,sz.002425,7.2500,7.7500,7.2500,7.5000,7.3100,3529893,26486805.4400,3,6.348728,1,2.599200,30.176532,3.196977,112.336232,1.713481,0
2013-01-21,sz.002425,7.4700,7.6600,7.3300,7.4400,7.5000,1532650,11390131.2500,3,2.756565,1,-0.800000,29.935120,3.171401,111.437542,1.699773,0
2013-01-22,sz.002425,7.4700,7.5000,7.2500,7.3100,7.4400,1493508,10996957.6500,3,2.686165,1,-1.747300,29.412060,3.115987,109.490381,1.670073,0
2013-01-23,sz.002425,7.3100,7.4000,7.0800,7.2000,7.3100,1474266,10645197.4800,3,2.651558,1,-1.504800,28.969471,3.069098,107.842783,1.644942,0
2013-01-24,sz.002425,7.2500,7.3300,7.0200,7.0500,7.2000,1491904,10662268.7700,3,2.683281,1,-2.083300,28.365940,3.005159,105.596058,1.610672,0
2013-01-25,sz.002425,7.0800,7.0800,6.9600,7.0200,7.0500,615721,4325287.9300,3,1.107412,1,-0.425500,28.245234,2.992371,105.146713,1.603818,0
2013-01-28,sz.002425,7.0800,7.2400,7.0100,7.1800,7.0200,1102410,7887967.6800,3,1.982752,1,2.279200,28.889000,3.060573,107.543220,1.640373,0
2013-01-29,sz.002425,7.1400,7.3400,7.1400,7.3000,7.1800,1038130,7544329.3000,3,1.867140,1,1.671300,29.371824,3.111725,109.340599,1.667788,0
2013-01-30,sz.002425,7.4100,7.4100,7.1900,7.3000,7.3000,1205631,8755709.6500,3,2.168401,1,0.000000,29.371824,3.111725,109.340599,1.667788,0
2013-01-31,sz.002425,7.3700,7.9000,7.1500,7.8500,7.3000,4136670,31164736.6800,3,7.440054,1,7.534200,31.584770,3.346169,117.578590,1.793444,0
2013-02-01,sz.002425,7.6900,8.5900,7.5200,8.2100,7.8500,9504852,75832636.3900,3,17.095058,1,4.586000,33.033244,3.499624,122.970729,1.875691,0
2013-02-04,sz.002425,8.0300,8.4800,7.8200,7.8500,8.2100,4936955,39188347.2200,3,8.879415,1,-4.384900,31.584770,3.346169,117.578590,1.793444,0
2013-02-05,sz.002425,7.7500,7.7900,7.4800,7.6500,7.8500,2391682,18212256.6700,3,4.301586,1,-2.547800,30.780063,3.260917,114.582957,1.747751,0
2013-02-06,sz.002425,7.6500,7.7200,7.5700,7.6800,7.6500,1074485,8214397.3000,3,1.932527,1,0.392200,30.900769,3.273705,115.032302,1.754605,0
2013-02-07,sz.002425,7.6700,7.7400,7.5600,7.6500,7.6800,978911,7457713.5600,3,1.760631,1,-0.390600,30.780063,3.260917,114.582957,1.747751,0
2013-02-08,sz.002425,7.6000,7.9300,7.6000,7.8300,7.6500,2735979,21327700.8600,3,4.920826,1,2.352900,31.504299,3.337644,117.279026,1.788874,0
2013-02-18,sz.002425,7.8200,8.1000,7.7000,8.0500,7.8300,1890937,14870445.4600,3,3.400966,1,2.809700,32.389478,3.431422,120.574222,1.839136,0
2013-02-19,sz.002425,7.9600,7.9800,7.8500,7.8700,8.0500,1512114,11959086.2200,3,2.719629,1,-2.236000,31.665241,3.354695,117.878153,1.798013,0
2013-02-20,sz.002425,7.8400,8.0400,7.8100,7.9500,7.8700,885154,7019048.3400,3,1.592004,1,1.016500,31.987124,3.388796,119.076406,1.816290,0
2013-02-21,sz.002425,7.9500,7.9600,7.6800,7.6900,7.9500,1141220,8900278.9700,3,2.052554,1,-3.270400,30.941004,3.277967,115.182083,1.756889,0
2013-02-22,sz.002425,7.7000,7.7700,7.6000,7.6900,7.6900,665355,5126484.9200,3,1.196682,1,0.000000,30.941004,3.277967,115.182083,1.756889,0
2013-02-25,sz.002425,7.7500,7.8900,7.6700,7.8000,7.6900,988220,7655149.1800,3,1.777374,1,1.430400,31.383593,3.324856,116.829681,1.782020,0
2013-02-26,sz.002425,7.7800,8.0100,7.6900,7.8800,7.8000,1666368,13045189.3300,3,2.997065,1,1.025600,31.705476,3.358957,118.027935,1.800297,0
2013-02-27,sz.002425,7.8700,8.1700,7.8700,8.1100,7.8800,2771742,22272962.4300,3,4.985147,1,2.918800,32.630890,3.456998,121.472912,1.852844,0
2013-02-28,sz.002425,8.2400,8.2900,8.0900,8.1200,8.1100,2975078,24267753.7200,3,5.350860,1,0.123300,46.574686,3.268465,-284.888155,1.853905,0
2013-03-01,sz.002425,8.1300,8.2400,8.0200,8.1900,8.1200,2132020,17282142.0800,3,3.834568,1,0.862100,46.976192,3.296642,-287.344087,1.869887,0
2013-03-04,sz.002425,8.1600,8.2600,8.0200,8.1000,8.1900,2798348,22825574.1800,3,5.033000,1,-1.098900,46.459970,3.260415,-284.186460,1.849339,0
2013-03-05,sz.002425,8.0400,8.4600,8.0400,8.3900,8.1000,2785022,23014277.0200,3,5.009032,1,3.580200,48.123351,3.377146,-294.361037,1.915550,0
2013-03-06,sz.002425,8.3900,8.6500,8.3300,8.5700,8.3900,2787057,23671909.2000,3,5.012692,1,2.145400,49.155795,3.449599,-300.676292,1.956646,0
2013-03-07,sz.002425,8.6500,8.6800,8.4200,8.4500,8.5700,1612419,13676798.2300,3,2.900034,1,-1.400200,48.467499,3.401297,-296.466122,1.929249,0
2013-03-08,sz.002425,8.5200,8.6300,8.3100,8.3300,8.4500,1163924,9786014.0000,3,2.093388,1,-1.420100,47.779204,3.352994,-292.255952,1.901851,0
2013-03-11,sz.002425,8.3000,8.4000,8.2900,8.3400,8.3300,752417,6278435.2700,3,1.353268,1,0.120000,47.836561,3.357020,-292.606800,1.904134,0
2013-03-12,sz.002425,8.3200,8.3600,8.1500,8.2700,8.3400,1675631,13827399.0700,3,3.013725,1,-0.839300,47.435056,3.328843,-290.150867,1.888152,0
2013-03-13,sz.002425,8.2200,8.3300,8.1700,8.2200,8.2700,619608,5100616.0300,3,1.114403,1,-0.604600,47.148266,3.308717,-288.396630,1.876736,0
2013-03-14,sz.002425,8.2500,8.3800,8.1800,8.3500,8.2200,927054,7675432.1900,3,1.667363,1,1.581500,47.893919,3.361045,-292.957647,1.906417,0
2013-03-15,sz.002425,8.3900,8.3900,8.2200,8.3300,8.3500,744399,6202612.5300,3,1.338847,1,-0.239500,47.779204,3.352994,-292.255952,1.901851,0
2013-03-18,sz.002425,8.2700,8.4900,8.2200,8.3800,8.3300,885360,7405339.0000,3,1.592374,1,0.600200,48.065993,3.373120,-294.010190,1.913267,0
2013-03-19,sz.002425,8.3800,8.4800,8.2900,8.4400,8.3800,1422194,11909630.0000,3,2.557903,1,0.716000,48.410141,3.397272,-296.115275,1.926965,0
2013-03-20,sz.002425,8.4500,8.8800,8.3900,8.8500,8.4400,3516996,30549508.0000,3,6.325532,1,4.857800,50.761819,3.562305,-310.500021,2.020574,0
2013-03-21,sz.002425,8.7800,8.9200,8.6900,8.8200,8.8500,2178912,19236736.0000,3,3.918906,1,-0.339000,50.589745,3.550229,-309.447479,2.013725,0
2013-03-22,sz.002425,8.7800,8.9300,8.7600,8.8900,8.8200,1373722,12162108.0000,3,2.470723,1,0.793700,50.991251,3.578406,-311.903411,2.029706,0
2013-03-25,sz.002425,9.5500,9.7500,9.1200,9.1600,8.8900,8588516,79893544.0000,3,15.446971,1,3.037100,52.539916,3.687086,-321.376293,2.091351,0
2013-03-26,sz.002425,8.9800,10.0800,8.9300,10.0800,9.1600,14565353,141870160.0000,3,26.196678,1,10.043700,57.816851,4.057405,-353.654262,2.301399,0
2013-03-27,sz.002425,10.1000,10.5000,9.8200,10.1200,10.0800,14272701,145105856.0000,3,25.670326,1,0.396800,58.046283,4.073506,-355.057651,2.310532,0
2013-03-28,sz.002425,9.8200,10.1600,9.6500,9.8700,10.1200,7560028,74846656.0000,3,13.597173,1,-2.470400,56.612334,3.972876,-346.286464,2.253454,0
2013-03-29,sz.002425,9.7000,10.0400,9.7000,9.8400,9.8700,4279262,42161816.0000,3,7.696514,1,-0.303900,56.440260,3.960800,-345.233922,2.246604,0
2013-04-01,sz.002425,9.6600,9.8900,9.4900,9.8000,9.8400,3446799,33518434.0000,3,6.199279,1,-0.406500,56.210828,3.944699,-343.830532,2.237472,0
2013-04-02,sz.002425,7.4800,7.6200,7.3000,7.4700,7.4900,4803483,35846744.0000,3,6.645660,1,-0.267000,55.700342,3.908875,-340.707989,2.217152,0
2013-04-03,sz.002425,7.4000,7.5100,7.3100,7.4500,7.4700,2167048,16047506.0000,3,2.998129,1,-0.267700,55.551211,3.898410,-339.795786,2.211216,0
2013-04-08,sz.002425,7.4400,7.4700,7.2000,7.4600,7.4500,2413505,17767116.0000,3,3.339105,1,0.134200,55.625776,3.903642,-340.251888,2.214184,0
2013-04-09,sz.002425,7.4500,7.5600,7.4000,7.5000,7.4600,1934221,14473514.0000,3,2.676011,1,0.536200,55.924038,3.924573,-342.076295,2.226056,0
2013-04-10,sz.002425,7.5300,7.5800,7.3500,7.4300,7.5000,1818622,13536065.0000,3,2.516079,1,-0.933300,55.402080,3.887944,-338.883583,2.205280,0
2013-04-11,sz.002425,7.4300,7.4800,7.3300,7.3400,7.4300,1508818,11133071.0000,3,2.087463,1,-1.211300,54.730992,3.840849,-334.778667,2.178567,0
2013-04-12,sz.002425,7.3600,7.4100,7.3200,7.3400,7.3400,1078867,7932302.0000,3,1.492622,1,0.000000,54.730992,3.840849,-334.778667,2.178567,0
2013-04-15,sz.002425,7.3100,7.3800,7.2700,7.3600,7.3400,969766,7105465.0000,3,1.341680,1,0.272500,54.880122,3.851315,-335.690870,2.184503,0
2013-04-16,sz.002425,7.3000,7.4000,7.3000,7.4000,7.3600,999554,7356574.0000,3,1.382892,1,0.543478,55.178384,3.872246,-337.515277,2.196375,0
2013-04-17,sz.002425,7.4000,7.4200,7.3400,7.4000,7.4000,1187749,8762284.0000,3,1.643261,1,0.000000,55.178384,3.872246,-337.515277,2.196375,0
2013-04-18,sz.002425,7.4000,7.5000,7.3400,7.4400,7.4000,1473134,10908945.0000,3,2.038094,1,0.540500,55.476645,3.893177,-339.339684,2.208248,0
2013-04-19,sz.002425,7.4400,7.7000,7.4100,7.6300,7.4400,3284003,24815020.0000,3,4.543446,1,2.553764,56.893388,3.992599,-348.005617,2.264641,0
2013-04-22,sz.002425,7.5500,7.5500,7.1600,7.2500,7.6300,6865369,50198028.0000,3,9.498297,1,-4.980300,54.059903,3.793754,-330.673751,2.151854,0
2013-04-23,sz.002425,7.2400,7.3000,7.0600,7.2100,7.2500,1772672,12763654.0000,3,2.452507,1,-0.551700,53.761642,3.772823,-328.849345,2.139982,0
2013-04-24,sz.002425,7.0700,7.2600,7.0200,7.1600,7.2100,2797629,19976572.0000,3,3.870544,1,-0.693500,53.388815,3.746659,-326.568836,2.125142,0
2013-04-25,sz.002425,7.0900,7.1400,6.5800,6.7100,7.1600,2851352,19409838.0000,3,3.944870,1,-6.284900,50.033372,3.511185,-306.044258,1.991578,0
2013-04-26,sz.002425,6.6300,6.7900,6.4200,6.4300,6.7100,1848322,12191389.0000,3,2.557169,1,-4.172879,46.030118,3.173543,45.729133,1.898881,0
2013-05-02,sz.002425,6.4800,6.5200,6.2800,6.5200,6.4300,748581,4787819.0000,3,1.035668,1,1.399700,46.674397,3.217963,46.369199,1.925459,0
2013-05-03,sz.002425,6.5200,6.7200,6.5100,6.6700,6.5200,1166333,7746596.5000,3,1.613632,1,2.300615,47.748194,3.291995,47.435975,1.969756,0
2013-05-06,sz.002425,6.7200,6.7600,6.6500,6.7300,6.6700,1279353,8561771.0000,3,1.769996,1,0.899500,48.177713,3.321609,47.862685,1.987475,0
2013-05-07,sz.002425,6.7300,6.7400,6.6700,6.7100,6.7300,572802,3838481.0000,3,0.792476,1,-0.297200,48.034540,3.311738,47.720448,1.981569,0
2013-05-08,sz.002425,6.7100,6.7600,6.5300,6.5800,6.7100,1428714,9445599.0000,3,1.976638,1,-1.937400,47.103916,3.247576,46.795909,1.943178,0
2013-05-09,sz.002425,6.5900,6.6000,6.4400,6.5600,6.5800,917312,5988968.0000,3,1.269109,1,-0.304000,46.960743,3.237705,46.653672,1.937272,0
2013-05-10,sz.002425,6.5000,6.5900,6.4800,6.5700,6.5600,669688,4375576.0000,3,0.926519,1,0.152400,47.032329,3.242640,46.724791,1.940225,0
2013-05-13,sz.002425,6.5500,6.5700,6.3800,6.4800,6.5700,5022240,32255644.0000,3,6.948312,1,-1.369900,46.388051,3.198221,46.084725,1.913646,0
2013-05-14,sz.002425,6.3700,6.3700,6.0100,6.2000,6.4800,4871364,30140294.0000,3,6.739574,1,-4.321000,44.383629,3.060026,44.093410,1.830958,0
2013-05-15,sz.002425,6.1700,6.2800,6.1200,6.2200,6.2000,2166265,13446478.0000,3,2.997046,1,0.322600,44.526802,3.069897,44.235646,1.836864,0
2013-05-16,sz.002425,6.2400,6.2600,6.1700,6.2100,6.2200,2284346,14195190.0000,3,3.160412,1,-0.160800,44.455215,3.064961,44.164528,1.833911,0
2013-05-17,sz.002425,6.2200,6.3300,6.2000,6.3200,6.2100,2986766,18736196.0000,3,4.132216,1,1.771300,45.242667,3.119252,44.946830,1.866396,0
2013-05-20,sz.002425,6.3500,6.4900,6.2700,6.4600,6.3200,3312698,21181776.0000,3,4.583146,1,2.215200,46.244878,3.188349,45.942488,1.907740,0
2013-05-21,sz.002425,6.4700,6.6400,6.4300,6.6300,6.4600,3531912,23133588.0000,3,4.886431,1,2.631580,47.461848,3.272253,47.151501,1.957944,0
2013-05-22,sz.002425,6.6300,6.6300,6.4600,6.5200,6.6300,2248309,14738074.0000,3,3.110555,1,-1.659100,46.674397,3.217963,46.369199,1.925459,0
2013-05-23,sz.002425,6.4800,6.5900,6.4600,6.4800,6.5200,1916425,12490769.0000,3,2.651390,1,-0.613500,46.388051,3.198221,46.084725,1.913646,0
2013-05-24,sz.002425,6.4800,6.7100,6.4700,6.6900,6.4800,1855011,12175780.0000,3,2.566424,1,3.240700,47.891367,3.301867,47.578211,1.975663,0
2013-05-27,sz.002425,6.7000,6.9700,6.6600,6.9200,6.6900,4763932,32541548.0000,3,6.590941,1,3.438000,49.537856,3.415384,49.213935,2.043585,0
2013-05-28,sz.002425,6.9200,6.9400,6.7400,6.8000,6.9200,2372210,16183002.0000,3,3.281973,1,-1.734100,48.678818,3.356157,48.360514,2.008147,0
2013-05-29,sz.002425,6.7800,6.9400,6.7600,6.9200,6.8000,2204363,15203885.0000,3,3.049755,1,1.764700,49.537856,3.415384,49.213935,2.043585,0
2013-05-30,sz.002425,6.9300,6.9800,6.8500,6.9000,6.9200,1775707,12250251.0000,3,2.456706,1,-0.289000,49.394683,3.405513,49.071698,2.037679,0
2013-05-31,sz.002425,6.9100,6.9700,6.8200,6.8400,6.9000,2560272,17670582.0000,3,3.542158,1,-0.869564,48.965164,3.375899,48.644987,2.019960,0
2013-06-03,sz.002425,6.8100,6.8700,6.5500,6.8400,6.8400,3481560,23194296.0000,3,4.816768,1,0.000000,48.965164,3.375899,48.644987,2.019960,0
2013-06-04,sz.002425,6.7800,6.8300,6.5900,6.8300,6.8400,2156237,14451401.0000,3,2.983172,1,-0.146200,48.893578,3.370964,48.573869,2.017007,0
2013-06-05,sz.002425,6.7700,7.3700,6.6700,7.0400,6.8300,6856874,48121624.0000,3,9.486544,1,3.074700,50.396894,3.474610,50.067355,2.079023,0
2013-06-06,sz.002425,7.0000,7.0000,6.6100,6.6300,7.0400,3499087,23637888.0000,3,4.841017,1,-5.823900,47.461848,3.272253,47.151501,1.957944,0
2013-06-07,sz.002425,6.6300,6.6700,6.3100,6.4300,6.6300,2128842,13719789.0000,3,2.945271,1,-3.016600,46.030118,3.173543,45.729133,1.898881,0
2013-06-13,sz.002425,6.3400,6.3400,6.1000,6.2600,6.4300,1377659,8536929.0000,3,1.802275,1,-2.643900,44.813148,3.089639,44.520120,1.848677,0
2013-06-14,sz.002425,6.2500,6.3900,6.2400,6.3300,6.2600,689534,4356874.0000,3,0.902059,1,1.118200,45.314253,3.124188,45.017949,1.869349,0
2013-06-17,sz.002425,6.3500,6.4400,6.2000,6.3800,6.3300,706729,4472914.0000,3,0.924554,1,0.789900,45.672186,3.148865,45.373541,1.884115,0
2013-06-18,sz.002425,6.3700,6.4500,6.3300,6.4100,6.3800,647639,4133939.0000,3,0.847251,1,0.470200,45.886945,3.163672,45.586896,1.892974,0
2013-06-19,sz.002425,6.3100,6.4700,6.2000,6.4100,6.4100,758989,4824217.0000,3,0.992921,1,0.000000,45.886945,3.163672,45.586896,1.892974,0
2013-06-20,sz.002425,6.4000,6.4700,6.2800,6.2900,6.4100,908351,5804819.0000,3,1.188319,1,-1.872100,45.027907,3.104446,44.733475,1.857536,0
2013-06-21,sz.002425,6.2100,6.2200,6.0500,6.1600,6.2900,810491,4976634.0000,3,1.060297,1,-2.066800,44.097283,3.040284,43.808936,1.819145,0
2013-06-24,sz.002425,6.1500,6.3000,5.6200,6.1400,6.1600,1723875,10435637.0000,3,2.255200,1,-0.324700,43.954110,3.030413,43.666699,1.813239,0
2013-06-25,sz.002425,5.9000,6.1600,5.5300,6.0200,6.1400,1660629,9742217.0000,3,2.172461,1,-1.954400,43.095072,2.971186,42.813278,1.777801,0
2013-06-26,sz.002425,5.9400,6.0600,5.7700,6.0000,6.0200,1240918,7352104.0000,3,1.623388,1,-0.332200,42.951899,2.961315,42.671042,1.771895,0
2013-06-27,sz.002425,6.0000,6.0500,5.7500,5.7500,6.0000,1264356,7497086.0000,3,1.654050,1,-4.166700,41.162236,2.837927,40.893082,1.698066,0
2013-06-28,sz.002425,5.6900,6.0500,5.5200,5.9700,5.7500,1273888,7458565.0000,3,1.666520,1,3.826100,42.737139,2.946509,42.457686,1.763035,0
2013-07-01,sz.002425,5.8900,6.0300,5.8100,6.0000,5.9700,739509,4395368.0000,3,0.967437,1,0.502500,42.951899,2.961315,42.671042,1.771895,0
2013-07-02,sz.002425,5.9500,6.0500,5.8800,6.0500,6.0000,1161959,6952750.0000,3,1.520093,1,0.833300,43.309831,2.985993,43.026634,1.786661,0
2013-07-03,sz.002425,6.1800,6.1800,5.8600,6.0200,6.0500,1338012,8037613.0000,3,1.750408,1,-0.495900,43.095072,2.971186,42.813278,1.777801,0
2013-07-04,sz.002425,6.0500,6.2100,5.9200,6.1500,6.0200,2159269,13090888.0000,3,2.824789,1,2.159500,44.025696,3.035348,43.737818,1.816192,0
2013-07-05,sz.002425,6.1600,6.2100,6.0500,6.1500,6.1500,2294201,14048710.0000,3,3.001310,1,0.000000,44.025696,3.035348,43.737818,1.816192,0
2013-07-08,sz.002425,6.1200,6.1200,5.8800,6.0100,6.1500,2115371,12675433.0000,3,2.767361,1,-2.276400,43.023485,2.966251,42.742160,1.774848,0
2013-07-09,sz.002425,5.9800,6.0300,5.8900,6.0300,6.0100,1494346,8895149.0000,3,1.954927,1,0.332800,43.166658,2.976122,42.884397,1.780754,0
2013-07-10,sz.002425,5.9600,6.1800,5.9000,6.1300,6.0300,1953140,11815720.0000,3,2.555128,1,1.658400,43.882523,3.025477,43.595581,1.810286,0
2013-07-11,sz.002425,6.1300,6.5500,6.0700,6.4500,6.1300,4941025,30952228.0000,3,6.463926,1,5.220200,46.173291,3.183414,45.871370,1.904787,0
2013-07-12,sz.002425,6.3400,6.5900,6.2900,6.4000,6.4500,4012458,25772766.0000,3,5.249160,1,-0.775200,45.815359,3.158736,45.515778,1.890021,0
2013-07-15,sz.002425,6.3100,6.5700,6.3100,6.4300,6.4000,2420573,15587702.0000,3,3.166631,1,0.468800,46.030118,3.173543,45.729133,1.898881,0
2013-07-16,sz.002425,6.3500,6.5500,6.3500,6.4800,6.4300,2747994,17689650.0000,3,3.594969,1,0.777600,46.388051,3.198221,46.084725,1.913646,0
2013-07-17,sz.002425,6.4800,6.6800,6.3600,6.6100,6.4800,5476246,35714744.0000,3,7.164110,1,2.006200,47.318675,3.262382,47.009264,1.952037,0
2013-07-18,sz.002425,6.4900,6.7600,6.4600,6.6600,6.6100,5072250,33589676.0000,3,6.635597,1,0.756400,47.676607,3.287060,47.364856,1.966803,0
2013-07-19,sz.002425,6.6500,6.7500,6.4100,6.6100,6.6600,5211796,34638420.0000,3,6.818153,1,-0.750800,47.318675,3.262382,47.009264,1.952037,0
2013-07-22,sz.002425,6.5000,6.5900,6.3100,6.4200,6.6100,2949722,18992232.0000,3,3.858872,1,-2.874400,45.958532,3.168607,45.658015,1.895927,0
2013-07-23,sz.002425,6.4800,6.6700,6.4300,6.6700,6.4200,5023712,33077586.0000,3,6.572098,1,3.894100,47.748194,3.291995,47.435975,1.969756,0
2013-07-24,sz.002425,6.6600,6.8000,6.4900,6.8000,6.6700,6378025,42529136.0000,3,8.343832,1,1.949000,48.678818,3.356157,48.360514,2.008147,0
2013-07-25,sz.002425,6.7800,6.7900,6.5700,6.6500,6.8000,4421893,29538856.0000,3,5.784789,1,-2.205900,47.605021,3.282124,47.293738,1.963850,0
2013-07-26,sz.002425,6.5800,6.6100,6.4200,6.5000,6.6500,1692033,11005473.0000,3,2.213544,1,-2.255600,46.531224,3.208092,46.226962,1.919553,0
2013-07-29,sz.002425,6.5000,6.5600,6.3600,6.5100,6.5000,2928767,18963748.0000,3,3.831459,1,0.153800,46.602810,3.213027,46.298080,1.922506,0
2013-07-30,sz.002425,6.5000,6.5600,6.3500,6.4600,6.5100,3537233,22846964.0000,3,4.627463,1,-0.768000,46.244878,3.188349,45.942488,1.907740,0
2013-07-31,sz.002425,6.5100,6.5300,6.4000,6.4600,6.4600,3382211,21857550.0000,3,4.424661,1,0.000000,47.720878,3.213935,45.942488,1.907740,0
2013-08-01,sz.002425,6.4500,6.6500,6.4500,6.6300,6.4600,3517506,23072612.0000,3,4.601656,1,2.631600,48.976690,3.298512,47.151501,1.957944,0
2013-08-02,sz.002425,6.6300,6.7500,6.5800,6.6200,6.6300,2524389,16841672.0000,3,3.302445,1,-0.150800,48.902819,3.293537,47.080383,1.954991,0
2013-08-05,sz.002425,6.6300,6.7800,6.6000,6.7800,6.6200,2375644,15948912.0000,3,3.107855,1,2.416900,50.084760,3.373139,48.218277,2.002241,0
2013-08-06,sz.002425,6.7500,7.0000,6.7100,6.9400,6.7800,4534708,31168024.0000,3,5.932376,1,2.359900,51.266701,3.452741,49.356171,2.049492,0
2013-08-07,sz.002425,6.9800,7.0900,6.6000,6.6400,6.9400,4731075,32253262.0000,3,6.189266,1,-4.322800,49.050562,3.303487,47.222619,1.960897,0
2013-08-08,sz.002425,6.6300,6.7400,6.5600,6.6100,6.6400,2381145,15835520.0000,3,3.115051,1,-0.451800,48.828948,3.288562,47.009264,1.952037,0
2013-08-09,sz.002425,6.6600,6.6800,6.4500,6.6100,6.6100,2285665,14990562.0000,3,2.990143,1,0.000000,48.828948,3.288562,47.009264,1.952037,0
2013-08-12,sz.002425,6.6000,6.7200,6.5600,6.7000,6.6100,2827178,18761646.0000,3,3.698558,1,1.361600,49.493790,3.333338,47.649330,1.978616,0
2013-08-13,sz.002425,6.6600,6.7600,6.6500,6.7500,6.7000,2025855,13598087.0000,3,2.650255,1,0.746300,49.863146,3.358213,48.004922,1.993382,0
2013-08-14,sz.002425,6.7100,6.7800,6.5900,6.6600,6.7500,2126942,14259589.0000,3,2.782499,1,-1.333300,68.967817,4.644886,66.397629,2.757130,0
2013-08-15,sz.002425,6.6600,6.7000,6.5500,6.5600,6.6600,1531154,10125477.0000,3,2.003080,1,-1.501500,67.932264,4.575143,65.400667,2.715732,0
2013-08-16,sz.002425,6.5300,6.6900,6.4700,6.5200,6.5600,2358514,15466093.0000,3,3.085445,1,-0.609800,67.518043,4.547246,65.001883,2.699172,0
2013-08-19,sz.002425,6.4700,6.5600,6.4000,6.5500,6.5200,1523577,9879241.0000,3,1.993167,1,0.460100,67.828709,4.568169,65.300971,2.711592,0
2013-08-20,sz.002425,6.5100,6.6500,6.5100,6.6200,6.5500,2003030,13198190.0000,3,2.620395,1,1.068700,68.553596,4.616989,65.998844,2.740571,0
2013-08-21,sz.002425,6.6100,6.6100,6.4000,6.5100,6.6200,2292793,14903351.0000,3,2.999468,1,-1.661600,67.414488,4.540272,64.902186,2.695033,0
2013-08-22,sz.002425,6.4800,6.5500,6.3700,6.3900,6.5100,2151527,13832518.0000,3,2.814661,1,-1.843300,66.171824,4.456580,63.705833,2.645355,0
2013-08-23,sz.002425,6.3800,6.4200,6.1300,6.2200,6.3900,2643347,16525305.0000,3,3.458068,1,-2.660400,64.411385,4.338017,62.010998,2.574977,0
2013-08-26,sz.002425,6.2200,6.3100,6.2100,6.3000,6.2200,1758847,11020237.0000,3,2.300951,1,1.286200,65.239827,4.393812,62.808568,2.608096,0
2013-08-27,sz.002425,6.3200,6.6200,6.2700,6.6000,6.3000,3240443,20866598.0000,3,4.239198,1,4.761900,68.346485,4.603041,65.799452,2.732291,0
2013-08-28,sz.002425,6.5800,6.7300,6.4800,6.5800,6.6000,6243217,41426540.0000,3,8.167474,1,-0.303000,68.139375,4.589092,65.600059,2.724011,0
2013-08-29,sz.002425,6.5800,6.6600,6.3600,6.5800,6.5800,2683191,17310110.0000,3,3.510192,1,0.000000,68.139375,4.589092,265.708282,2.681921,0
2013-08-30,sz.002425,6.5100,6.6000,6.4300,6.4600,6.5800,2865633,18773110.0000,3,3.748866,1,-1.823700,66.896711,4.505400,260.862538,2.633011,0
2013-09-02,sz.002425,6.4600,6.4600,6.3000,6.4100,6.4600,1816490,11576680.0000,3,2.376361,1,-0.774000,66.378935,4.470529,258.843478,2.612631,0
2013-09-03,sz.002425,6.4900,6.4900,6.3900,6.4600,6.4100,1614845,10381747.0000,3,2.112565,1,0.780000,66.896711,4.505400,260.862538,2.633011,0
2013-09-04,sz.002425,6.4300,6.5500,6.4000,6.5300,6.4600,1775762,11528219.0000,3,2.323080,1,1.083600,67.621598,4.554220,263.689222,2.661542,0
2013-09-05,sz.002425,6.5300,6.5600,6.4700,6.5100,6.5300,1748690,11398287.0000,3,2.287664,1,-0.306300,67.414488,4.540272,262.881598,2.653390,0
2013-09-06,sz.002425,6.5100,6.6700,6.4200,6.5900,6.5100,3011863,19771112.0000,3,3.940166,1,1.228900,68.242930,4.596066,266.112094,2.685997,0
2013-09-09,sz.002425,6.5900,6.6500,6.5700,6.6000,6.5900,2261693,14963016.0000,3,2.958782,1,0.151700,68.346485,4.603041,266.515906,2.690073,0
2013-09-10,sz.002425,6.6000,6.6100,6.5400,6.5900,6.6000,2401127,15780067.0000,3,3.141192,1,-0.151500,68.242930,4.596066,266.112094,2.685997,0
2013-09-11,sz.002425,6.6100,6.7000,6.4600,6.5400,6.5900,3502843,22972818.0000,3,4.582474,1,-0.758700,67.725154,4.561195,264.093034,2.665618,0
2013-09-12,sz.002425,6.5100,6.5500,6.4300,6.5300,6.5400,2017758,13101184.0000,3,2.639662,1,-0.152900,67.621598,4.554220,263.689222,2.661542,0
2013-09-13,sz.002425,6.5200,6.6900,6.4700,6.6800,6.5300,3594167,23775591.0000,3,4.701945,1,2.297100,69.174928,4.658835,269.746401,2.722680,0
2013-09-16,sz.002425,6.7000,6.7500,6.5700,6.6400,6.6800,3555312,23657871.0000,3,4.651115,1,-0.598800,68.760706,4.630938,268.131153,2.706376,0
2013-09-17,sz.002425,6.6100,6.6400,6.5400,6.5500,6.6400,1669327,10961425.0000,3,2.183840,1,-1.355400,67.828709,4.568169,264.496846,2.669693,0
2013-09-18,sz.002425,6.5400,6.6400,6.5100,6.6200,6.5500,1206196,7946241.0000,3,1.577964,1,1.068700,68.553596,4.616989,267.323529,2.698224,0
2013-09-23,sz.002425,6.6000,6.7800,6.6000,6.7800,6.6200,3289026,22024337.0000,3,4.302755,1,2.416900,70.210480,4.728578,273.784521,2.763438,0
2013-09-24,sz.002425,6.7400,6.8400,6.6800,6.8000,6.7800,2756389,18678100.0000,3,3.605951,1,0.295000,70.417591,4.742527,274.592145,2.771590,0
2013-09-25,sz.002425,6.8100,6.8100,6.6600,6.7200,6.8000,2281652,15342673.0000,3,2.984893,1,-1.176500,69.589149,4.686732,271.361649,2.738983,0
2013-09-26,sz.002425,6.7100,6.7100,6.5500,6.5500,6.7200,1600139,10590908.0000,3,2.093327,1,-2.529800,67.828709,4.568169,264.496846,2.669693,0
2013-09-27,sz.002425,6.5200,6.5900,6.4500,6.4900,6.5500,1339627,8710479.0000,3,1.752521,1,-0.916000,67.207377,4.526323,262.073974,2.645238,0
2013-09-30,sz.002425,6.4900,6.5500,6.3900,6.4900,6.4900,1284386,8295840.0000,3,1.680254,1,0.000000,67.207377,4.526323,262.073974,2.645238,0
2013-10-08,sz.002425,6.4700,6.5800,6.4400,6.5500,6.4900,1296169,8457253.0000,3,1.695668,1,0.924500,67.828709,4.568169,264.496846,2.669693,0
2013-10-09,sz.002425,6.0000,6.7500,6.0000,6.7100,6.5500,7845236,50240097.0000,3,10.263260,1,2.442700,69.485593,4.679758,270.957837,2.734907,0
2013-10-10,sz.002425,6.5900,6.8700,6.5500,6.7900,6.7100,5625677,37765951.0000,3,7.359598,1,1.192300,70.314036,4.735552,274.188333,2.767514,0
2013-10-11,sz.002425,6.7800,6.8400,6.6900,6.7700,6.7900,4040679,27334275.0000,3,5.286079,1,-0.294600,70.106925,4.721604,273.380709,2.759363,0
2013-10-14,sz.002425,6.7900,7.1600,6.7300,7.0300,6.7700,7804679,54422152.0000,3,10.210203,1,3.840500,72.799362,4.902936,283.879821,2.865335,0
2013-10-15,sz.002425,7.0300,7.0300,6.8500,7.0100,7.0300,5254999,36410434.0000,3,6.874672,1,-0.284500,72.592252,4.888987,283.072197,2.857183,0
2013-10-16,sz.002425,7.0500,7.2000,6.9600,7.1000,7.0100,8980502,63735222.0000,3,11.748433,1,1.283900,73.524249,4.951756,286.706504,2.893866,0
2013-10-17,sz.002425,7.0600,7.3800,6.9700,6.9800,7.1000,6547779,46691406.0000,3,8.565907,1,-1.690100,72.281586,4.868064,281.860761,2.844956,0
2013-10-18,sz.002425,6.9100,7.1200,6.9100,6.9800,6.9800,2714090,19041694.0000,3,3.550615,1,0.000000,72.281586,4.868064,281.860761,2.844956,0
2013-10-21,sz.002425,6.9800,7.1000,6.9500,7.0800,6.9800,2873311,20215167.0000,3,3.758910,1,1.432700,73.317139,4.937807,285.898880,2.885714,0
2013-10-22,sz.002425,7.1000,7.2100,7.0400,7.2000,7.0800,3609286,25778831.0000,3,4.721724,1,1.694900,74.559802,5.021499,290.744624,2.934625,0
2013-10-23,sz.002425,7.1600,7.1900,6.8200,7.0700,7.2000,3385328,23785353.0000,3,4.428739,1,-1.805600,73.213584,4.930833,285.495068,2.881639,0
2013-10-24,sz.002425,7.0600,7.1000,6.9300,6.9400,7.0700,1645854,11509777.0000,3,2.153132,1,-1.838800,71.867365,4.840167,280.245513,2.828652,0
2013-10-25,sz.002425,7.0300,7.2200,6.9100,7.0500,6.9400,6250667,44286048.0000,3,8.177220,1,1.585000,73.006473,4.916884,284.687445,2.873487,0
2013-10-28,sz.002425,7.0400,7.2800,7.0000,7.2500,7.0500,6707256,47857759.0000,3,8.774537,1,2.836900,75.077579,5.056370,292.763684,2.955004,0
2013-10-29,sz.002425,7.2500,7.2800,6.9400,7.2000,7.2500,6004101,42633543.0000,3,7.854659,1,-0.689700,122.854834,5.127988,6.270968,1.910234,0
2013-10-30,sz.002425,7.2000,7.5200,7.1200,7.3300,7.2000,8675021,63363710.0000,3,11.348798,1,1.805600,125.073046,5.220577,6.384194,1.944724,0
2013-10-31,sz.002425,7.3000,7.4400,7.2400,7.4200,7.3300,6578738,48307780.0000,3,8.606408,1,1.227800,126.608732,5.284677,6.462581,1.968602,0
2013-11-01,sz.002425,7.4300,7.4600,7.3000,7.3100,7.4200,4543289,33433348.0000,3,5.943602,1,-1.482500,124.731783,5.206333,6.366775,1.939418,0
2013-11-04,sz.002425,7.3000,7.3200,7.0600,7.2300,7.3100,3987190,28791562.0000,3,5.216104,1,-1.094400,123.366729,5.149355,6.297097,1.918193,0
2013-11-05,sz.002425,7.2000,7.4100,7.1600,7.4100,7.2300,4973958,36453745.0000,3,6.507009,1,2.489600,126.438100,5.277555,6.453871,1.965949,0
2013-11-06,sz.002425,7.4400,7.6000,7.2700,7.6000,7.4100,9121750,67634242.0000,3,11.933216,1,2.564100,129.680103,5.412877,6.619355,2.016358,0
2013-11-07,sz.002425,7.5200,7.8300,7.4600,7.8300,7.6000,8233894,63224047.0000,3,10.771709,1,3.026300,133.604632,5.576687,6.819678,2.077379,0
2013-11-08,sz.002425,7.8400,8.1900,7.7500,8.1100,7.8300,11318289,91207346.0000,3,14.806762,1,3.576000,138.382320,5.776109,7.063549,2.151666,0
2013-11-11,sz.002425,8.0900,8.1900,7.9800,8.1200,8.1100,6624735,53559404.0000,3,8.666582,1,0.123300,138.552952,5.783231,7.072259,2.154319,0
2013-11-12,sz.002425,8.1000,8.3100,8.0000,8.0600,8.1200,5934383,48047450.0000,3,7.763452,1,-0.738900,137.529162,5.740498,7.020000,2.138401,0
2013-11-13,sz.002425,8.0100,8.0700,7.9100,8.0000,8.0600,4070266,32566093.0000,3,5.324785,1,-0.744400,136.505371,5.697765,6.967742,2.122482,0
2013-11-14,sz.002425,7.9500,8.2600,7.9500,8.1400,8.0000,3771950,30684578.0000,3,4.934524,1,1.750000,138.894215,5.797476,7.089678,2.159626,0
2013-11-15,sz.002425,8.0800,8.2000,8.0700,8.1200,8.1400,3246532,26419451.0000,3,4.247164,1,-0.245700,138.552952,5.783231,7.072259,2.154319,0
2013-11-18,sz.002425,8.2400,8.3800,8.1200,8.3300,8.1200,4475428,37042394.0000,3,5.854825,1,2.586200,142.136218,5.932798,7.255162,2.210035,0
2013-11-19,sz.002425,8.3800,8.4000,8.2200,8.2500,8.3300,3766449,31205247.0000,3,4.927327,1,-0.960400,140.771164,5.875820,7.185484,2.188810,0
2013-11-20,sz.002425,8.3000,8.3000,8.1000,8.2400,8.2500,2661066,21758418.0000,3,3.481248,1,-0.121200,140.600532,5.868698,7.176775,2.186157,0
2013-11-21,sz.002425,8.2100,8.3800,8.0800,8.3600,8.2400,2424683,19880597.0000,3,3.172008,1,1.456300,142.648113,5.954164,7.281291,2.217994,0
2013-11-22,sz.002425,8.3600,8.4800,8.2200,8.2800,8.3600,2228753,18554112.0000,3,2.915689,1,-0.956900,141.283059,5.897187,7.211613,2.196769,0
2013-11-25,sz.002425,8.1700,8.3200,8.1000,8.2500,8.2800,2807833,23000596.0000,3,3.673251,1,-0.362300,140.771164,5.875820,7.185484,2.188810,0
2013-11-26,sz.002425,8.2400,8.3300,8.1800,8.2200,8.2500,1741770,14396094.0000,3,2.278611,1,-0.363600,140.259269,5.854453,7.159355,2.180850,0
2013-11-27,sz.002425,8.2100,8.2900,8.1400,8.2500,8.2200,3040776,25046762.0000,3,3.977991,1,0.365000,140.771164,5.875820,7.185484,2.188810,0
2013-11-28,sz.002425,8.3500,8.4200,8.2100,8.2600,8.2500,2144582,17758434.0000,3,2.805576,1,0.121200,140.941796,5.882942,7.194194,2.191463,0
2013-11-29,sz.002425,8.3000,8.3000,8.1300,8.1800,8.2600,2208705,18132396.0000,3,2.889462,1,-0.968500,139.576742,5.825965,7.124517,2.170238,0
2013-12-02,sz.002425,7.9100,8.3900,7.9100,8.2800,8.1800,3429438,28297194.0000,3,4.486444,1,1.222500,141.283059,5.897187,7.211613,2.196769,0
2013-12-03,sz.002425,8.3000,8.4400,8.1100,8.4200,8.2800,4133791,34488915.0000,3,5.407890,1,1.690800,143.671903,5.996898,7.333549,2.233912,0
2013-12-04,sz.002425,8.4100,8.6400,8.3500,8.6200,8.4200,3540000,30302510.0000,3,4.631083,1,2.375300,147.084538,6.139342,7.507742,2.286974,0
2013-12-05,sz.002425,8.6400,9.3300,8.5900,9.0700,8.6200,5749871,51851885.0000,3,7.522071,1,5.220400,154.762965,6.459841,7.899678,2.406364,0
2013-12-06,sz.002425,9.0200,9.1700,8.8900,8.9300,9.0700,3893125,35168346.0000,3,5.093047,1,-1.543600,152.374121,6.360130,7.777742,2.369221,0
2013-12-09,sz.002425,8.9500,8.9600,8.7300,8.7900,8.9300,3150360,27814931.0000,3,4.121350,1,-1.567700,149.985277,6.260419,7.655807,2.332077,0
2013-12-10,sz.002425,8.8500,9.0400,8.7100,8.9900,8.7900,4115674,36521072.0000,3,1.479394,1,2.275300,153.397911,6.402863,7.830000,2.385139,0
2013-12-11,sz.002425,9.0200,9.1500,8.9300,9.0400,8.9900,2365515,21410948.0000,3,0.850293,1,0.556200,154.251070,6.438474,7.873549,2.398405,0
2013-12-12,sz.002425,9.1500,9.1500,8.7900,8.8000,9.0400,2058752,18379386.0000,3,0.740026,1,-2.654900,150.155908,6.267541,7.664517,2.334730,0
2013-12-13,sz.002425,8.7700,8.8700,8.5400,8.8000,8.8000,2472866,21647748.0000,3,0.888881,1,0.000000,150.155908,6.267541,7.664517,2.334730,0
2013-12-16,sz.002425,8.8400,9.1000,8.7200,8.9000,8.8000,1516266,13490080.0000,3,0.545027,1,1.136400,151.862226,6.338764,7.751613,2.361261,0
2013-12-17,sz.002425,8.9400,8.9400,8.6100,8.6500,8.9000,2009057,17546962.0000,3,0.722163,1,-2.809000,147.596433,6.160708,7.533871,2.294934,0
2013-12-18,sz.002425,8.7300,8.7500,8.6000,8.6600,8.6500,719051,6230323.0000,3,0.258465,1,0.115600,147.767064,6.167831,7.542581,2.297587,0
2013-12-19,sz.002425,8.6400,8.9000,8.5500,8.6700,8.6600,1119906,9806903.0000,3,0.402554,1,0.115500,147.937696,6.174953,7.551291,2.300240,0
2013-12-20,sz.002425,8.6800,8.7800,8.6700,8.7200,8.6700,986754,8590637.0000,3,0.354692,1,0.576700,148.790855,6.210564,7.594839,2.313506,0
2013-12-23,sz.002425,8.7100,8.9400,7.9000,8.5100,8.7200,2167794,18745582.0000,3,0.779221,1,-2.408300,145.207589,6.060997,7.411936,2.257790,0
2013-12-24,sz.002425,8.4900,8.7900,8.3000,8.4000,8.5100,2384751,20195326.0000,3,0.857207,1,-1.292600,143.330640,5.982653,7.316129,2.228606,0
2013-12-25,sz.002425,8.3900,8.6500,8.3500,8.6400,8.4000,4240835,35907957.0000,3,1.524384,1,2.857100,147.425801,6.153586,7.525162,2.292281,0
2013-12-26,sz.002425,8.5700,8.9500,8.5000,8.8000,8.6400,6267068,55112457.0000,3,2.252720,1,1.851900,150.155908,6.267541,7.664517,2.334730,0
2013-12-27,sz.002425,8.8000,9.0200,8.7300,8.8200,8.8000,5021383,44560749.0000,3,1.804954,1,0.227300,150.497172,6.281786,7.681936,2.340037,0
2013-12-30,sz.002425,8.8000,9.3500,8.7000,8.7600,8.8200,4814241,43087720.0000,3,1.730496,1,-0.680300,149.473382,6.239053,7.629678,2.324118,0
2013-12-31,sz.002425,8.8000,8.8600,8.5500,8.6300,8.7600,4549061,39448184.0000,3,1.635176,1,-1.484000,147.255169,6.146464,7.516452,2.289628,0
2014-01-02,sz.002425,8.6300,8.8300,8.6000,8.8300,8.6300,2978487,26074025.0000,3,1.070628,1,2.317500,150.667804,6.288908,7.690646,2.342690,0
2014-01-03,sz.002425,8.8300,8.8800,8.7100,8.8500,8.8300,2473400,21725806.0000,3,0.889073,1,0.226500,151.009067,6.303152,7.708065,2.347996,0
2014-01-06,sz.002425,8.8000,8.8700,8.7200,8.8600,8.8500,1839655,16232027.0000,3,0.661271,1,0.113000,151.179699,6.310275,7.716775,2.350649,0
2014-01-07,sz.002425,8.7500,9.0800,8.6500,8.8000,8.8600,3274294,28857285.0000,3,1.176957,1,-0.677200,150.155908,6.267541,7.664517,2.334730,0
2014-01-08,sz.002425,8.7500,8.8000,8.6400,8.6500,8.8000,1226291,10653964.0000,3,0.440795,1,-1.704500,147.596433,6.160708,7.533871,2.294934,0
2014-01-09,sz.002425,8.6500,8.8100,8.5200,8.6300,8.6500,2569554,22192467.0000,3,0.923636,1,-0.231200,147.255169,6.146464,7.516452,2.289628,0
2014-01-10,sz.002425,8.6300,8.8800,8.6000,8.8800,8.6300,2657610,23333052.0000,3,0.955288,1,2.896900,151.520962,6.324519,7.734194,2.355955,0
2014-01-13,sz.002425,8.8800,9.3400,8.6900,9.3200,8.8800,6661536,60082673.0000,3,2.394513,1,4.955000,159.028758,6.637896,8.117420,2.472692,0
2014-01-14,sz.002425,9.3200,9.3900,9.0500,9.2000,9.3200,5067468,46339456.0000,3,1.821520,1,-1.287600,156.981177,6.552430,8.012904,2.440854,0
2014-01-15,sz.002425,9.1700,9.3100,8.9600,9.0700,9.2000,5017412,45941351.0000,3,1.803527,1,-1.413000,154.762965,6.459841,7.899678,2.406364,0
2014-01-16,sz.002425,9.0100,9.0600,8.7600,8.9000,9.0700,3988690,35369428.0000,3,1.433749,1,-1.874300,151.862226,6.338764,7.751613,2.361261,0
2014-01-17,sz.002425,8.8700,8.8700,8.5000,8.6000,8.9000,3288551,28366134.0000,3,1.182082,1,-3.370800,146.743274,6.125097,7.490323,2.281668,0
2014-01-20,sz.002425,8.6500,8.7600,8.4000,8.7500,8.6000,4112060,35313056.0000,3,1.478095,1,1.744200,149.302750,6.231930,7.620968,2.321465,0
2014-01-21,sz.002425,8.6700,9.0000,8.6700,9.0000,8.7500,3014142,26801919.0000,3,1.083444,1,2.857100,153.568543,6.409986,7.838710,2.387792,0
2014-01-22,sz.002425,9.0000,9.8500,8.9300,9.6000,9.0000,7917719,73429802.0000,3,2.846053,1,6.666700,163.806446,6.837318,8.361291,2.546979,0
2014-01-23,sz.002425,9.6500,10.0500,9.5000,10.0000,9.6000,9489263,93440339.0000,3,3.410950,1,4.166700,170.631714,7.122206,8.709678,2.653103,0
2014-01-24,sz.002425,9.9600,10.1000,9.8000,10.0300,10.0000,5676400,56240937.0000,3,2.040403,1,0.300000,171.143609,7.143573,8.735807,2.661062,0
2014-01-27,sz.002425,10.0100,10.3000,9.8500,10.0300,10.0300,4537411,45459827.0000,3,1.630989,1,0.000000,171.143609,7.143573,8.735807,2.661062,0
2014-01-28,sz.002425,10.0300,10.2100,9.7600,10.1600,10.0300,8048387,80469761.0000,3,2.893022,1,1.296100,173.361822,7.236162,8.849033,2.695552,0
2014-01-29,sz.002425,10.0100,10.1700,9.8400,9.8600,10.1600,2563402,25485430.0000,3,0.921424,1,-2.952800,168.242870,7.022495,8.587742,2.615959,0
2014-01-30,sz.002425,9.8800,9.9900,9.6000,9.9700,9.8600,4513387,43848393.0000,3,1.622353,1,1.115600,170.119819,7.100840,8.683549,2.645143,0
2014-02-07,sz.002425,9.8400,10.0000,9.7500,9.9400,9.9700,2669354,26400040.0000,3,0.959509,1,-0.300900,169.607924,7.079473,8.657420,2.637184,0
2014-02-10,sz.002425,9.7800,10.2900,9.7800,10.1800,9.9400,3997815,40360739.0000,3,1.437029,1,2.414500,173.703085,7.250406,8.866452,2.700858,0
2014-02-11,sz.002425,9.9500,10.2000,9.8900,10.1400,10.1800,3555072,35595691.0000,3,1.277884,1,-0.392900,173.020558,7.221917,8.831613,2.690246,0
2014-02-12,sz.002425,10.0000,11.0000,10.0000,10.3000,10.1400,5377110,56033059.0000,3,1.932822,1,1.577900,175.750666,7.335872,8.970968,2.732696,0
2014-02-13,sz.002425,10.2900,10.4900,10.1100,10.3800,10.3000,3977643,40871346.0000,3,1.429778,1,0.776700,177.115719,7.392850,9.040646,2.753921,0
2014-02-14,sz.002425,10.4000,10.6000,10.1400,10.3700,10.3800,5214056,53723849.0000,3,1.874211,1,-0.096300,176.945088,7.385728,9.031936,2.751267,0
2014-02-17,sz.002425,10.3100,10.6000,10.2400,10.4500,10.3700,4116419,42947731.0000,3,1.479662,1,0.771500,178.310141,7.442705,9.101613,2.772492,0
2014-02-18,sz.002425,10.3900,11.5000,10.3200,11.0900,10.4500,9532519,103659966.0000,3,3.426499,1,6.124400,189.230571,7.898527,9.659033,2.942291,0
2014-02-19,sz.002425,10.9700,11.0000,10.6700,10.7100,11.0900,3907315,42314696.0000,3,1.404499,1,-3.426500,182.746566,7.627883,9.328065,2.841473,0
2014-02-20,sz.002425,10.7500,10.9800,10.3200,10.3200,10.7100,5429508,57263965.0000,3,1.951656,1,-3.641500,176.091929,7.350117,8.988388,2.738002,0
2014-02-21,sz.002425,10.3200,10.5100,10.1500,10.4200,10.3200,4657724,48184515.0000,3,1.674236,1,0.969000,177.798246,7.421339,9.075484,2.764533,0
2014-02-24,sz.002425,10.2800,10.7800,10.2300,10.7300,10.4200,2869343,30172226.0000,3,1.031396,1,2.975000,183.087829,7.642127,9.345484,2.846779,0
2014-02-25,sz.002425,10.6700,10.8000,10.2800,10.5300,10.7300,3584811,38106894.0000,3,1.288573,1,-1.863900,179.675195,7.499683,9.171291,2.793717,0
2014-02-26,sz.002425,10.4300,10.7200,10.2100,10.5900,10.5300,2999284,31635760.0000,3,1.078104,1,0.569800,180.698985,7.542416,9.223549,2.809636,0
2014-02-27,sz.002425,10.4800,11.0400,10.4600,10.6400,10.5900,6542911,70141442.0000,3,2.351873,1,0.472100,181.552144,7.578027,9.267097,2.822901,0
2014-02-28,sz.002425,10.4800,10.7500,10.0000,10.6000,10.6400,4860833,50103033.0000,3,1.747244,1,-0.375900,162.750231,8.163608,40.508874,2.813647,0
2014-03-03,sz.002425,10.4500,10.7100,10.4500,10.6500,10.6000,3227789,34275899.0000,3,1.160240,1,0.471700,163.517921,8.202115,40.699954,2.826919,0
2014-03-04,sz.002425,10.6500,10.6500,10.4200,10.5100,10.6500,2469523,26029031.0000,3,0.887679,1,-1.314600,161.368390,8.094294,40.164931,2.789758,0
2014-03-05,sz.002425,10.5200,10.6500,10.3600,10.4900,10.5100,3061131,32098727.0000,3,1.100335,1,-0.190300,161.061314,8.078891,40.088499,2.784449,0
2014-03-06,sz.002425,10.4900,11.1300,10.4900,11.0000,10.4900,15826828,172626267.0000,3,5.689011,1,4.861800,168.891750,8.471668,42.037511,2.919823,0
2014-03-07,sz.002425,11.0000,11.0000,11.0000,11.0000,11.0000,0,0.0000,3,,0,0.000000,168.891750,8.471668,42.037511,2.919823,0
2014-03-10,sz.002425,11.0000,11.0000,11.0000,11.0000,11.0000,0,0.0000,3,,0,0.000000,168.891750,8.471668,42.037511,2.919823,0
2014-03-11,sz.002425,10.2000,10.5000,9.9000,10.2000,11.0000,7477494,75051894.0000,3,2.687812,1,-7.272700,156.608713,7.855547,38.980238,2.707472,0
2014-03-12,sz.002425,10.0500,10.3000,9.4500,9.4600,10.2000,3782679,36831004.0000,3,1.359698,1,-7.254900,145.246905,7.285635,36.152260,2.511047,0
2014-03-13,sz.002425,9.3000,9.4500,8.7700,9.4100,9.4600,5170591,46955674.0000,3,1.858588,1,-0.528500,144.479215,7.247127,35.961180,2.497775,0
2014-03-14,sz.002425,9.1900,9.6200,9.1100,9.5400,9.4100,3386576,31970949.0000,3,1.217317,1,1.381500,146.475208,7.347247,36.457987,2.532282,0
2014-03-17,sz.002425,9.5400,9.7000,9.5000,9.5700,9.5400,1659553,15890249.0000,3,0.596532,1,0.314500,146.935822,7.370351,36.572635,2.540246,0
2014-03-18,sz.002425,9.6000,9.6500,9.4800,9.5600,9.5700,2168268,20754097.0000,3,0.779392,1,-0.104500,146.782284,7.362650,36.534419,2.537591,0
2014-03-19,sz.002425,9.6000,9.7000,9.4500,9.5100,9.5600,1741989,16587003.0000,3,0.626164,1,-0.523000,146.014594,7.324142,36.343339,2.524319,0
2014-03-20,sz.002425,9.4500,9.5300,8.6400,8.6500,9.5100,3822944,34799530.0000,3,1.374171,1,-9.043100,132.810330,6.661812,33.056770,2.296042,0
2014-03-21,sz.002425,8.6900,9.2700,8.6900,9.2400,8.6500,4657010,41812504.0000,3,1.673979,1,6.820800,141.869070,7.116201,35.311509,2.452651,0
2014-03-24,sz.002425,9.2400,9.2400,9.2400,9.2400,9.2400,0,0.0000,3,,0,0.000000,141.869070,7.116201,35.311509,2.452651,0
2014-03-25,sz.002425,9.2400,9.2400,9.2400,9.2400,9.2400,0,0.0000,3,,0,0.000000,141.869070,7.116201,35.311509,2.452651,0
2014-03-26,sz.002425,9.2400,9.2400,9.2400,9.2400,9.2400,0,0.0000,3,,0,0.000000,141.869070,7.116201,35.311509,2.452651,0
2014-03-27,sz.002425,9.2400,9.2400,9.2400,9.2400,9.2400,0,0.0000,3,,0,0.000000,141.869070,7.116201,35.311509,2.452651,0
2014-03-28,sz.002425,9.2400,9.2400,9.2400,9.2400,9.2400,0,0.0000,3,,0,0.000000,141.869070,7.116201,35.311509,2.452651,0
2014-03-31,sz.002425,9.2400,9.2400,9.2400,9.2400,9.2400,0,0.0000,3,,0,0.000000,141.869070,7.116201,35.311509,2.452651,0
2014-04-01,sz.002425,9.2400,9.2400,9.2400,9.2400,9.2400,0,0.0000,3,,0,0.000000,141.869070,7.116201,35.311509,2.452651,0
2014-04-02,sz.002425,9.2400,9.2400,9.2400,9.2400,9.2400,0,0.0000,3,,0,0.000000,141.869070,7.116201,35.311509,2.452651,0
2014-04-03,sz.002425,9.2400,9.2400,9.2400,9.2400,9.2400,0,0.0000,3,,0,0.000000,141.869070,7.116201,35.311509,2.452651,0
2014-04-04,sz.002425,9.2400,9.2400,9.2400,9.2400,9.2400,0,0.0000,3,,0,0.000000,141.869070,7.116201,35.311509,2.452651,0
2014-04-08,sz.002425,9.2400,9.2400,9.2400,9.2400,9.2400,0,0.0000,3,,0,0.000000,141.869070,7.116201,35.311509,2.452651,0
2014-04-09,sz.002425,9.2400,9.2400,9.2400,9.2400,9.2400,0,0.0000,3,,0,0.000000,141.869070,7.116201,35.311509,2.452651,0
2014-04-10,sz.002425,9.2400,9.2400,9.2400,9.2400,9.2400,0,0.0000,3,,0,0.000000,141.869070,7.116201,35.311509,2.452651,0
2014-04-11,sz.002425,9.2400,9.2400,9.2400,9.2400,9.2400,0,0.0000,3,,0,0.000000,141.869070,7.116201,35.311509,2.452651,0
2014-04-14,sz.002425,9.2400,9.2400,9.2400,9.2400,9.2400,0,0.0000,3,,0,0.000000,141.869070,7.116201,35.311509,2.452651,0
2014-04-15,sz.002425,9.2400,9.2400,9.2400,9.2400,9.2400,0,0.0000,3,,0,0.000000,141.869070,7.116201,35.311509,2.452651,0
2014-04-16,sz.002425,9.2400,9.2400,9.2400,9.2400,9.2400,0,0.0000,3,,0,0.000000,141.869070,7.116201,35.311509,2.452651,0
2014-04-17,sz.002425,9.2400,9.2400,9.2400,9.2400,9.2400,0,0.0000,3,,0,0.000000,141.869070,7.116201,35.311509,2.452651,0
2014-04-18,sz.002425,9.2400,9.2400,9.2400,9.2400,9.2400,0,0.0000,3,,0,0.000000,141.869070,7.116201,35.311509,2.452651,0
2014-04-21,sz.002425,9.2400,9.2400,9.2400,9.2400,9.2400,0,0.0000,3,,0,0.000000,141.869070,7.116201,35.311509,2.452651,0
2014-04-22,sz.002425,9.2400,9.2400,9.2400,9.2400,9.2400,0,0.0000,3,,0,0.000000,141.869070,7.116201,35.311509,2.452651,0
2014-04-23,sz.002425,9.2400,9.2400,9.2400,9.2400,9.2400,0,0.0000,3,,0,0.000000,141.869070,7.116201,35.311509,2.452651,0
2014-04-24,sz.002425,9.2400,9.2400,9.2400,9.2400,9.2400,0,0.0000,3,,0,0.000000,141.869070,7.116201,35.311509,2.452651,0
2014-04-25,sz.002425,9.2400,9.2400,9.2400,9.2400,9.2400,0,0.0000,3,,0,0.000000,141.869070,7.116201,35.311509,2.452651,0
2014-04-28,sz.002425,9.2400,9.2400,9.2400,9.2400,9.2400,0,0.0000,3,,0,0.000000,141.869070,7.116201,35.311509,2.452651,0
2014-04-29,sz.002425,9.2400,9.2400,9.2400,9.2400,9.2400,0,0.0000,3,,0,0.000000,186.812224,7.705623,77.506739,2.454373,0
2014-04-30,sz.002425,9.2400,9.2400,9.2400,9.2400,9.2400,0,0.0000,3,,0,0.000000,186.812224,7.705623,77.506739,2.454373,0
2014-05-05,sz.002425,9.2400,9.2400,9.2400,9.2400,9.2400,0,0.0000,3,,0,0.000000,186.812224,7.705623,77.506739,2.454373,0
2014-05-06,sz.002425,9.2400,9.2400,9.2400,9.2400,9.2400,0,0.0000,3,,0,0.000000,186.812224,7.705623,77.506739,2.454373,0
2014-05-07,sz.002425,9.2400,9.2400,9.2400,9.2400,9.2400,0,0.0000,3,,0,0.000000,186.812224,7.705623,77.506739,2.454373,0
2014-05-08,sz.002425,9.2400,9.2400,9.2400,9.2400,9.2400,0,0.0000,3,,0,0.000000,186.812224,7.705623,77.506739,2.454373,0
2014-05-09,sz.002425,9.2400,9.2400,9.2400,9.2400,9.2400,0,0.0000,3,,0,0.000000,186.812224,7.705623,77.506739,2.454373,0
2014-05-12,sz.002425,9.2400,9.2400,9.2400,9.2400,9.2400,0,0.0000,3,,0,0.000000,186.812224,7.705623,77.506739,2.454373,0
2014-05-13,sz.002425,9.2400,9.2400,9.2400,9.2400,9.2400,0,0.0000,3,,0,0.000000,186.812224,7.705623,77.506739,2.454373,0
2014-05-14,sz.002425,9.2100,9.2100,9.2100,9.2100,9.2100,0,0.0000,3,,0,0.000000,186.205690,7.680605,77.255093,2.446404,0
2014-05-15,sz.002425,9.2100,9.2100,9.2100,9.2100,9.2100,0,0.0000,3,,0,0.000000,186.205690,7.680605,77.255093,2.446404,0
2014-05-16,sz.002425,9.2100,9.2100,9.2100,9.2100,9.2100,0,0.0000,3,,0,0.000000,186.205690,7.680605,77.255093,2.446404,0
2014-05-19,sz.002425,9.2100,9.2100,9.2100,9.2100,9.2100,0,0.0000,3,,0,0.000000,186.205690,7.680605,77.255093,2.446404,0
2014-05-20,sz.002425,9.2100,9.2100,9.2100,9.2100,9.2100,0,0.0000,3,,0,0.000000,186.205690,7.680605,77.255093,2.446404,0
2014-05-21,sz.002425,9.2100,9.2100,9.2100,9.2100,9.2100,0,0.0000,3,,0,0.000000,186.205690,7.680605,77.255093,2.446404,0
2014-05-22,sz.002425,9.2100,9.2100,9.2100,9.2100,9.2100,0,0.0000,3,,0,0.000000,186.205690,7.680605,77.255093,2.446404,0
2014-05-23,sz.002425,9.2100,9.2100,9.2100,9.2100,9.2100,0,0.0000,3,,0,0.000000,186.205690,7.680605,77.255093,2.446404,0
2014-05-26,sz.002425,9.2100,9.2100,9.2100,9.2100,9.2100,0,0.0000,3,,0,0.000000,186.205690,7.680605,77.255093,2.446404,0
2014-05-27,sz.002425,9.2100,9.2100,9.2100,9.2100,9.2100,0,0.0000,3,,0,0.000000,186.205690,7.680605,77.255093,2.446404,0
2014-05-28,sz.002425,9.2100,9.2100,9.2100,9.2100,9.2100,0,0.0000,3,,0,0.000000,186.205690,7.680605,77.255093,2.446404,0
2014-05-29,sz.002425,9.2100,9.2100,9.2100,9.2100,9.2100,0,0.0000,3,,0,0.000000,186.205690,7.680605,77.255093,2.446404,0
2014-05-30,sz.002425,9.2100,9.2100,9.2100,9.2100,9.2100,0,0.0000,3,,0,0.000000,186.205690,7.680605,77.255093,2.446404,0
2014-06-03,sz.002425,9.2100,9.2100,9.2100,9.2100,9.2100,0,0.0000,3,,0,0.000000,186.205690,7.680605,77.255093,2.446404,0
2014-06-04,sz.002425,9.2100,9.2100,9.2100,9.2100,9.2100,0,0.0000,3,,0,0.000000,186.205690,7.680605,77.255093,2.446404,0
2014-06-05,sz.002425,9.2100,9.2100,9.2100,9.2100,9.2100,0,0.0000,3,,0,0.000000,186.205690,7.680605,77.255093,2.446404,0
2014-06-06,sz.002425,9.2100,9.2100,9.2100,9.2100,9.2100,0,0.0000,3,,0,0.000000,186.205690,7.680605,77.255093,2.446404,0
2014-06-09,sz.002425,9.2100,9.2100,9.2100,9.2100,9.2100,0,0.0000,3,,0,0.000000,186.205690,7.680605,77.255093,2.446404,0
2014-06-10,sz.002425,9.2100,9.2100,9.2100,9.2100,9.2100,0,0.0000,3,,0,0.000000,186.205690,7.680605,77.255093,2.446404,0
2014-06-11,sz.002425,9.2100,9.2100,9.2100,9.2100,9.2100,0,0.0000,3,,0,0.000000,186.205690,7.680605,77.255093,2.446404,0
2014-06-12,sz.002425,9.2100,9.2100,9.2100,9.2100,9.2100,0,0.0000,3,,0,0.000000,186.205690,7.680605,77.255093,2.446404,0
2014-06-13,sz.002425,9.2100,9.2100,9.2100,9.2100,9.2100,0,0.0000,3,,0,0.000000,186.205690,7.680605,77.255093,2.446404,0
2014-06-16,sz.002425,9.2100,9.2100,9.2100,9.2100,9.2100,0,0.0000,3,,0,0.000000,186.205690,7.680605,77.255093,2.446404,0
2014-06-17,sz.002425,9.2100,9.2100,9.2100,9.2100,9.2100,0,0.0000,3,,0,0.000000,186.205690,7.680605,77.255093,2.446404,0
2014-06-18,sz.002425,9.2100,9.2100,9.2100,9.2100,9.2100,0,0.0000,3,,0,0.000000,186.205690,7.680605,77.255093,2.446404,0
2014-06-19,sz.002425,9.2100,9.2100,9.2100,9.2100,9.2100,0,0.0000,3,,0,0.000000,186.205690,7.680605,77.255093,2.446404,0
2014-06-20,sz.002425,10.1300,10.1300,10.1300,10.1300,9.2100,2931329,29694362.0000,3,1.053677,1,9.989100,204.806042,8.447832,84.972215,2.690779,0
2014-06-23,sz.002425,10.8000,11.1300,10.1200,11.1300,10.1300,16374507,173788577.0000,3,5.885876,1,9.871700,225.023815,9.281774,93.360390,2.956404,0
2014-06-24,sz.002425,10.7800,10.9500,10.5200,10.7200,11.1300,8483491,91404177.0000,3,3.049422,1,-3.683700,216.734528,8.939857,89.921238,2.847498,0
2014-06-25,sz.002425,10.8700,11.3000,10.7000,10.8000,10.7200,7728225,84748990.0000,3,2.777939,1,0.746300,218.351950,9.006573,90.592292,2.868747,0
2014-06-26,sz.002425,10.8000,11.1500,10.5500,10.8200,10.8000,6998046,75776354.0000,3,2.515473,1,0.185200,218.756305,9.023252,90.760055,2.874060,0
2014-06-27,sz.002425,10.7600,11.1800,10.7600,10.9200,10.8200,8223209,90165529.0000,3,2.955862,1,0.924200,220.778083,9.106646,91.598873,2.900622,0
2014-06-30,sz.002425,10.8100,10.8100,10.3700,10.4600,10.9200,6982485,73576612.0000,3,2.509880,1,-4.212500,211.477907,8.723032,87.740312,2.778435,0
2014-07-01,sz.002425,10.4800,10.6500,10.3800,10.5500,10.4600,4178478,43862046.0000,3,1.501969,1,0.860400,213.297506,8.798087,88.495248,2.802341,0
2014-07-02,sz.002425,10.5600,10.6000,10.1000,10.3400,10.5500,5718229,58702735.0000,3,2.055438,1,-1.990500,209.051774,8.622959,86.733731,2.746560,0
2014-07-03,sz.002425,10.4600,10.4600,10.1500,10.1900,10.3400,3852397,39429887.0000,3,1.384758,1,-1.450700,206.019108,8.497868,85.475505,2.706716,0
2014-07-04,sz.002425,10.2200,10.4900,10.1200,10.4000,10.1900,3802699,39253098.0000,3,1.366894,1,2.060800,210.264841,8.672996,87.237022,2.762498,0
2014-07-07,sz.002425,10.4000,10.6200,10.3300,10.5500,10.4000,4841723,50677544.0000,3,1.740375,1,1.442300,213.297506,8.798087,88.495248,2.802341,0
2014-07-08,sz.002425,10.5600,10.5600,10.1400,10.2900,10.5500,4071372,41872081.0000,3,1.463469,1,-2.464500,208.040885,8.581262,86.314323,2.733279,0
2014-07-09,sz.002425,10.5000,11.3200,10.5000,11.3200,10.2900,22114598,247095331.0000,3,7.949173,1,10.009700,228.865192,9.440222,94.954143,3.006872,0
2014-07-10,sz.002425,11.6800,12.4500,11.5800,12.4500,11.3200,16525653,201804828.0000,3,5.940206,1,9.982300,251.711275,10.382577,104.432781,3.307028,0
2014-07-11,sz.002425,12.6000,13.2700,12.4600,12.9700,12.4500,20451439,261156122.0000,3,7.351344,1,4.176700,262.224517,10.816227,108.794632,3.445153,0
2014-07-14,sz.002425,12.6400,12.6900,11.7000,12.0400,12.9700,19966827,241563595.0000,3,7.177148,1,-7.170400,243.421988,10.040661,100.993629,3.198122,0
2014-07-15,sz.002425,12.2100,12.8300,12.0700,12.1500,12.0400,13468316,166632264.0000,3,4.841235,1,0.913600,245.645943,10.132394,101.916328,3.227341,0
2014-07-16,sz.002425,11.7600,11.8300,11.3600,11.7500,12.1500,8611502,100116199.0000,3,3.095436,1,-3.292200,237.558834,9.798818,98.561058,3.121091,0
2014-07-17,sz.002425,11.6100,11.7900,11.3300,11.6400,11.7500,5413175,62463065.0000,3,1.945785,1,-0.936200,235.334879,9.707084,97.638359,3.091872,0
2014-07-18,sz.002425,11.5900,11.6800,11.2000,11.2700,11.6400,7485993,85361246.0000,3,2.690867,1,-3.178700,227.854303,9.398525,94.534734,2.993591,0
2014-07-21,sz.002425,11.3300,11.5600,10.9300,11.2200,11.2700,5009571,56204889.0000,3,1.800708,1,-0.443700,226.843414,9.356828,94.115326,2.980310,0
2014-07-22,sz.002425,11.2000,11.4000,10.9000,11.2800,11.2200,4871354,54791944.0000,3,1.751026,1,0.534800,228.056481,9.406865,94.618616,2.996247,0
2014-07-23,sz.002425,11.1500,11.4400,10.8600,11.0000,11.2800,5091106,56595286.0000,3,1.830017,1,-2.482300,222.395504,9.173361,92.269927,2.921872,0
2014-07-24,sz.002425,11.1000,11.1200,10.4500,10.5600,11.0000,6290547,67131642.0000,3,2.261160,1,-4.000000,213.499684,8.806427,88.579130,2.804998,0
2014-07-25,sz.002425,10.5000,10.6300,10.3500,10.6000,10.5600,2721162,28576741.0000,3,0.978132,1,0.378800,214.308395,8.839784,88.914657,2.815623,0
2014-07-28,sz.002425,10.6100,10.9200,10.4800,10.8100,10.6000,3703788,39698102.0000,3,1.331340,1,1.981100,218.554127,9.014912,90.676174,2.871404,0
2014-07-29,sz.002425,10.8200,11.0900,10.7200,10.8900,10.8100,4986141,54618896.0000,3,1.792286,1,0.740100,220.171549,9.081627,91.347228,2.892654,0
2014-07-30,sz.002425,10.8900,10.9600,10.7800,10.8600,10.8900,3017822,32806842.0000,3,1.084767,1,-0.275500,219.565016,9.056609,91.095582,2.884685,0
2014-07-31,sz.002425,10.8000,10.9700,10.7200,10.9400,10.8600,2991306,32537014.0000,3,1.075236,1,0.736600,1119.041573,9.294586,91.766636,2.905935,0
2014-08-01,sz.002425,10.9900,11.3800,10.8500,10.8500,10.9400,5237272,58201196.0000,3,1.882556,1,-0.822700,1109.835564,9.218122,91.011701,2.882029,0
2014-08-04,sz.002425,10.7800,10.8600,10.6200,10.7800,10.8500,3446758,37041339.0000,3,1.238950,1,-0.645200,1102.675334,9.158650,90.424528,2.863435,0
2014-08-05,sz.002425,10.8400,11.1000,10.7600,11.0100,10.7800,3628051,39774123.0000,3,1.304116,1,2.133600,1126.201803,9.354058,92.353809,2.924529,0
2014-08-06,sz.002425,10.9500,11.3200,10.8900,11.2700,11.0100,6441640,71969050.0000,3,2.315471,1,2.361500,1152.796940,9.574953,94.534734,2.993591,0
2014-08-07,sz.002425,11.3000,11.3300,11.0100,11.0300,11.2700,2953923,32843213.0000,3,1.061798,1,-2.129600,1128.247582,9.371049,92.521572,2.929841,0
2014-08-08,sz.002425,11.0000,11.2900,11.0000,11.2700,11.0300,3409454,38109377.0000,3,1.225541,1,2.175900,1152.796940,9.574953,94.534734,2.993591,0
2014-08-11,sz.002425,11.2800,11.3400,11.2100,11.2700,11.2700,3173731,35800217.0000,3,1.140809,1,0.000000,1152.796940,9.574953,94.534734,2.993591,0
2014-08-12,sz.002425,11.2500,11.2700,11.1200,11.2000,11.2700,2669082,29851874.0000,3,0.959411,1,-0.621100,1145.636711,9.515481,93.947562,2.974997,0
2014-08-13,sz.002425,11.2300,11.2400,10.8700,11.0400,11.2000,3304011,36505080.0000,3,1.187639,1,-1.428600,1129.270472,9.379545,92.605454,2.932497,0
2014-08-14,sz.002425,11.0900,11.1500,10.8700,10.9100,11.0400,2666703,29408389.0000,3,0.958556,1,-1.177500,1115.972903,9.269098,91.514991,2.897966,0
2014-08-15,sz.002425,10.8900,11.0700,10.6000,11.0600,10.9100,3378381,36642333.0000,3,1.214371,1,1.374900,1131.316252,9.396537,92.773217,2.937810,0
2014-08-18,sz.002425,10.9900,11.6000,10.9300,11.5500,11.0600,6550573,74059440.0000,3,2.354627,1,4.430400,1181.437858,9.812840,96.883423,3.067966,0
2014-08-19,sz.002425,11.5400,11.5900,11.2300,11.3300,11.5500,7354840,83837612.0000,3,2.643724,1,-1.904800,1158.934280,9.625928,95.038025,3.009529,0
2014-08-20,sz.002425,11.3000,11.9000,11.2700,11.8200,11.3300,11445302,134159724.0000,3,4.114055,1,4.324800,1209.055886,10.042231,99.148231,3.139685,0
2014-08-21,sz.002425,11.6800,11.9000,11.2100,11.5600,11.8200,5381229,61939441.0000,3,1.934302,1,-2.199700,1182.460748,9.821336,96.967305,3.070622,0
2014-08-22,sz.002425,11.5000,12.0600,11.3500,11.9300,11.5600,7452462,87029779.0000,3,1.967335,1,3.200700,1220.307675,10.135686,100.070930,3.168903,0
2014-08-25,sz.002425,11.9300,11.9800,11.4400,11.5000,11.9300,6547034,76007162.0000,3,1.728316,1,-3.604400,1176.323409,9.770360,96.464015,3.054685,0
2014-08-26,sz.002425,11.4100,11.4900,11.1000,11.2000,11.5000,4450371,50169461.0000,3,1.174829,1,-2.608700,1145.636711,9.515481,93.947562,2.974997,0
2014-08-27,sz.002425,11.1700,11.4700,11.1600,11.2700,11.2000,3363283,38191395.0000,3,0.887855,1,0.625000,1152.796940,9.574953,94.534734,2.993591,0
2014-08-28,sz.002425,11.2700,11.4000,11.0000,11.0700,11.2700,3031526,33856192.0000,3,0.800276,1,-1.774600,1132.339142,9.405033,34.738012,2.935807,0
2014-08-29,sz.002425,11.0000,11.1500,10.9700,11.1000,11.0700,3925597,43390116.0000,3,1.036297,1,0.271000,1135.407812,9.430521,34.832153,2.943763,0
2014-09-01,sz.002425,11.2400,11.4200,11.0900,11.3000,11.1000,7815443,88298199.0000,3,2.063156,1,1.801800,1155.865610,9.600441,35.459760,2.996803,0
2014-09-02,sz.002425,11.3000,12.0000,11.1000,11.9500,11.3000,17623306,206696995.0000,3,4.652281,1,5.752200,1222.353455,10.152678,37.499480,3.169186,0
2014-09-03,sz.002425,11.8600,12.3900,11.8200,11.9600,11.9500,15455035,186946888.0000,3,4.079891,1,0.083700,1223.376345,10.161174,37.530861,3.171838,0
2014-09-04,sz.002425,12.0000,12.4400,11.7900,12.3900,11.9600,15515901,188212793.0000,3,4.095959,1,3.595300,1267.360612,10.526501,38.880214,3.285876,0
2014-09-05,sz.002425,12.3000,13.1500,12.2500,13.0700,12.3900,16495232,211449240.0000,3,4.354487,1,5.488300,1336.917126,11.104226,41.014076,3.466214,0
2014-09-09,sz.002425,13.2100,13.2400,12.7600,13.0700,13.0700,9458645,122933656.0000,3,2.496936,1,0.000000,1336.917126,11.104226,41.014076,3.466214,0
2014-09-10,sz.002425,12.9400,13.0500,12.6000,12.9200,13.0700,7172806,92147502.0000,3,1.893510,1,-1.147700,1321.573777,10.976787,40.543371,3.426434,0
2014-09-11,sz.002425,12.8500,13.1800,12.8000,12.8300,12.9200,5643485,73345536.0000,3,1.489793,1,-0.696600,1312.367768,10.900323,40.260948,3.402565,0
2014-09-12,sz.002425,12.7200,14.1100,12.7100,14.1100,12.8300,8815400,118656612.0000,3,2.327130,1,9.976600,1443.297678,11.987807,44.277629,3.742026,0
2014-09-15,sz.002425,14.1100,14.9800,14.0000,14.3500,14.1100,11221542,162250037.0000,3,2.962314,1,1.700900,1467.847036,12.191710,45.030757,3.805675,0
2014-09-16,sz.002425,14.4000,14.4400,13.3000,13.4000,14.3500,9746542,134693580.0000,3,2.572937,1,-6.620200,1370.672494,11.384593,42.049626,3.553731,0
2014-09-17,sz.002425,13.4000,13.5500,12.9700,13.2300,13.4000,5780733,76397510.0000,3,1.526024,1,-1.268700,1353.283365,11.240162,41.516161,3.508647,0
2014-09-18,sz.002425,13.2300,13.7200,13.0900,13.1500,13.2300,6898314,92385779.0000,3,1.821049,1,-0.604700,1345.100246,11.172194,41.265118,3.487430,0
2014-09-19,sz.002425,13.0100,14.4700,13.0000,14.4700,13.1500,15162290,210896673.0000,3,4.002611,1,10.038000,1480.121715,12.293661,45.407320,3.837500,0
2014-09-22,sz.002425,15.1300,15.2300,14.4800,15.0200,14.4700,16873887,250912538.0000,3,4.454446,1,3.801000,1536.380661,12.760940,47.133238,3.983362,0
2014-09-23,sz.002425,14.6400,15.1500,14.6100,15.0600,15.0200,6490622,96809910.0000,3,1.713424,1,0.266300,1540.472220,12.794923,47.258759,3.993970,0
2014-09-24,sz.002425,15.0500,15.0500,14.6600,14.7800,15.0600,6137935,90705625.0000,3,1.620320,1,-1.859200,1511.831303,12.557036,46.380110,3.919713,0
2014-09-25,sz.002425,14.7800,14.9700,14.5200,14.7900,14.7800,4547820,66904740.0000,3,1.200554,1,0.067700,1512.854193,12.565532,46.411491,3.922365,0
2014-09-26,sz.002425,14.6400,14.7900,14.0000,14.3100,14.7900,7742345,111341601.0000,3,2.043860,1,-3.245400,1463.755476,12.157726,44.905235,3.795067,0
2014-09-29,sz.002425,14.2800,14.4700,14.1100,14.2600,14.3100,5597680,79802327.0000,3,1.477701,1,-0.349400,1458.641027,12.115246,44.748334,3.781807,0
2014-09-30,sz.002425,14.4000,14.4400,14.1000,14.2200,14.2600,3816984,54307734.0000,3,1.007625,1,-0.280500,1454.549467,12.081262,44.622812,3.771199,0
2014-10-08,sz.002425,14.2700,14.2900,13.8100,14.0000,14.2200,9489094,132846825.0000,3,2.504975,1,-1.547100,1432.045889,11.894351,43.932445,3.712854,0
2014-10-09,sz.002425,14.1500,14.5900,14.0000,14.2300,14.0000,9109144,130280407.0000,3,2.404674,1,1.642900,1455.572357,12.089758,44.654193,3.773851,0
2014-10-10,sz.002425,14.2300,15.2000,14.1200,14.8100,14.2300,12577205,186080558.0000,3,3.320188,1,4.075900,1514.899972,12.582524,46.474251,3.927669,0
2014-10-13,sz.002425,14.8900,15.0500,14.3500,14.9100,14.8100,8357448,122689246.0000,3,2.206237,1,0.675200,1525.128872,12.667484,46.788054,3.954189,0
2014-10-14,sz.002425,14.8200,15.1400,14.7000,14.9000,14.9100,4698823,70116069.0000,3,1.240417,1,-0.067100,1524.105982,12.658988,46.756674,3.951537,0
2014-10-15,sz.002425,14.8000,14.9400,13.7000,14.7300,14.9000,10959142,156878620.0000,3,2.893045,1,-1.140900,1506.716853,12.514557,46.223209,3.906453,0
2014-10-16,sz.002425,14.5200,14.5800,13.9200,13.9800,14.7300,5093032,72878916.0000,3,1.344482,1,-5.091700,1430.000109,11.877359,43.869685,3.707550,0
2014-10-17,sz.002425,13.9500,14.3100,13.2800,13.2900,13.9800,6725520,91365098.0000,3,1.775434,1,-4.935600,1359.420704,11.291138,41.704443,3.524559,0
2014-10-20,sz.002425,13.3900,13.6000,13.3500,13.5000,13.2900,2467733,33298793.0000,3,0.651443,1,1.580100,1380.901393,11.469553,42.363430,3.580252,0
2014-10-21,sz.002425,13.5300,14.1200,13.5300,13.6200,13.5000,3260303,45071014.0000,3,0.860670,1,0.888900,1393.176072,11.571504,42.739993,3.612076,0
2014-10-22,sz.002425,13.5500,13.7500,13.1700,13.1800,13.6200,3736320,50250184.0000,3,0.986331,1,-3.230500,1348.168915,11.197682,41.359259,3.495387,0
2014-10-23,sz.002425,13.2000,13.3600,12.2000,12.7300,13.1800,2998749,38864738.0000,3,0.791624,1,-3.414300,1302.138869,10.815364,39.947145,3.376045,0
2014-10-24,sz.002425,12.5200,13.3900,12.5200,13.3900,12.7300,3180358,41488979.0000,3,0.839565,1,5.184600,1369.649604,11.376097,42.018246,3.551079,0
2014-10-27,sz.002425,13.3000,13.7000,13.2500,13.5200,13.3900,2489013,33684943.0000,3,0.657061,1,0.970900,1382.947173,11.486545,42.426190,3.585556,0
2014-10-28,sz.002425,13.4800,13.8800,13.4600,13.7800,13.5200,4316376,59070812.0000,3,1.139457,1,1.923100,1409.542311,11.707440,43.242078,3.654509,0
2014-10-29,sz.002425,13.7200,14.1100,13.6300,13.8000,13.7800,3302033,45662620.0000,3,0.871686,1,0.145100,1411.588090,11.724432,43.304839,3.659813,0
2014-10-30,sz.002425,13.8100,13.9500,13.6300,13.7100,13.8000,1844646,25441379.0000,3,0.486958,1,-0.652200,543.445092,10.706707,-12.442358,3.640293,0
2014-10-31,sz.002425,13.6200,13.9200,13.5800,13.7000,13.7100,3009458,41330588.0000,3,0.794451,1,-0.072900,543.048706,10.698898,-12.433282,3.637638,0
2014-11-03,sz.002425,13.6300,13.8000,13.3300,13.4200,13.7000,4072419,55204942.0000,3,1.075056,1,-2.043800,531.949900,10.480234,-12.179172,3.563292,0
2014-11-04,sz.002425,13.3900,13.5200,13.0400,13.0600,13.4200,3321051,43817138.0000,3,0.876706,1,-2.682600,517.680007,10.199095,-11.852458,3.467704,0
2014-11-05,sz.002425,13.1600,13.3000,12.9200,13.0100,13.0600,2215733,29027737.0000,3,0.584919,1,-0.382800,515.698078,10.160048,-11.807081,3.454428,0
2014-11-06,sz.002425,13.0400,13.4900,12.8800,13.4500,13.0100,3225868,42459012.0000,3,0.851579,1,3.382000,533.139058,10.503662,-12.206398,3.571258,0
2014-11-07,sz.002425,13.4500,13.6400,13.1800,13.2800,13.4500,2675000,35951649.0000,3,0.706159,1,-1.263900,526.400497,10.370902,-12.052116,3.526119,0
2014-11-10,sz.002425,13.2900,13.3700,13.1500,13.3300,13.2800,2546432,33764069.0000,3,0.672219,1,0.376500,528.382427,10.409949,-12.097493,3.539395,0
2014-11-11,sz.002425,13.3400,13.3400,12.4200,12.5500,13.3300,4992760,63723590.0000,3,1.318012,1,-5.851500,497.464325,9.800815,-11.389613,3.332289,0
2014-11-12,sz.002425,12.4100,12.9500,12.1100,12.8100,12.5500,4239206,52831604.0000,3,1.119085,1,2.071700,507.770359,10.003860,-11.625573,3.401324,0
2014-11-13,sz.002425,12.6000,12.8100,12.2400,12.4500,12.8100,3764966,46981034.0000,3,0.993893,1,-2.810300,493.500466,9.722721,-11.298859,3.305737,0
2014-11-14,sz.002425,12.3000,12.5400,12.0000,12.4000,12.4500,3668343,44953879.0000,3,0.968386,1,-0.401600,491.518537,9.683674,-11.253482,3.292461,0
2014-11-17,sz.002425,12.4000,12.7400,12.1800,12.4200,12.4000,2599679,32393493.0000,3,0.686275,1,0.161300,492.311309,9.699293,-11.271633,3.297771,0
2014-11-18,sz.002425,12.5300,12.5300,12.2800,12.3300,12.4200,1687377,20874440.0000,3,0.445442,1,-0.724600,488.743835,9.629008,-11.189954,3.273874,0
2014-11-19,sz.002425,12.3500,12.6800,12.2500,12.3700,12.3300,1856967,23073557.0000,3,0.490211,1,0.324400,490.329379,9.660246,-11.226256,3.284495,0
2014-11-20,sz.002425,12.4400,12.6600,12.2100,12.3600,12.3700,2161473,26801255.0000,3,0.570596,1,-0.080800,489.932993,9.652436,-11.217180,3.281840,0
2014-11-21,sz.002425,12.3600,12.4700,12.2500,12.3300,12.3600,2247022,27715265.0000,3,0.593179,1,-0.242700,488.743835,9.629008,-11.189954,3.273874,0
2014-11-24,sz.002425,12.3700,12.5000,12.0900,12.1600,12.3300,5195665,63408133.0000,3,1.371575,1,-1.378800,482.005275,9.496248,-11.035673,3.228736,0
2014-11-25,sz.002425,12.1500,12.3700,12.0500,12.3000,12.1600,3197602,39155226.0000,3,0.844118,1,1.151300,487.554678,9.605580,-11.162728,3.265908,0
2014-11-26,sz.002425,12.3000,12.4800,12.1400,12.4700,12.3000,5191740,63834131.0000,3,1.370539,1,1.382100,494.293238,9.738340,-11.317010,3.311047,0
2014-11-27,sz.002425,12.4600,12.6500,12.3100,12.4000,12.4700,5477874,67908007.0000,3,1.446074,1,-0.561400,491.518537,9.683674,-11.253482,3.292461,0
2014-11-28,sz.002425,12.4200,12.5000,11.8600,11.9500,12.4000,7781153,94262520.0000,3,2.054104,1,-3.629000,473.681170,9.332250,-10.845089,3.172976,0
2014-12-01,sz.002425,11.9400,11.9400,11.0900,11.1700,11.9500,11162832,126284859.0000,3,2.946816,1,-6.527200,442.763069,8.723116,-10.137209,2.965870,0
2014-12-02,sz.002425,11.1800,11.3000,11.0200,11.2400,11.1700,8333641,93270677.0000,3,2.199953,1,0.626700,445.537770,8.777782,-10.200737,2.984456,0
2014-12-03,sz.002425,11.2600,12.0000,11.1500,11.9500,11.2400,10255310,118542909.0000,3,2.707244,1,6.316700,473.681170,9.332250,-10.845089,3.172976,0
2014-12-04,sz.002425,11.8900,12.1800,11.8400,11.9300,11.9500,7120829,85189905.0000,3,1.879789,1,-0.167400,472.888399,9.316631,-10.826939,3.167666,0
2014-12-05,sz.002425,11.9300,11.9300,11.0800,11.2600,11.9300,7700169,87646111.0000,3,2.032726,1,-5.616100,446.330542,8.793401,-10.218888,2.989767,0
2014-12-08,sz.002425,11.2400,11.3200,10.6600,10.9900,11.2600,13331248,145808176.0000,3,3.519244,1,-2.397900,435.628122,8.582546,-9.973852,2.918076,0
2014-12-09,sz.002425,10.9700,10.9700,10.2900,10.4300,10.9900,11200750,117728544.0000,3,2.956825,1,-5.095500,413.430511,8.145219,-9.465630,2.769384,0
2014-12-10,sz.002425,10.5800,10.7400,10.3800,10.6800,10.4300,7001106,73892449.0000,3,1.848184,1,2.396900,423.340159,8.340455,-9.692515,2.835764,0
2014-12-11,sz.002425,10.6100,10.9700,10.5900,10.8600,10.6800,6789375,73051526.0000,3,1.792290,1,1.685400,430.475106,8.481024,-9.855872,2.883558,0
2014-12-12,sz.002425,10.9000,11.1800,10.7800,11.1600,10.8600,5571655,61209609.0000,3,1.470831,1,2.762400,442.366683,8.715307,-10.128134,2.963215,0
2014-12-15,sz.002425,11.1300,11.4400,10.9100,11.3800,11.1600,7688174,86655956.0000,3,2.029559,1,1.971300,451.087173,8.887114,-10.327792,3.021629,0
2014-12-16,sz.002425,11.3000,11.3000,11.0600,11.1200,11.3800,5189727,57944900.0000,3,1.370008,1,-2.284700,440.781139,8.684069,-10.091832,2.952594,0
2014-12-17,sz.002425,11.1200,11.1400,10.6700,10.8400,11.1200,3660464,39761247.0000,3,0.966306,1,-2.518000,429.682334,8.465405,-9.837721,2.878248,0
2014-12-18,sz.002425,10.8100,10.9600,10.6700,10.7800,10.8400,3268021,35235891.0000,3,0.862707,1,-0.553500,427.304018,8.418549,-9.783269,2.862317,0
2014-12-19,sz.002425,10.7800,10.7800,10.3000,10.4000,10.7800,6052803,63279966.0000,3,1.597847,1,-3.525000,412.241353,8.121791,-9.438404,2.761419,0
2014-12-22,sz.002425,10.2100,10.2100,9.3600,9.3600,10.4000,9355163,89793363.0000,3,2.469619,1,-10.000000,371.017218,7.309612,-8.494564,2.485277,0
2014-12-23,sz.002425,9.3500,9.9700,8.9800,9.6500,9.3600,9769826,91879521.0000,3,2.579083,1,3.098300,382.512410,7.536085,-8.757750,2.562278,0
2014-12-24,sz.002425,9.6300,9.9300,9.5000,9.7500,9.6500,3970909,38556813.0000,3,1.048259,1,1.036300,386.476269,7.614179,-8.848504,2.588830,0
2014-12-25,sz.002425,9.7400,10.7200,9.7300,10.6100,9.7500,9041780,94056221.0000,3,2.386891,1,8.820500,420.565458,8.285789,-9.628987,2.817178,0
2014-12-26,sz.002425,10.6100,11.2600,10.4800,10.9500,10.6100,8908202,97809648.0000,3,2.351628,1,3.204500,434.042579,8.551309,-9.937551,2.907455,0
2014-12-29,sz.002425,10.9400,10.9900,10.5700,10.7100,10.9500,4728944,51065488.0000,3,1.248368,1,-2.191800,424.529317,8.363883,-9.719741,2.843730,0
2014-12-30,sz.002425,10.7400,11.1600,10.6200,10.8000,10.7100,4432823,48463537.0000,3,1.170197,1,0.840300,428.096790,8.434168,-9.801420,2.867627,0
2014-12-31,sz.002425,10.8000,10.8000,10.8000,10.8000,10.8000,0,0.0000,3,,0,0.000000,428.096790,8.434168,-9.801420,2.867627,0
2015-01-05,sz.002425,10.8000,10.8000,10.8000,10.8000,10.8000,0,0.0000,3,,0,0.000000,428.096790,8.434168,-9.801420,2.867627,0
2015-01-06,sz.002425,10.8000,10.8000,10.8000,10.8000,10.8000,0,0.0000,3,,0,0.000000,428.096790,8.434168,-9.801420,2.867627,0
2015-01-07,sz.002425,10.8000,10.8000,10.8000,10.8000,10.8000,0,0.0000,3,,0,0.000000,428.096790,8.434168,-9.801420,2.867627,0
2015-01-08,sz.002425,11.8800,11.8800,11.3100,11.8800,10.8000,6576078,77484658.0000,3,1.735983,1,10.000000,470.906469,9.277584,-10.781562,3.154390,0
2015-01-09,sz.002425,12.0000,12.0000,10.9000,11.2000,11.8800,11723532,134890308.0000,3,3.094832,1,-5.723900,443.952227,8.746544,-10.164435,2.973835,0
2015-01-12,sz.002425,11.0700,11.0700,10.3100,10.3800,11.2000,5922696,62392322.0000,3,1.563500,1,-7.321400,411.448582,8.106172,-9.420253,2.756108,0
2015-01-13,sz.002425,10.3800,10.7800,10.2200,10.6300,10.3800,2715064,28560383.0000,3,0.716735,1,2.408500,421.358229,8.301408,-9.647138,2.822488,0
2015-01-14,sz.002425,10.5800,10.6800,10.3100,10.3500,10.6300,2128907,22305746.0000,3,0.561999,1,-2.634100,410.259424,8.082744,-9.393027,2.748143,0
2015-01-15,sz.002425,10.4000,10.6400,10.2700,10.4700,10.3500,2377389,24883437.0000,3,0.627594,1,1.159400,415.016055,8.176457,-9.501932,2.780005,0
2015-01-16,sz.002425,10.4900,10.5500,10.2700,10.3500,10.4700,3458754,35838678.0000,3,0.913058,1,-1.146100,410.259424,8.082744,-9.393027,2.748143,0
2015-01-19,sz.002425,10.0500,10.2700,9.7700,9.8100,10.3500,3875687,38772676.0000,3,1.023122,1,-5.217400,388.854584,7.661036,-8.902956,2.604761,0
2015-01-20,sz.002425,9.8500,10.1700,9.8500,10.1500,9.8100,3062594,30764491.0000,3,0.808478,1,3.465800,402.331705,7.926556,-9.211519,2.695038,0
2015-01-21,sz.002425,10.1600,10.9400,10.1200,10.9000,10.1500,6672884,70835717.0000,3,1.761539,1,7.389200,432.060649,8.512262,-9.892174,2.894179,0
2015-01-22,sz.002425,10.8300,11.3900,10.8300,11.1400,10.9000,6423687,71207964.0000,3,1.695754,1,2.201800,441.573911,8.699688,-10.109983,2.957904,0
2015-01-23,sz.002425,11.0900,11.2800,10.8300,10.8300,11.1400,4397643,48389009.0000,3,1.160910,1,-2.782800,429.285948,8.457596,-9.828646,2.875593,0
2015-01-26,sz.002425,10.8800,11.4500,10.8500,11.4100,10.8300,7435526,84056965.0000,3,1.962864,1,5.355500,452.276331,8.910542,-10.355018,3.029595,0
2015-01-27,sz.002425,11.4500,11.9700,11.3000,11.8800,11.4100,11543146,136093331.0000,3,3.047213,1,4.119200,470.906469,9.277584,-10.781562,3.154390,0
2015-01-28,sz.002425,11.9000,12.1100,11.6500,11.8600,11.8800,6650645,79257874.0000,3,1.755668,1,-0.168400,470.113697,9.261966,-10.763411,3.149079,0
2015-01-29,sz.002425,11.8600,11.9500,11.5300,11.5300,11.8600,5404518,63248654.0000,3,1.426709,1,-2.782500,457.032962,9.004255,-10.463923,3.061457,0
2015-01-30,sz.002425,11.5300,11.9300,11.5300,11.6600,11.5300,3101948,36466236.0000,3,0.818866,1,1.127500,462.185979,9.105777,-10.581903,3.095975,0
2015-02-02,sz.002425,11.5400,11.8700,11.1500,11.7900,11.6600,4349719,50776075.0000,3,1.148259,1,1.114900,467.338996,9.207300,-10.699883,3.130493,0
2015-02-03,sz.002425,11.8200,12.1000,11.6900,11.8900,11.7900,4423786,52575235.0000,3,1.167811,1,0.848200,471.302855,9.285394,-10.790637,3.157045,0
2015-02-04,sz.002425,11.8200,13.0500,11.8200,12.6000,11.8900,11060584,138858314.0000,3,2.919824,1,5.971400,499.446255,9.839862,-11.434990,3.345565,0
2015-02-05,sz.002425,12.6000,13.2200,12.5900,13.0100,12.6000,10716100,139238510.0000,3,2.828885,1,3.254000,515.698078,10.160048,-11.807081,3.454428,0
2015-02-06,sz.002425,12.9900,12.9900,12.5600,12.6400,13.0100,4753685,60696699.0000,3,1.254900,1,-2.844000,501.031799,9.871100,-11.471291,3.356186,0
2015-02-09,sz.002425,12.6000,12.8800,11.9000,12.2900,12.6400,4868114,60842251.0000,3,1.285107,1,-2.769000,487.158292,9.597770,-11.153653,3.263253,0
2015-02-10,sz.002425,12.2800,13.3300,12.2800,13.2200,12.2900,6454225,83195512.0000,3,1.703816,1,7.567100,524.022182,10.324046,-11.997664,3.510188,0
2015-02-11,sz.002425,13.6000,13.6000,13.0100,13.4100,13.2200,7643275,101748792.0000,3,2.017707,1,1.437200,531.553514,10.472425,-12.170096,3.560637,0
2015-02-12,sz.002425,13.4100,13.8000,13.3100,13.7200,13.4100,4832923,65875306.0000,3,1.275817,1,2.311700,543.841478,10.714517,-12.451433,3.642948,0
2015-02-13,sz.002425,13.7000,14.8000,13.5000,14.2400,13.7200,8248357,118483555.0000,3,2.177439,1,3.790100,564.453545,11.120606,-12.923353,3.781019,0
2015-02-16,sz.002425,14.4100,14.9900,14.2100,14.7400,14.2400,6365578,93714122.0000,3,1.680414,1,3.511200,875.758751,10.615381,-13.377123,3.913780,0
2015-02-17,sz.002425,14.7400,15.0600,14.4200,15.0500,14.7400,5734413,85100973.0000,3,1.513797,1,2.103100,894.177015,10.838635,-13.658460,3.996091,0
2015-02-25,sz.002425,15.0700,15.2100,14.5600,14.6800,15.0500,4304956,64198786.0000,3,1.136442,1,-2.458500,872.193926,10.572170,-13.322671,3.897849,0
2015-02-26,sz.002425,14.6000,14.6000,14.1000,14.5100,14.6800,4012720,57797382.0000,3,1.059296,1,-1.158000,862.093587,10.449741,-13.168389,3.852710,0
2015-02-27,sz.002425,14.5800,14.7800,14.3000,14.7400,14.5100,3978705,57829489.0000,3,1.050317,1,1.585100,875.758751,10.615381,-13.377123,3.913780,0
2015-03-02,sz.002425,14.6500,14.9900,14.5600,14.8400,14.7400,3967778,58996993.0000,3,1.047432,1,0.678400,881.700126,10.687398,-13.467877,3.940332,0
2015-03-03,sz.002425,14.8000,15.0500,14.5000,14.6600,14.8400,4396558,64883946.0000,3,1.160624,1,-1.212900,871.005650,10.557767,-13.304520,3.892538,0
2015-03-04,sz.002425,14.5100,15.6400,14.5000,15.4900,14.6600,6336180,96680433.0000,3,1.672654,1,5.661700,920.319067,11.155512,-14.057777,4.112921,0
2015-03-05,sz.002425,15.6200,15.7500,15.1100,15.2900,15.4900,5358856,82158143.0000,3,1.414655,1,-1.291200,908.436316,11.011477,-13.876269,4.059816,0
2015-03-06,sz.002425,15.2900,15.9000,15.0900,15.0900,15.2900,5249274,80979282.0000,3,1.385727,1,-1.308000,896.553565,10.867442,-13.694761,4.006712,0
2015-03-09,sz.002425,14.9500,15.4800,14.8800,15.1200,15.0900,3298568,50242545.0000,3,0.870771,1,0.198800,898.335978,10.889048,-13.721988,4.014678,0
2015-03-10,sz.002425,15.1200,15.6200,15.1200,15.4200,15.1200,4335935,66734479.0000,3,1.144620,1,1.984100,916.160104,11.105100,-13.994249,4.094334,0
2015-03-11,sz.002425,15.4200,15.5800,15.2000,15.3000,15.4200,2517135,38653619.0000,3,0.664485,1,-0.778200,909.030454,11.018679,-13.885345,4.062472,0
2015-03-12,sz.002425,15.1600,15.3700,14.4000,14.9500,15.3000,5323610,79796000.0000,3,1.405351,1,-2.287600,888.235639,10.766618,-13.567706,3.969539,0
2015-03-13,sz.002425,15.0100,15.6900,14.7500,14.9800,14.9500,5871335,88373063.0000,3,1.549942,1,0.200700,890.018052,10.788223,-13.594932,3.977505,0
2015-03-16,sz.002425,15.1000,15.7000,14.6100,15.6000,14.9800,9282835,142914354.0000,3,2.450525,1,4.138900,926.854580,11.234732,-14.157606,4.142128,0
2015-03-17,sz.002425,15.7000,16.6000,15.4000,16.2500,15.6000,8799568,142791295.0000,3,2.322950,1,4.166700,965.473521,11.702845,-400.189790,4.313658,0
2015-03-18,sz.002425,16.3000,16.5600,15.6300,15.7500,16.2500,18784771,300280896.0000,3,4.958890,1,-3.076900,935.766644,11.342758,-387.876258,4.180930,0
2015-03-19,sz.002425,15.7500,15.7500,15.7500,15.7500,15.7500,0,0.0000,3,,0,0.000000,935.766644,11.342758,-387.876258,4.180930,0
2015-03-20,sz.002425,15.7500,15.7500,15.7500,15.7500,15.7500,0,0.0000,3,,0,0.000000,935.766644,11.342758,-387.876258,4.180930,0
2015-03-23,sz.002425,15.7500,15.7500,15.7500,15.7500,15.7500,0,0.0000,3,,0,0.000000,935.766644,11.342758,-387.876258,4.180930,0
2015-03-24,sz.002425,15.7500,15.7500,15.7500,15.7500,15.7500,0,0.0000,3,,0,0.000000,935.766644,11.342758,-387.876258,4.180930,0
2015-03-25,sz.002425,15.7500,15.7500,15.7500,15.7500,15.7500,0,0.0000,3,,0,0.000000,935.766644,11.342758,-387.876258,4.180930,0
2015-03-26,sz.002425,17.3300,17.3300,17.3300,17.3300,15.7500,1820917,31556491.0000,3,0.480694,1,10.031700,1029.640377,12.480634,-426.787019,4.600350,0
2015-03-27,sz.002425,17.7700,18.9800,17.0700,18.7400,17.3300,38681651,695955072.0000,3,10.211360,1,8.136200,1113.413771,13.496081,-461.511179,4.974643,0
2015-03-30,sz.002425,18.0000,18.2800,17.5300,17.8000,18.7400,19574620,349851744.0000,3,5.167398,1,-5.016000,1057.564842,12.819117,-438.361739,4.725114,0
2015-03-31,sz.002425,17.7900,17.7900,16.7000,17.1200,17.8000,16013249,275392992.0000,3,4.227251,1,-3.820200,1017.163488,12.329398,-421.615335,4.544604,0
2015-04-01,sz.002425,17.2500,17.6000,17.1100,17.4000,17.1200,11404721,197737542.0000,3,3.010671,1,1.635500,1033.799340,12.531047,-428.510913,4.618932,0
2015-04-02,sz.002425,17.4000,17.8000,17.1700,17.4400,17.4000,12475296,218593558.0000,3,3.293286,1,0.229900,1036.175890,12.559854,-429.495996,4.629550,0
2015-04-03,sz.002425,17.2900,18.3200,17.1800,18.0600,17.4400,15344875,275641712.0000,3,4.050810,1,3.555000,1073.012418,13.006362,-444.764775,4.794133,0
2015-04-07,sz.002425,18.1100,18.4900,17.7200,17.9600,18.0600,14193423,255487921.0000,3,3.746845,1,-0.553700,1067.071042,12.934345,-442.302069,4.767587,0
2015-04-08,sz.002425,17.9600,18.3000,17.2000,17.5300,17.9600,13382624,237418304.0000,3,3.532806,1,-2.394200,1041.523128,12.624669,-431.712431,4.653441,0
2015-04-09,sz.002425,17.4500,17.5000,15.9000,16.7400,17.5300,18081222,299340912.0000,3,4.773164,1,-4.506600,994.586261,12.055731,-412.257051,4.443731,0
2015-04-10,sz.002425,16.7400,17.3700,16.5700,17.2200,16.7400,13813223,233328239.0000,3,3.646478,1,2.867400,1023.104864,12.401415,-424.078042,4.571150,0
2015-04-13,sz.002425,17.3000,18.9400,17.3000,18.5800,17.2200,28726109,527279280.0000,3,7.583250,1,7.897800,1103.907571,13.380853,-457.570849,4.932170,0
2015-04-14,sz.002425,18.6100,20.0700,18.4100,20.0700,18.5800,17921157,348827968.0000,3,4.730909,1,8.019400,1327.726169,16.093838,-550.343893,5.932173,0
2015-04-15,sz.002425,20.2200,22.0000,19.5000,21.1000,20.0700,25574519,540786704.0000,3,6.751279,1,5.132000,1395.865579,16.919779,-578.587750,6.236615,0
2015-04-16,sz.002425,21.1000,21.8800,20.0500,21.7000,21.1000,17769393,378004688.0000,3,4.690846,1,2.843600,1435.558439,17.400911,-595.040482,6.413959,0
2015-04-17,sz.002425,21.7000,23.5600,21.6900,22.2200,21.7000,19891765,447633680.0000,3,5.251119,1,2.396300,1469.958918,17.817891,-609.299517,6.567658,0
2015-04-20,sz.002425,21.8500,22.9000,21.5300,22.1700,22.2200,17533045,392484016.0000,3,4.628454,1,-0.225000,1466.651179,17.777797,-607.928456,6.552879,0
2015-04-21,sz.002425,22.0000,22.4200,21.3000,22.2100,22.1700,12882590,280578880.0000,3,3.400805,1,0.180400,1469.297370,17.809872,-609.025305,6.564702,0
2015-04-22,sz.002425,22.2200,23.5600,22.1000,23.4500,22.2100,15105515,348864032.0000,3,3.987623,1,5.583100,1551.329281,18.804210,-643.027618,6.931214,0
2015-04-23,sz.002425,23.4500,23.4500,23.4500,23.4500,23.4500,0,0.0000,3,,0,0.000000,1551.329281,18.804210,-643.027618,6.931214,0
2015-04-24,sz.002425,23.4500,23.4500,23.4500,23.4500,23.4500,0,0.0000,3,,0,0.000000,1551.329281,18.804210,-643.027618,6.931214,0
2015-04-27,sz.002425,23.4500,23.4500,23.4500,23.4500,23.4500,0,0.0000,3,,0,0.000000,1551.329281,18.804210,-643.027618,6.931214,0
2015-04-28,sz.002425,23.4500,23.4500,23.4500,23.4500,23.4500,0,0.0000,3,,0,0.000000,1551.329281,18.804210,-643.027618,6.931214,0
2015-04-29,sz.002425,23.4500,23.4500,23.4500,23.4500,23.4500,0,0.0000,3,,0,0.000000,3026.642881,19.506330,63.519207,5.322690,0
2015-04-30,sz.002425,23.4500,23.4500,23.4500,23.4500,23.4500,0,0.0000,3,,0,0.000000,3026.642881,19.506330,63.519207,5.322690,0
2015-05-04,sz.002425,23.4500,23.4500,23.4500,23.4500,23.4500,0,0.0000,3,,0,0.000000,3026.642881,19.506330,63.519207,5.322690,0
2015-05-05,sz.002425,23.4500,23.4500,23.4500,23.4500,23.4500,0,0.0000,3,,0,0.000000,3026.642881,19.506330,63.519207,5.322690,0
2015-05-06,sz.002425,23.4500,23.4500,23.4500,23.4500,23.4500,0,0.0000,3,,0,0.000000,3026.642881,19.506330,63.519207,5.322690,0
2015-05-07,sz.002425,23.4500,23.4500,23.4500,23.4500,23.4500,0,0.0000,3,,0,0.000000,3026.642881,19.506330,63.519207,5.322690,0
2015-05-08,sz.002425,23.4500,23.4500,23.4500,23.4500,23.4500,0,0.0000,3,,0,0.000000,3026.642881,19.506330,63.519207,5.322690,0
2015-05-11,sz.002425,23.4500,23.4500,23.4500,23.4500,23.4500,0,0.0000,3,,0,0.000000,3026.642881,19.506330,63.519207,5.322690,0
2015-05-12,sz.002425,23.4500,23.4500,23.4500,23.4500,23.4500,0,0.0000,3,,0,0.000000,3026.642881,19.506330,63.519207,5.322690,0
2015-05-13,sz.002425,23.4500,23.4500,23.4500,23.4500,23.4500,0,0.0000,3,,0,0.000000,3026.642881,19.506330,63.519207,5.322690,0
2015-05-14,sz.002425,23.4500,23.4500,23.4500,23.4500,23.4500,0,0.0000,3,,0,0.000000,3026.642881,19.506330,63.519207,5.322690,0
2015-05-15,sz.002425,23.4500,23.4500,23.4500,23.4500,23.4500,0,0.0000,3,,0,0.000000,3026.642881,19.506330,63.519207,5.322690,0
2015-05-18,sz.002425,23.4500,23.4500,23.4500,23.4500,23.4500,0,0.0000,3,,0,0.000000,3026.642881,19.506330,63.519207,5.322690,0
2015-05-19,sz.002425,23.4500,23.4500,23.4500,23.4500,23.4500,0,0.0000,3,,0,0.000000,3026.642881,19.506330,63.519207,5.322690,0
2015-05-20,sz.002425,23.4500,23.4500,23.4500,23.4500,23.4500,0,0.0000,3,,0,0.000000,3026.642881,19.506330,63.519207,5.322690,0
2015-05-21,sz.002425,23.4300,23.4300,23.4300,23.4300,23.4300,0,0.0000,3,,0,0.000000,3024.061523,19.489693,63.465033,5.318151,0
2015-05-22,sz.002425,23.4300,23.4300,23.4300,23.4300,23.4300,0,0.0000,3,,0,0.000000,3024.061523,19.489693,63.465033,5.318151,0
2015-05-25,sz.002425,23.4300,23.4300,23.4300,23.4300,23.4300,0,0.0000,3,,0,0.000000,3024.061523,19.489693,63.465033,5.318151,0
2015-05-26,sz.002425,23.4300,23.4300,23.4300,23.4300,23.4300,0,0.0000,3,,0,0.000000,3024.061523,19.489693,63.465033,5.318151,0
2015-05-27,sz.002425,23.4300,23.4300,23.4300,23.4300,23.4300,0,0.0000,3,,0,0.000000,3024.061523,19.489693,63.465033,5.318151,0
2015-05-28,sz.002425,23.4300,23.4300,23.4300,23.4300,23.4300,0,0.0000,3,,0,0.000000,3024.061523,19.489693,63.465033,5.318151,0
2015-05-29,sz.002425,23.4300,23.4300,23.4300,23.4300,23.4300,0,0.0000,3,,0,0.000000,3024.061523,19.489693,63.465033,5.318151,0
2015-06-01,sz.002425,23.4300,23.4300,23.4300,23.4300,23.4300,0,0.0000,3,,0,0.000000,3024.061523,19.489693,63.465033,5.318151,0
2015-06-02,sz.002425,23.4300,23.4300,23.4300,23.4300,23.4300,0,0.0000,3,,0,0.000000,3024.061523,19.489693,63.465033,5.318151,0
2015-06-03,sz.002425,23.4300,23.4300,23.4300,23.4300,23.4300,0,0.0000,3,,0,0.000000,3024.061523,19.489693,63.465033,5.318151,0
2015-06-04,sz.002425,23.4300,23.4300,23.4300,23.4300,23.4300,0,0.0000,3,,0,0.000000,3024.061523,19.489693,63.465033,5.318151,0
2015-06-05,sz.002425,23.4300,23.4300,23.4300,23.4300,23.4300,0,0.0000,3,,0,0.000000,3024.061523,19.489693,63.465033,5.318151,0
2015-06-08,sz.002425,23.4300,23.4300,23.4300,23.4300,23.4300,0,0.0000,3,,0,0.000000,3024.061523,19.489693,63.465033,5.318151,0
2015-06-09,sz.002425,23.4300,23.4300,23.4300,23.4300,23.4300,0,0.0000,3,,0,0.000000,3024.061523,19.489693,63.465033,5.318151,0
2015-06-10,sz.002425,23.4300,23.4300,23.4300,23.4300,23.4300,0,0.0000,3,,0,0.000000,3024.061523,19.489693,63.465033,5.318151,0
2015-06-11,sz.002425,23.4300,23.4300,23.4300,23.4300,23.4300,0,0.0000,3,,0,0.000000,3024.061523,19.489693,63.465033,5.318151,0
2015-06-12,sz.002425,23.4300,23.4300,23.4300,23.4300,23.4300,0,0.0000,3,,0,0.000000,3024.061523,19.489693,63.465033,5.318151,0
2015-06-15,sz.002425,23.4300,23.4300,23.4300,23.4300,23.4300,0,0.0000,3,,0,0.000000,3024.061523,19.489693,63.465033,5.318151,0
2015-06-16,sz.002425,23.4300,23.4300,23.4300,23.4300,23.4300,0,0.0000,3,,0,0.000000,3024.061523,19.489693,63.465033,5.318151,0
2015-06-17,sz.002425,23.4300,23.4300,23.4300,23.4300,23.4300,0,0.0000,3,,0,0.000000,3024.061523,19.489693,63.465033,5.318151,0
2015-06-18,sz.002425,23.4300,23.4300,23.4300,23.4300,23.4300,0,0.0000,3,,0,0.000000,3024.061523,19.489693,63.465033,5.318151,0
2015-06-19,sz.002425,23.4300,23.4300,23.4300,23.4300,23.4300,0,0.0000,3,,0,0.000000,3024.061523,19.489693,63.465033,5.318151,0
2015-06-23,sz.002425,23.4300,23.4300,23.4300,23.4300,23.4300,0,0.0000,3,,0,0.000000,3024.061523,19.489693,63.465033,5.318151,0
2015-06-24,sz.002425,23.4300,23.4300,23.4300,23.4300,23.4300,0,0.0000,3,,0,0.000000,3024.061523,19.489693,63.465033,5.318151,0
2015-06-25,sz.002425,23.4300,23.4300,23.4300,23.4300,23.4300,0,0.0000,3,,0,0.000000,3024.061523,19.489693,63.465033,5.318151,0
2015-06-26,sz.002425,23.4300,23.4300,23.4300,23.4300,23.4300,0,0.0000,3,,0,0.000000,3024.061523,19.489693,63.465033,5.318151,0
2015-06-29,sz.002425,23.4300,23.4300,23.4300,23.4300,23.4300,0,0.0000,3,,0,0.000000,3024.061523,19.489693,63.465033,5.318151,0
2015-06-30,sz.002425,23.4300,23.4300,23.4300,23.4300,23.4300,0,0.0000,3,,0,0.000000,3024.061523,19.489693,63.465033,5.318151,0
2015-07-01,sz.002425,23.4300,23.4300,23.4300,23.4300,23.4300,0,0.0000,3,,0,0.000000,3024.061523,19.489693,63.465033,5.318151,0
2015-07-02,sz.002425,23.4300,23.4300,23.4300,23.4300,23.4300,0,0.0000,3,,0,0.000000,3024.061523,19.489693,63.465033,5.318151,0
2015-07-03,sz.002425,23.4300,23.4300,23.4300,23.4300,23.4300,0,0.0000,3,,0,0.000000,3024.061523,19.489693,63.465033,5.318151,0
2015-07-06,sz.002425,23.4300,23.4300,23.4300,23.4300,23.4300,0,0.0000,3,,0,0.000000,3024.061523,19.489693,63.465033,5.318151,0
2015-07-07,sz.002425,23.4300,23.4300,23.4300,23.4300,23.4300,0,0.0000,3,,0,0.000000,3024.061523,19.489693,63.465033,5.318151,0
2015-07-08,sz.002425,23.4300,23.4300,23.4300,23.4300,23.4300,0,0.0000,3,,0,0.000000,3024.061523,19.489693,63.465033,5.318151,0
2015-07-09,sz.002425,23.4300,23.4300,23.4300,23.4300,23.4300,0,0.0000,3,,0,0.000000,3024.061523,19.489693,63.465033,5.318151,0
2015-07-10,sz.002425,23.4300,23.4300,23.4300,23.4300,23.4300,0,0.0000,3,,0,0.000000,3024.061523,19.489693,63.465033,5.318151,0
2015-07-13,sz.002425,23.4300,23.4300,23.4300,23.4300,23.4300,0,0.0000,3,,0,0.000000,3024.061523,19.489693,63.465033,5.318151,0
2015-07-14,sz.002425,23.4300,23.4300,23.4300,23.4300,23.4300,0,0.0000,3,,0,0.000000,3024.061523,19.489693,63.465033,5.318151,0
2015-07-15,sz.002425,23.4300,23.4300,23.4300,23.4300,23.4300,0,0.0000,3,,0,0.000000,3024.061523,19.489693,63.465033,5.318151,0
2015-07-16,sz.002425,23.4300,23.4300,23.4300,23.4300,23.4300,0,0.0000,3,,0,0.000000,3024.061523,19.489693,63.465033,5.318151,0
2015-07-17,sz.002425,23.4300,23.4300,23.4300,23.4300,23.4300,0,0.0000,3,,0,0.000000,3024.061523,19.489693,63.465033,5.318151,0
2015-07-20,sz.002425,23.4300,23.4300,23.4300,23.4300,23.4300,0,0.0000,3,,0,0.000000,3024.061523,19.489693,63.465033,5.318151,0
2015-07-21,sz.002425,23.4300,23.4300,23.4300,23.4300,23.4300,0,0.0000,3,,0,0.000000,3024.061523,19.489693,63.465033,5.318151,0
2015-07-22,sz.002425,23.4300,23.4300,23.4300,23.4300,23.4300,0,0.0000,3,,0,0.000000,3024.061523,19.489693,63.465033,5.318151,0
2015-07-23,sz.002425,23.4300,23.4300,23.4300,23.4300,23.4300,0,0.0000,3,,0,0.000000,3024.061523,19.489693,63.465033,5.318151,0
2015-07-24,sz.002425,23.4300,23.4300,23.4300,23.4300,23.4300,0,0.0000,3,,0,0.000000,3024.061523,19.489693,63.465033,5.318151,0
2015-07-27,sz.002425,23.4300,23.4300,23.4300,23.4300,23.4300,0,0.0000,3,,0,0.000000,3024.061523,19.489693,63.465033,5.318151,0
2015-07-28,sz.002425,23.4300,23.4300,23.4300,23.4300,23.4300,0,0.0000,3,,0,0.000000,3024.061523,19.489693,63.465033,5.318151,0
2015-07-29,sz.002425,23.4300,23.4300,23.4300,23.4300,23.4300,0,0.0000,3,,0,0.000000,3024.061523,19.489693,63.465033,5.318151,0
2015-07-30,sz.002425,23.4300,23.4300,23.4300,23.4300,23.4300,0,0.0000,3,,0,0.000000,3024.061523,19.489693,63.465033,5.318151,0
2015-07-31,sz.002425,23.4300,23.4300,23.4300,23.4300,23.4300,0,0.0000,3,,0,0.000000,733.028939,16.863639,63.465033,5.318151,0
2015-08-03,sz.002425,23.4300,23.4300,23.4300,23.4300,23.4300,0,0.0000,3,,0,0.000000,733.028939,16.863639,63.465033,5.318151,0
2015-08-04,sz.002425,23.4300,23.4300,23.4300,23.4300,23.4300,0,0.0000,3,,0,0.000000,733.028939,16.863639,63.465033,5.318151,0
2015-08-05,sz.002425,23.4300,23.4300,23.4300,23.4300,23.4300,0,0.0000,3,,0,0.000000,733.028939,16.863639,63.465033,5.318151,0
2015-08-06,sz.002425,23.4300,23.4300,23.4300,23.4300,23.4300,0,0.0000,3,,0,0.000000,733.028939,16.863639,63.465033,5.318151,0
2015-08-07,sz.002425,23.4300,23.4300,23.4300,23.4300,23.4300,0,0.0000,3,,0,0.000000,733.028939,16.863639,63.465033,5.318151,0
2015-08-10,sz.002425,23.4300,23.4300,23.4300,23.4300,23.4300,0,0.0000,3,,0,0.000000,733.028939,16.863639,63.465033,5.318151,0
2015-08-11,sz.002425,23.4300,23.4300,23.4300,23.4300,23.4300,0,0.0000,3,,0,0.000000,733.028939,16.863639,-1057.248074,5.314361,0
2015-08-12,sz.002425,23.4300,23.4300,23.4300,23.4300,23.4300,0,0.0000,3,,0,0.000000,733.028939,16.863639,-1057.248074,5.314361,0
2015-08-13,sz.002425,23.4300,23.4300,23.4300,23.4300,23.4300,0,0.0000,3,,0,0.000000,733.028939,16.863639,-1057.248074,5.314361,0
2015-08-14,sz.002425,23.4300,23.4300,23.4300,23.4300,23.4300,0,0.0000,3,,0,0.000000,733.028939,16.863639,-1057.248074,5.314361,0
2015-08-17,sz.002425,23.4300,23.4300,23.4300,23.4300,23.4300,0,0.0000,3,,0,0.000000,733.028939,16.863639,-1057.248074,5.314361,0
2015-08-18,sz.002425,23.4300,23.4300,23.4300,23.4300,23.4300,0,0.0000,3,,0,0.000000,733.028939,16.863639,-1057.248074,5.314361,0
2015-08-19,sz.002425,23.4300,23.4300,23.4300,23.4300,23.4300,0,0.0000,3,,0,0.000000,733.028939,16.863639,-1057.248074,5.314361,0
2015-08-20,sz.002425,23.4300,23.4300,23.4300,23.4300,23.4300,0,0.0000,3,,0,0.000000,733.028939,16.863639,-1057.248074,5.314361,0
2015-08-21,sz.002425,23.4300,23.4300,23.4300,23.4300,23.4300,0,0.0000,3,,0,0.000000,733.028939,16.863639,-1057.248074,5.314361,0
2015-08-24,sz.002425,23.4300,23.4300,23.4300,23.4300,23.4300,0,0.0000,3,,0,0.000000,733.028939,16.863639,-1057.248074,5.314361,0
2015-08-25,sz.002425,23.4300,23.4300,23.4300,23.4300,23.4300,0,0.0000,3,,0,0.000000,733.028939,16.863639,-1057.248074,5.314361,0
2015-08-26,sz.002425,23.4300,23.4300,23.4300,23.4300,23.4300,0,0.0000,3,,0,0.000000,733.028939,16.863639,-1057.248074,5.314361,0
2015-08-27,sz.002425,23.4300,23.4300,23.4300,23.4300,23.4300,0,0.0000,3,,0,0.000000,733.028939,16.863639,-1057.248074,5.314361,0
2015-08-28,sz.002425,23.4300,23.4300,23.4300,23.4300,23.4300,0,0.0000,3,,0,0.000000,733.028939,16.863639,-1057.248074,5.314361,0
2015-08-31,sz.002425,23.4300,23.4300,23.4300,23.4300,23.4300,0,0.0000,3,,0,0.000000,733.028939,16.863639,-1057.248074,5.314361,0
2015-09-01,sz.002425,23.4300,23.4300,23.4300,23.4300,23.4300,0,0.0000,3,,0,0.000000,733.028939,16.863639,-1057.248074,5.314361,0
2015-09-02,sz.002425,23.4300,23.4300,23.4300,23.4300,23.4300,0,0.0000,3,,0,0.000000,733.028939,16.863639,-1057.248074,5.314361,0
2015-09-07,sz.002425,23.4300,23.4300,23.4300,23.4300,23.4300,0,0.0000,3,,0,0.000000,733.028939,16.863639,-1057.248074,5.314361,0
2015-09-08,sz.002425,23.4300,23.4300,23.4300,23.4300,23.4300,0,0.0000,3,,0,0.000000,733.028939,16.863639,-1057.248074,5.314361,0
2015-09-09,sz.002425,23.4300,23.4300,23.4300,23.4300,23.4300,0,0.0000,3,,0,0.000000,733.028939,16.863639,-1057.248074,5.314361,0
2015-09-10,sz.002425,23.4300,23.4300,23.4300,23.4300,23.4300,0,0.0000,3,,0,0.000000,733.028939,16.863639,-1057.248074,5.314361,0
2015-09-11,sz.002425,23.4300,23.4300,23.4300,23.4300,23.4300,0,0.0000,3,,0,0.000000,733.028939,16.863639,-1057.248074,5.314361,0
2015-09-14,sz.002425,23.4300,23.4300,23.4300,23.4300,23.4300,0,0.0000,3,,0,0.000000,733.028939,16.863639,-1057.248074,5.314361,0
2015-09-15,sz.002425,23.4300,23.4300,23.4300,23.4300,23.4300,0,0.0000,3,,0,0.000000,733.028939,16.863639,-1057.248074,5.314361,0
2015-09-16,sz.002425,23.4300,23.4300,23.4300,23.4300,23.4300,0,0.0000,3,,0,0.000000,733.028939,16.863639,-1057.248074,5.314361,0
2015-09-17,sz.002425,23.4300,23.4300,23.4300,23.4300,23.4300,0,0.0000,3,,0,0.000000,733.028939,16.863639,-1057.248074,5.314361,0
2015-09-18,sz.002425,23.4300,23.4300,23.4300,23.4300,23.4300,0,0.0000,3,,0,0.000000,733.028939,16.863639,-1057.248074,5.314361,0
2015-09-21,sz.002425,23.4300,23.4300,23.4300,23.4300,23.4300,0,0.0000,3,,0,0.000000,733.028939,16.863639,-1057.248074,5.314361,0
2015-09-22,sz.002425,21.0900,21.0900,21.0900,21.0900,23.4300,182000,3838380.0000,3,0.048045,1,-9.987200,659.819903,15.179434,-951.658638,4.783605,0
2015-09-23,sz.002425,18.9800,18.9800,18.9800,18.9800,21.0900,51800,983164.0000,3,0.013674,1,-10.004700,593.806626,13.660771,-856.447650,4.305018,0
2015-09-24,sz.002425,17.0800,17.0800,17.0800,17.0800,18.9800,177800,3036824.0000,3,0.046936,1,-10.010500,534.363392,12.293254,-770.712638,3.874062,0
2015-09-25,sz.002425,15.3700,15.3700,15.3700,15.3700,17.0800,9992200,153580114.0000,3,2.637787,1,-10.011700,480.864481,11.062489,-693.551127,3.486202,0
2015-09-28,sz.002425,14.0200,14.8000,13.8300,13.8300,15.3700,70058988,981083696.0000,3,18.494493,1,-10.019500,432.684175,9.954081,-624.060643,3.136902,0
2015-09-29,sz.002425,14.0700,15.2100,13.9100,15.1500,13.8300,58888295,856151488.0000,3,15.545602,1,9.544500,473.981580,10.904145,-683.623915,3.436302,0
2015-09-30,sz.002425,14.7000,15.1800,14.0000,14.0700,15.1500,21982739,322384208.0000,3,5.803104,1,-7.128700,440.192794,10.126820,-634.890329,3.191338,0
2015-10-08,sz.002425,14.8500,15.4800,14.7300,15.4800,14.0700,9954351,152108732.0000,3,2.627795,1,10.021300,484.305931,11.141661,-698.514733,3.511152,0
2015-10-09,sz.002425,16.7800,17.0300,15.6000,17.0300,15.4800,52405180,879363376.0000,3,13.834160,1,10.012900,532.799096,12.257267,-768.456453,3.862721,0
2015-10-12,sz.002425,16.9000,18.2700,16.4000,17.2300,17.0300,28553903,494188848.0000,3,7.537790,1,1.174400,539.056279,12.401216,-777.481191,3.908085,0
2015-10-13,sz.002425,17.1000,17.9000,16.4000,17.5200,17.2300,19931883,343024880.0000,3,5.261710,1,1.683100,548.129194,12.609942,-790.567062,3.973862,0
2015-10-14,sz.002425,17.2000,17.6800,16.9900,17.1900,17.5200,12682258,219001348.0000,3,3.347921,1,-1.883600,537.804842,12.372426,-775.676244,3.899012,0
2015-10-15,sz.002425,17.1000,18.9100,17.0100,18.7600,17.1900,28858557,530548848.0000,3,7.618214,1,9.133200,586.923726,13.502427,-846.520438,4.255118,0
2015-10-16,sz.002425,19.3600,19.5800,18.1400,18.8000,18.7600,22416591,423500336.0000,3,5.917634,1,0.213200,588.175162,13.531217,-848.325386,4.264190,0
2015-10-19,sz.002425,18.6000,19.4300,18.4000,18.9800,18.8000,10684737,202453153.0000,3,2.820606,1,0.957400,593.806626,13.660771,-856.447650,4.305018,0
2015-10-20,sz.002425,19.0000,19.5000,18.6800,19.2600,18.9800,12067834,231872865.0000,3,3.185722,1,1.475200,602.566682,13.862300,-869.082283,4.368527,0
2015-10-21,sz.002425,19.2800,20.3500,17.3300,18.0800,19.2600,20469524,388354128.0000,3,5.403639,1,-6.126700,565.649305,13.013000,-815.836328,4.100881,0
2015-10-22,sz.002425,17.9000,19.8900,17.9000,19.4400,18.0800,13311325,251171298.0000,3,3.513985,1,7.522100,608.198146,13.991854,-877.204548,4.409354,0
2015-10-23,sz.002425,19.4700,21.3800,19.4700,21.3800,19.4400,16733677,348609520.0000,3,4.417433,1,9.979400,668.892817,15.388160,-964.744508,4.849382,0
2015-10-26,sz.002425,21.5000,22.3300,20.5000,21.4000,21.3800,13271755,284273408.0000,3,3.503539,1,0.093500,669.518536,15.402555,-965.646982,4.853919,0
2015-10-27,sz.002425,20.7500,21.7000,20.0900,21.3000,21.4000,10879606,226200732.0000,3,2.872048,1,-0.467300,666.389944,15.330581,-961.134613,4.831237,0
2015-10-28,sz.002425,20.9000,21.2700,20.3500,20.4700,21.3000,6168130,128615837.0000,3,1.628291,1,-3.896700,640.422637,14.733192,-923.681949,4.642977,0
2015-10-29,sz.002425,20.4700,22.5200,20.0000,22.5200,20.4700,11475493,246464209.0000,3,3.029353,1,10.014700,704.558758,16.208670,-1016.185515,5.107956,0
2015-10-30,sz.002425,22.4100,24.7700,22.0800,24.7700,22.5200,11630888,277720592.0000,3,3.070375,1,9.991100,774.952062,17.828098,-1117.713819,5.618298,0
2015-11-02,sz.002425,24.0000,26.0000,22.8200,23.3300,24.7700,18283974,447654240.0000,3,4.826687,1,-5.813500,320.662179,15.494725,-68.468993,5.243173,0
2015-11-03,sz.002425,24.0000,24.0100,21.9900,22.5000,23.3300,13727342,311312432.0000,3,3.623807,1,-3.557700,309.254137,14.943477,-66.033106,5.056639,0
2015-11-04,sz.002425,22.8000,24.5500,22.3900,24.5000,22.5000,14421076,342609104.0000,3,3.806942,1,8.888900,336.743394,16.271786,-71.902715,5.506118,0
2015-11-05,sz.002425,24.2000,26.9500,24.1800,26.2800,24.5000,19967731,514110800.0000,3,5.271173,1,7.265300,361.208832,17.453981,-77.126667,5.906155,0
2015-11-06,sz.002425,26.0000,28.2000,25.5200,28.0100,26.2800,13161541,356719760.0000,3,3.474444,1,6.583000,384.987039,18.602968,-82.203879,6.294954,0
2015-11-09,sz.002425,28.0000,30.6500,26.7000,29.6000,28.0100,15090442,432644832.0000,3,3.983644,1,5.676500,406.840999,19.658974,-86.870219,6.652290,0
2015-11-10,sz.002425,28.9000,30.3400,28.2200,29.6000,29.6000,10089244,293318496.0000,3,2.663405,1,0.000000,406.840999,19.658974,-86.870219,6.652290,0
2015-11-11,sz.002425,29.2300,29.2300,26.6400,26.7600,29.6000,25967884,710000176.0000,3,6.855121,1,-9.594600,367.806254,17.772775,-78.535374,6.014030,0
2015-11-12,sz.002425,26.7800,26.9200,25.0800,26.1700,26.7600,26641054,685373408.0000,3,7.032828,1,-2.204800,359.696923,17.380924,-76.803839,5.881433,0
2015-11-13,sz.002425,25.3800,25.9900,23.9500,25.2000,26.1700,21528079,539437568.0000,3,5.683081,1,-3.706500,346.364634,16.736694,-73.957078,5.663436,0
2015-11-16,sz.002425,24.6100,27.1100,24.3200,26.5100,25.2000,19965206,520067040.0000,3,5.270507,1,5.198400,364.370097,17.606736,-77.801672,5.957845,0
2015-11-17,sz.002425,26.5000,28.0000,25.0000,25.7500,26.5100,13712784,361069936.0000,3,3.619964,1,-2.866800,353.924179,17.101979,-75.571221,5.787043,0
2015-11-18,sz.002425,25.5800,26.3100,24.6000,25.0000,25.7500,8780168,223557608.0000,3,2.317829,1,-2.912600,343.615708,16.603863,-73.370117,5.618488,0
2015-11-19,sz.002425,25.1600,27.5000,25.1600,27.5000,25.0000,15000159,399764528.0000,3,3.959811,1,10.000000,377.977279,18.264249,-80.707129,6.180337,0
2015-11-20,sz.002425,27.5200,29.2700,27.1500,28.3900,27.5000,16189482,455952368.0000,3,4.273774,1,3.236400,390.209998,18.855347,-83.319105,6.380355,0
2015-11-23,sz.002425,28.0700,28.3800,27.0000,27.1900,28.3900,8837962,244545192.0000,3,2.333086,1,-4.226800,373.716444,18.058361,-79.797340,6.110668,0
2015-11-24,sz.002425,26.9900,27.2800,26.1000,27.1900,27.1900,6226549,166498390.0000,3,1.643713,1,0.000000,373.716444,18.058361,-79.797340,6.110668,0
2015-11-25,sz.002425,26.9100,29.8000,26.7700,28.8600,27.1900,9536431,272779504.0000,3,2.517471,1,6.142000,396.669974,19.167499,-84.698463,6.485983,0
2015-11-26,sz.002425,28.5000,30.1000,27.8400,28.8500,28.8600,10628167,307603808.0000,3,2.805672,1,-0.034700,396.532527,19.160858,-84.669115,6.483735,0
2015-11-27,sz.002425,28.2500,28.6000,25.9700,25.9700,28.8500,16053364,428875184.0000,3,4.237841,1,-9.982700,356.947998,17.248093,-76.216878,5.836486,0
2015-11-30,sz.002425,25.7000,26.3000,23.3700,25.1500,25.9700,16998932,419785104.0000,3,4.487456,1,-3.157500,345.677402,16.703486,-73.810338,5.652199,0
2015-12-01,sz.002425,25.2900,25.3400,23.5400,23.8000,25.1500,8775197,214023787.0000,3,2.316517,1,-5.367800,327.122154,15.806878,-69.848352,5.348801,0
2015-12-02,sz.002425,23.9600,24.2000,22.0000,23.7500,23.8000,11896595,273796672.0000,3,3.140518,1,-0.210100,326.434923,15.773670,-69.701611,5.337564,0
2015-12-03,sz.002425,23.7800,24.5900,22.8400,24.2200,23.7500,10570346,251177265.0000,3,2.790408,1,1.978900,332.894898,16.085822,-71.080970,5.443191,0
2015-12-04,sz.002425,23.9600,24.7500,23.6000,24.0000,24.2200,9627474,231152862.0000,3,2.541505,1,-0.908300,329.871080,15.939708,-70.435313,5.393749,0
2015-12-07,sz.002425,24.0300,25.8000,24.0000,25.0000,24.0000,9528397,238594804.0000,3,2.515350,1,4.166700,343.615708,16.603863,-73.370117,5.618488,0
2015-12-08,sz.002425,24.7900,24.7900,23.3100,23.8200,25.0000,8627500,206929361.0000,3,2.277527,1,-4.720000,327.397047,15.820161,-69.907048,5.353296,0
2015-12-09,sz.002425,23.0000,23.8200,22.8000,23.0000,23.8200,8509059,197250461.0000,3,2.246260,1,-3.442500,316.126452,15.275554,-67.500508,5.169009,0
2015-12-10,sz.002425,22.9100,23.6900,22.4600,22.6600,23.0000,5391800,124236370.0000,3,1.423352,1,-1.478300,311.453278,15.049741,-66.502674,5.092598,0
2015-12-11,sz.002425,22.6000,23.1000,21.1100,22.4900,22.6600,8013828,176230069.0000,3,2.115527,1,-0.750200,309.116691,14.936835,-66.003758,5.054392,0
2015-12-14,sz.002425,22.0000,23.8700,21.7300,23.6000,22.4900,7413057,172944146.0000,3,1.956933,1,4.935500,324.373229,15.674047,-69.261391,5.303853,0
2015-12-15,sz.002425,24.0000,25.4400,23.5500,24.9200,23.6000,10213109,253950259.0000,3,2.696103,1,5.593200,342.516138,16.550731,-73.135333,5.600509,0
2015-12-16,sz.002425,24.9200,27.4000,24.9200,26.4000,24.9200,11592772,307172000.0000,3,3.060313,1,5.939000,362.858188,17.533679,-77.478844,5.933124,0
2015-12-17,sz.002425,26.5500,27.4500,25.8700,26.1200,26.4000,13291163,353805936.0000,3,3.508662,1,-1.060600,359.009692,17.347716,-76.657099,5.870196,0
2015-12-18,sz.002425,26.3800,27.3600,25.2300,27.0800,26.1200,9508681,249318744.0000,3,2.510145,1,3.675300,372.204535,17.985304,-79.474511,6.085946,0
2015-12-21,sz.002425,26.5800,27.6100,26.5300,27.3000,27.0800,7278228,198109383.0000,3,1.921340,1,0.812400,375.228353,18.131418,-80.120168,6.135389,0
2015-12-22,sz.002425,27.0800,27.3000,26.1000,26.8300,27.3000,7647469,204224246.0000,3,2.018814,1,-1.721600,368.768378,17.819266,-78.740810,6.029762,0
2015-12-23,sz.002425,26.6300,26.8200,25.5000,25.6500,26.8300,11032616,285682352.0000,3,2.912441,1,-4.398100,352.549717,17.035563,-75.277740,5.764569,0
2015-12-24,sz.002425,25.4200,26.0100,24.5600,25.9800,25.6500,5710453,145013749.0000,3,1.507472,1,1.286500,357.085444,17.254734,-76.246226,5.838733,0
2015-12-25,sz.002425,25.6600,27.1000,25.6600,26.9000,25.9800,6070931,161870951.0000,3,1.602632,1,3.541200,369.730502,17.865757,-78.946246,6.045493,0
2015-12-28,sz.002425,27.5000,28.0000,26.3600,26.8000,26.9000,5810766,157699016.0000,3,1.533953,1,-0.371700,368.356039,17.799341,-78.652766,6.023019,0
2015-12-29,sz.002425,26.7500,27.4000,25.8100,27.2000,26.8000,6449047,171515409.0000,3,1.702449,1,1.492500,373.853891,18.065003,-79.826688,6.112915,0
2015-12-30,sz.002425,27.1900,29.9200,27.0200,29.9200,27.2000,14039167,408389680.0000,3,3.706124,1,10.000000,411.239280,19.871503,-87.809356,6.724207,0
2015-12-31,sz.002425,30.3000,30.4000,28.4800,28.9900,29.9200,9770909,285206496.0000,3,2.579369,1,-3.108300,398.456775,19.253839,-85.079988,6.515199,0
2016-01-04,sz.002425,29.2800,29.2800,26.0900,26.0900,28.9900,5345299,146320842.0000,3,1.411077,1,-10.003400,358.597353,17.327791,-76.569054,5.863454,0
2016-01-05,sz.002425,24.6600,26.6000,23.6100,25.8000,26.0900,16773159,425603200.0000,3,4.427855,1,-1.111500,354.611411,17.135187,-75.717961,5.798280,0
2016-01-06,sz.002425,26.0600,26.5700,24.3000,25.6800,25.8000,10766124,271987616.0000,3,2.842091,1,-0.465100,352.962055,17.055488,-75.365784,5.771311,0
2016-01-07,sz.002425,25.0100,25.2000,23.1100,23.1100,25.6800,1606681,37988676.0000,3,0.424139,1,-10.007800,317.638361,15.348611,-67.823336,5.193730,0
2016-01-08,sz.002425,23.5000,23.9800,20.8000,21.9500,23.1100,19510021,424444224.0000,3,5.150345,1,-5.019500,301.694592,14.578192,-64.418963,4.933033,0
2016-01-11,sz.002425,21.9500,21.9500,21.9500,21.9500,21.9500,0,0.0000,3,,0,0.000000,301.694592,14.578192,-64.418963,4.933033,0
2016-01-12,sz.002425,21.9500,21.9500,21.9500,21.9500,21.9500,0,0.0000,3,,0,0.000000,301.694592,14.578192,-64.418963,4.933033,0
2016-01-13,sz.002425,21.9500,21.9500,21.9500,21.9500,21.9500,0,0.0000,3,,0,0.000000,301.694592,14.578192,-64.418963,4.933033,0
2016-01-14,sz.002425,21.9500,21.9500,21.9500,21.9500,21.9500,0,0.0000,3,,0,0.000000,301.694592,14.578192,-64.418963,4.933033,0
2016-01-15,sz.002425,21.9500,21.9500,21.9500,21.9500,21.9500,0,0.0000,3,,0,0.000000,301.694592,14.578192,-64.418963,4.933033,0
2016-01-18,sz.002425,19.7600,22.3000,19.7600,21.2600,21.9500,20175230,410648320.0000,3,5.325950,1,-3.143500,292.210798,14.119925,-62.393948,4.777962,0
2016-01-19,sz.002425,20.5300,23.1500,20.5300,22.7600,21.2600,11348059,251401472.0000,3,2.995713,1,7.055500,312.827741,15.116157,-66.796155,5.115072,0
2016-01-20,sz.002425,22.7800,24.6800,22.2900,22.9500,22.7600,14397959,335941024.0000,3,3.800839,1,0.834800,315.439220,15.242346,-67.353768,5.157772,0
2016-01-21,sz.002425,22.4700,23.6800,21.5500,21.6000,22.9500,10149828,227983470.0000,3,2.679398,1,-5.882400,296.883972,14.345738,-63.391781,4.854374,0
2016-01-22,sz.002425,21.7500,23.2500,21.5100,22.5100,21.6000,9352007,207963405.0000,3,2.468786,1,4.213000,309.391584,14.950118,-66.062454,5.058887,0
2016-01-25,sz.002425,22.5000,23.4300,22.5000,23.1100,22.5100,5512052,126626306.0000,3,1.455097,1,2.665500,317.638361,15.348611,-67.823336,5.193730,0
2016-01-26,sz.002425,22.6100,23.0000,20.8000,20.8000,23.1100,6107409,131848950.0000,3,1.612262,1,-9.995700,285.888269,13.814414,-61.043938,4.674582,0
2016-01-27,sz.002425,21.4500,21.4500,18.7200,20.4700,20.8000,6778377,132655295.0000,3,1.789387,1,-1.586500,281.352542,13.595243,-60.075452,4.600418,0
2016-01-28,sz.002425,20.0000,20.0000,18.4200,18.4200,20.4700,6103003,118174261.0000,3,1.611099,1,-10.014700,253.176054,12.233726,-54.059102,4.139702,0
2016-01-29,sz.002425,18.7300,19.3000,18.0100,18.7000,18.4200,6158086,116216170.0000,3,1.625640,1,1.520100,257.024550,12.419689,-54.880848,4.202629,0
2016-02-01,sz.002425,18.7000,19.7000,18.3000,18.6900,18.7000,6291025,120088284.0000,3,1.660734,1,-0.053500,256.887103,12.413048,-54.851500,4.200382,0
2016-02-02,sz.002425,18.6900,20.5600,18.6900,20.5600,18.6900,9502285,188940860.0000,3,2.508457,1,10.005300,282.589558,13.655017,-60.339584,4.620645,0
2016-02-03,sz.002425,20.5000,22.4000,19.9000,21.7800,20.5600,9825233,208147792.0000,3,2.593710,1,5.933900,299.358005,14.465285,-63.920046,4.894827,0
2016-02-04,sz.002425,22.2200,23.8500,22.0000,23.0000,21.7800,8062381,185577187.0000,3,2.128344,1,5.601500,316.126452,15.275554,-67.500508,5.169009,0
2016-02-05,sz.002425,23.4400,23.5600,22.3300,23.0100,23.0000,2838606,65243596.0000,3,0.749348,1,0.043500,316.263898,15.282195,-67.529856,5.171257,0
2016-02-15,sz.002425,21.6300,24.2000,21.6300,23.7600,23.0100,4247446,99752582.0000,3,1.121260,1,3.259500,326.572369,15.780311,-69.730959,5.339811,0
2016-02-16,sz.002425,23.9000,25.5700,23.9000,25.3100,23.7600,3347461,83863799.0000,3,0.883678,1,6.523600,347.876543,16.809751,-74.279907,5.688157,0
2016-02-17,sz.002425,25.3100,25.5500,23.8000,24.5100,25.3100,6413084,158429808.0000,3,1.692955,1,-3.160800,336.880840,16.278427,-71.932063,5.508366,0
2016-02-18,sz.002425,24.8000,24.9800,24.1800,24.3800,24.5100,4353461,106566920.0000,3,1.149247,1,-0.530400,335.094039,16.192087,-71.550538,5.479150,0
2016-02-19,sz.002425,24.4200,24.9000,23.6000,24.4500,24.3800,3056506,74372381.0000,3,0.806870,1,0.287100,336.056163,16.238578,-71.755975,5.494881,0
2016-02-22,sz.002425,25.5000,25.5100,23.7600,24.0000,24.4500,7760857,187740406.0000,3,2.048747,1,-1.840500,329.871080,15.939708,-70.435313,5.393749,0
2016-02-23,sz.002425,24.0100,24.2900,23.0400,23.5300,24.0000,4706722,110562161.0000,3,1.242502,1,-1.958300,323.411105,15.627556,-69.055954,5.288121,0
2016-02-24,sz.002425,23.4900,23.7000,22.2000,22.5500,23.5300,7302435,166644398.0000,3,1.927730,1,-4.164900,309.941369,14.976684,-66.179846,5.067876,0
2016-02-25,sz.002425,22.6800,22.9400,20.3000,20.3000,22.5500,8307103,175832620.0000,3,2.192947,1,-9.977800,279.015955,13.482337,-59.576535,4.562212,0
2016-02-26,sz.002425,20.0000,21.1000,19.3000,20.5800,20.3000,10033603,206405713.0000,3,2.648717,1,1.379300,282.864451,13.668300,-60.398281,4.625139,0
2016-02-29,sz.002425,20.3000,20.3000,18.5200,18.5200,20.5800,5044600,94757137.0000,3,1.331697,1,-10.009700,98.621245,12.713791,-54.352583,4.162176,0
2016-03-01,sz.002425,18.1900,18.4000,16.6700,17.6900,18.5200,22967298,396719808.0000,3,6.063013,1,-4.481600,94.201394,12.144005,-51.916695,3.975642,0
2016-03-02,sz.002425,17.0000,19.4600,16.9000,19.4600,17.6900,18173280,332623312.0000,3,4.797466,1,10.005600,103.626859,13.359091,-57.111299,4.373431,0
2016-03-03,sz.002425,20.1000,20.6000,19.3100,19.3200,19.4600,17303774,346381904.0000,3,4.567930,1,-0.719400,102.881342,13.262983,-56.700427,4.341968,0
2016-03-04,sz.002425,19.0000,19.2800,17.3900,17.5000,19.3200,14959889,270105440.0000,3,3.949180,1,-9.420300,93.189621,12.013571,-51.359082,3.932942,0
2016-03-07,sz.002425,17.7600,18.3800,17.3100,17.8500,17.5000,8077739,144425976.0000,3,2.132399,1,2.000000,95.053414,12.253843,-52.386264,4.011601,0
2016-03-08,sz.002425,17.8200,19.6400,16.4600,19.6400,17.8500,17951829,331927936.0000,3,4.739006,1,10.028000,104.585381,13.482660,-57.639564,4.413884,0
2016-03-09,sz.002425,19.6000,20.3500,18.7800,19.7100,19.6400,16479294,325318208.0000,3,4.350280,1,0.356400,104.958139,13.530714,-57.845000,4.429616,0
2016-03-10,sz.002425,19.5000,19.7000,18.5600,18.7900,19.7100,7842240,150376283.0000,3,2.070230,1,-4.667700,100.059028,12.899143,-55.144980,4.222856,0
2016-03-11,sz.002425,18.5100,19.0500,18.0000,18.6600,18.7900,5755144,106317524.0000,3,1.519269,1,-0.691900,99.366762,12.809900,-54.763456,4.193640,0
2016-03-14,sz.002425,18.8700,20.5300,18.8700,20.3900,18.6600,15847047,320222448.0000,3,4.183376,1,9.271200,108.579222,13.997527,-59.840668,4.582439,0
2016-03-15,sz.002425,20.3000,20.9900,19.8000,19.9500,20.3900,11616303,237029868.0000,3,3.066525,1,-2.157900,106.236168,13.695471,-58.549354,4.483554,0
2016-03-16,sz.002425,20.3500,20.6000,19.5000,20.3800,19.9500,9366062,187456975.0000,3,2.472496,1,2.155400,108.525971,13.990662,-59.811320,4.580192,0
2016-03-17,sz.002425,20.5000,22.4200,20.5000,22.4200,20.3800,15685695,344492576.0000,3,4.140782,1,10.009800,119.389218,15.391101,-65.798321,5.038660,0
2016-03-18,sz.002425,22.4300,24.6600,22.4300,24.6600,22.4200,15114034,360738992.0000,3,3.989872,1,9.991100,131.317489,16.928838,-72.372284,5.542077,0
2016-03-21,sz.002425,25.0000,26.5000,25.0000,25.3000,24.6600,10281172,263149183.0000,3,2.714071,1,2.595300,134.725567,17.368192,-74.250559,5.685910,0
2016-03-22,sz.002425,25.3200,25.7000,24.3600,24.5500,25.3000,10063571,251556587.0000,3,2.656628,1,-2.964400,130.731726,16.853325,-72.049455,5.517355,0
2016-03-23,sz.002425,25.2000,26.1000,23.6100,25.5400,24.5500,18618931,463075696.0000,3,4.915111,1,4.032600,136.003596,17.532949,-74.954912,5.739848,0
2016-03-24,sz.002425,24.5000,25.4800,24.3200,24.8000,25.5400,8845473,220229017.0000,3,2.335069,1,-2.897400,132.063006,17.024947,-72.783156,5.573540,0
2016-03-25,sz.002425,24.7400,25.1000,24.2000,24.4500,24.8000,4803795,118233625.0000,3,1.268128,1,-1.411300,130.199214,16.784676,-71.755975,5.494881,0
2016-03-28,sz.002425,24.4500,25.2000,23.9000,24.8800,24.4500,11105147,272565968.0000,3,2.931588,1,1.758700,132.489016,17.079866,-73.017941,5.591519,0
2016-03-29,sz.002425,24.6000,24.7500,23.7500,24.2700,24.8800,6260116,151555342.0000,3,1.652574,1,-2.451800,129.240692,16.661107,-71.227710,5.454428,0
2016-03-30,sz.002425,24.6400,25.5800,23.9500,24.7700,24.2700,7444690,182614146.0000,3,1.965283,1,2.060200,131.903253,17.004352,-72.695112,5.566798,0
2016-03-31,sz.002425,24.5200,25.5000,24.3500,25.0000,24.7700,11692022,291843248.0000,3,3.086514,1,0.928500,133.128031,17.162245,-73.370117,5.618488,0
2016-04-01,sz.002425,24.8000,24.8300,23.1600,23.6000,25.0000,10349156,247350221.0000,3,2.732018,1,-5.600000,125.672861,16.201159,-69.261391,5.303853,0
2016-04-05,sz.002425,23.4400,24.1600,23.2200,23.9200,23.6000,8951836,212512977.0000,3,2.363147,1,1.355900,127.376900,16.420836,-70.200528,5.375770,0
2016-04-06,sz.002425,23.9200,24.4500,23.6000,23.9700,23.9200,8412562,201541839.0000,3,2.220787,1,0.209000,127.643156,16.455160,-70.347268,5.387006,0
2016-04-07,sz.002425,24.0000,24.1700,23.2500,23.5000,23.9700,7974357,187684232.0000,3,2.105107,1,-1.960800,125.140349,16.132510,-68.967910,5.281379,0
2016-04-08,sz.002425,23.0100,23.7200,22.9800,23.3500,23.5000,5643732,132032881.0000,3,1.489858,1,-0.638300,124.341581,16.029537,-68.527690,5.247668,0
2016-04-11,sz.002425,23.7000,24.6600,23.4000,24.0800,23.3500,8374640,202230429.0000,3,2.210776,1,3.126300,128.228919,16.530674,-70.670097,5.411728,0
2016-04-12,sz.002425,24.2200,24.3800,23.3800,23.5800,24.0800,5834635,138072000.0000,3,1.540254,1,-2.076400,125.566358,16.187429,-69.202695,5.299358,0
2016-04-13,sz.002425,23.7500,24.4200,23.6100,23.8000,23.5800,7670915,184040470.0000,3,2.025003,1,0.933000,126.737885,16.338457,-69.848352,5.348801,0
2016-04-14,sz.002425,23.8800,25.6500,23.8600,25.1800,23.8000,12719794,317008784.0000,3,3.357830,1,5.798300,134.086552,17.285813,-73.898382,5.658941,0
2016-04-15,sz.002425,25.4800,25.4800,24.5000,24.9000,25.1800,6137759,152501931.0000,3,1.620274,1,-1.112000,132.595518,17.093596,-73.076637,5.596014,0
2016-04-18,sz.002425,24.8000,24.8000,23.7800,23.9600,24.9000,6525891,157390002.0000,3,1.722735,1,-3.775100,127.589905,16.448296,-70.317920,5.384759,0
2016-04-19,sz.002425,24.1000,24.5000,23.5100,23.8200,23.9600,5025086,120119564.0000,3,1.326545,1,-0.584300,126.844388,16.352187,-69.907048,5.353296,0
2016-04-20,sz.002425,23.8800,24.1000,21.6000,22.1800,23.8200,6699213,151162158.0000,3,1.768489,1,-6.885000,118.111189,15.226344,-65.093968,4.984723,0
2016-04-21,sz.002425,22.2000,22.4200,20.7300,21.0900,22.1800,6369954,137717277.0000,3,1.681570,1,-4.914300,112.306807,14.478070,-61.895031,4.739757,0
2016-04-22,sz.002425,21.0800,21.9600,20.7400,21.7800,21.0900,5037049,107003817.0000,3,1.329703,1,3.271700,115.981140,14.951748,-63.920046,4.894827,0
2016-04-25,sz.002425,21.8000,23.1300,21.1100,22.8600,21.7800,6480940,146528561.0000,3,1.710868,1,4.958700,121.732271,15.693157,-67.089635,5.137546,0
2016-04-26,sz.002425,22.5100,23.2300,22.0300,22.6000,22.8600,4264061,96003275.0000,3,1.125646,1,-1.137400,120.347740,15.514669,-66.326586,5.079113,0
2016-04-27,sz.002425,22.5100,23.0600,22.0600,22.5300,22.6000,3131267,70810479.0000,3,0.826606,1,-0.309700,119.974981,15.466615,-66.121150,5.063382,0
2016-04-28,sz.002425,22.6700,22.6700,22.0800,22.3900,22.5300,2672766,59576833.0000,3,0.705569,1,-0.621400,119.229464,15.370507,-65.710277,5.031918,0
2016-04-29,sz.002425,22.5500,23.4500,22.3200,23.1100,22.3900,4406858,101987775.0000,3,1.163343,1,3.215700,123.063551,15.864779,-67.823336,5.193730,0
2016-05-03,sz.002425,22.7600,23.8200,22.7300,23.5900,23.1100,5194947,121381548.0000,3,1.371386,1,2.077000,119.924818,16.070448,-36.192104,5.143452,0
2016-05-04,sz.002425,23.6600,23.8000,23.3000,23.3600,23.5900,3480351,81992464.0000,3,0.918759,1,-0.975000,118.755564,15.913763,-35.839235,5.093304,0
2016-05-05,sz.002425,23.1500,23.5000,23.1300,23.2400,23.3600,2661891,61890029.0000,3,0.702698,1,-0.513700,118.145518,15.832014,-35.655129,5.067140,0
2016-05-06,sz.002425,23.4900,23.5000,22.4000,22.6800,23.2400,2772337,63391004.0000,3,1.458741,1,-2.409600,122.942944,16.474890,-37.102944,5.272897,0
2016-05-09,sz.002425,22.5000,22.5200,21.0300,21.4000,22.6800,5344556,114928785.0000,3,2.812184,1,-5.643700,116.004365,15.545091,-35.008950,4.975308,0
2016-05-10,sz.002425,21.3600,21.7600,21.1200,21.4500,21.4000,2547616,54417019.0000,3,1.340498,1,0.233700,116.275403,15.581411,-35.090747,4.986933,0
2016-05-11,sz.002425,21.3300,21.4500,19.3100,19.3100,21.4500,13478527,263790496.0000,3,7.092095,1,-9.976700,104.674967,14.026902,-31.589852,4.489402,0
2016-05-12,sz.002425,18.6500,20.8100,18.2000,20.4000,19.3100,10927338,213233382.0000,3,5.749717,1,5.644700,110.583600,14.818684,-33.373018,4.742817,0
2016-05-13,sz.002425,20.1000,20.4900,19.6000,19.6000,20.4000,5540012,110462343.0000,3,2.700912,1,-3.921600,106.246988,14.237560,-32.064272,4.556824,0
2016-05-16,sz.002425,19.6500,20.0700,19.2000,20.0200,19.6000,5051841,100243797.0000,3,2.462915,1,2.142900,108.523710,14.542650,-32.751364,4.654470,0
2016-05-17,sz.002425,20.0700,20.9900,19.9000,20.5700,20.0200,4539883,92130276.0000,3,2.213321,1,2.747200,111.505130,14.942173,-33.651127,4.782340,0
2016-05-18,sz.002425,20.3000,20.8800,20.1000,20.3200,20.5700,2772213,56558822.0000,3,1.351532,1,-1.215400,110.149939,14.760572,-33.242143,4.724218,0
2016-05-19,sz.002425,20.4900,20.9900,20.1000,20.3500,20.3200,2680587,55203409.0000,3,1.306862,1,0.147600,110.312562,14.782364,-33.291221,4.731192,0
2016-05-20,sz.002425,20.1500,20.5300,19.7800,20.2400,20.3500,3061530,61846220.0000,3,1.492582,1,-0.540500,109.716278,14.702459,-33.111269,4.705618,0
2016-05-23,sz.002425,20.4000,22.2500,20.1000,22.0000,20.2400,6754083,146308885.0000,3,3.292805,1,8.695700,119.256824,15.980934,-35.990510,5.114803,0
2016-05-24,sz.002425,22.0000,22.0000,21.0100,21.1500,22.0000,2782525,59464192.0000,3,1.356559,1,-3.863600,114.649174,15.363489,-34.599967,4.917185,0
2016-05-25,sz.002425,21.2200,21.9000,21.1000,21.1500,21.1500,3600916,77607895.0000,3,1.755548,1,0.000000,114.649174,15.363489,-34.599967,4.917185,0
2016-05-26,sz.002425,21.1800,21.6900,20.7000,21.5600,21.1500,5467162,115894013.0000,3,2.665395,1,1.938500,116.871687,15.661316,-35.270699,5.012507,0
2016-05-27,sz.002425,21.5000,21.9800,21.4500,21.6300,21.5600,2315755,50246009.0000,3,1.128996,1,0.324700,117.251141,15.712164,-35.385215,5.028781,0
2016-05-30,sz.002425,21.8000,21.8800,21.1900,21.2000,21.6300,3754287,80558858.0000,3,1.830321,1,-1.988000,114.920212,15.399809,-34.681764,4.928810,0
2016-05-31,sz.002425,21.3500,21.9500,21.2000,21.8700,21.2000,5216156,113173612.0000,3,2.543023,1,3.160400,118.552124,15.886501,-35.777838,5.084579,0
2016-06-01,sz.002425,21.7400,22.1800,21.6900,21.7100,21.8700,5549921,121256752.0000,3,2.705743,1,-0.731600,117.684802,15.770276,-35.516089,5.047380,0
2016-06-02,sz.002425,21.6900,22.2000,21.6100,22.1400,21.7100,3547149,77917916.0000,3,1.729335,1,1.980700,120.015731,16.082631,-36.219540,5.147351,0
2016-06-03,sz.002425,22.1400,22.9700,21.7500,22.3100,22.1400,4671453,104545562.0000,3,2.277465,1,0.767800,120.937261,16.206120,-36.497649,5.186875,0
2016-06-06,sz.002425,22.4000,24.3000,22.3800,23.6100,22.3100,8903823,209586411.0000,3,4.340864,1,5.827000,127.984255,17.150448,-38.624361,5.489113,0
2016-06-07,sz.002425,23.6000,24.5000,23.4700,23.8000,23.6100,6380808,153261125.0000,3,3.110823,1,0.804700,129.014200,17.288465,-38.935188,5.533286,0
2016-06-08,sz.002425,24.3000,24.3900,23.0000,23.6800,23.8000,9290269,218399588.0000,3,4.529267,1,-0.504200,140.994854,18.893925,-42.550829,6.047124,0
2016-06-13,sz.002425,22.8800,23.2100,21.5000,21.5000,23.6800,8211883,185687560.0000,3,4.003524,1,-9.206100,128.014753,17.154535,-38.633565,5.490421,0
2016-06-14,sz.002425,21.6000,21.8800,20.5200,21.1000,21.5000,7268123,152717094.0000,3,3.543414,1,-1.860500,125.633084,16.835381,-37.914801,5.388274,0
2016-06-15,sz.002425,20.7900,22.3800,20.5300,22.3200,21.1000,8617097,186048173.0000,3,4.201077,1,5.782000,132.897177,17.808801,-40.107031,5.699823,0
2016-06-16,sz.002425,22.1700,22.2200,21.1300,21.4000,22.3200,6987389,150767192.0000,3,3.406549,1,-4.121900,127.419336,17.074746,-38.453874,5.464884,0
2016-06-17,sz.002425,21.1100,21.9700,21.1100,21.5200,21.4000,4482945,96464491.0000,3,2.185562,1,0.560800,128.133837,17.170493,-38.669503,5.495529,0
2016-06-20,sz.002425,21.5800,21.7800,20.8000,21.0300,21.5200,4436736,93726367.0000,3,2.163034,1,-2.277000,125.216291,16.779529,-37.789017,5.370398,0
2016-06-21,sz.002425,21.2500,21.3500,20.7000,20.8100,21.0300,3846477,80789895.0000,3,1.875266,1,-1.046100,123.906373,16.603994,-37.393697,5.314217,0
2016-06-22,sz.002425,20.8800,21.1800,20.7600,21.0500,20.8100,2859512,59886486.0000,3,1.394093,1,1.153300,125.335375,16.795487,-37.824955,5.375505,0
2016-06-23,sz.002425,21.0000,21.6400,20.9000,21.3900,21.0500,3113358,66105198.0000,3,1.517850,1,1.615200,127.359794,17.066768,-38.435905,5.462331,0
2016-06-24,sz.002425,21.3000,21.5500,20.0000,20.8200,21.3900,5339322,111471700.0000,3,2.603070,1,-2.664800,123.965915,16.611973,-37.411666,5.316771,0
2016-06-27,sz.002425,20.7000,20.8800,20.4700,20.8600,20.8200,6082286,125769882.0000,3,2.965286,1,0.192100,124.204082,16.643888,-37.483542,5.326985,0
2016-06-28,sz.002425,20.7300,22.5000,20.5600,22.1500,20.8600,10051512,217841246.0000,3,4.900395,1,6.184100,131.884967,17.673160,-39.801556,5.656411,0
2016-06-29,sz.002425,22.1500,23.1300,22.0500,22.3100,22.1500,10164389,230448324.0000,3,4.955426,1,0.722300,132.837635,17.800822,-40.089062,5.697270,0
2016-06-30,sz.002425,22.2000,22.7800,21.8000,22.0000,22.3100,4652421,103219540.0000,3,2.268186,1,-1.389500,130.991841,17.553478,-39.532020,5.618105,0
2016-07-01,sz.002425,22.0100,22.8800,21.9000,22.0900,22.0000,4645688,103668676.0000,3,2.264904,1,0.409100,131.527716,17.625287,-39.693742,5.641089,0
2016-07-04,sz.002425,22.0000,22.3500,21.5200,22.3200,22.0900,4137594,90970808.0000,3,2.017193,1,1.041200,132.897177,17.808801,-40.107031,5.699823,0
2016-07-05,sz.002425,22.4800,23.9000,22.4800,23.2900,22.3200,11173527,260812710.0000,3,5.447409,1,4.345900,138.672726,18.582750,-41.850034,5.947531,0
2016-07-06,sz.002425,23.3000,23.4800,22.7500,23.3600,23.2900,5286070,121814912.0000,3,2.577108,1,0.300600,139.089518,18.638602,-41.975817,5.965407,0
2016-07-07,sz.002425,23.2800,23.4600,22.5100,22.6500,23.3600,5188151,118870316.0000,3,2.529370,1,-3.039400,134.862054,18.072103,-40.700011,5.784095,0
2016-07-08,sz.002425,22.5000,22.7500,22.1800,22.6000,22.6500,3939013,88395344.0000,3,1.920380,1,-0.220700,134.564345,18.032209,-40.610166,5.771327,0
2016-07-11,sz.002425,22.7200,23.5800,22.6000,22.8300,22.6000,9528642,220939565.0000,3,4.645481,1,1.017700,135.933806,18.215722,-41.023455,5.830061,0
2016-07-12,sz.002425,22.7900,23.2800,22.2500,23.1600,22.8300,4292958,97092394.0000,3,2.092938,1,1.445500,137.898683,18.479025,-41.616435,5.914333,0
2016-07-13,sz.002425,23.1600,23.5900,22.7700,23.2900,23.1600,7347839,171074582.0000,3,3.582278,1,0.561300,138.672726,18.582750,-41.850034,5.947531,0
2016-07-14,sz.002425,23.2900,25.0000,23.1100,24.5300,23.2900,12411648,300651904.0000,3,6.051028,1,5.324200,146.055902,19.572128,-44.078202,6.264188,0
2016-07-15,sz.002425,24.5300,25.0500,24.1000,24.6800,24.5300,7473435,183728398.0000,3,3.643510,1,0.611500,146.949029,19.691810,-44.347739,6.302493,0
2016-07-18,sz.002425,24.5900,25.3000,23.8500,24.9900,24.6800,7351788,181204426.0000,3,3.584203,1,1.256100,148.794823,19.939155,-44.904781,6.381657,0
2016-07-19,sz.002425,25.0000,25.0400,24.4400,24.8400,24.9900,4540822,112131925.0000,3,2.213778,1,-0.600200,147.901697,19.819472,-44.635244,6.343352,0
2016-07-20,sz.002425,24.8800,27.2000,24.4400,26.3000,24.8400,11158010,286340592.0000,3,5.439844,1,5.877600,156.594791,20.984385,-47.258733,6.716190,0
2016-07-21,sz.002425,26.0000,26.1000,25.5300,25.6500,26.3000,5872549,151428129.0000,3,2.863033,1,-2.471500,152.724578,20.465759,-46.090741,6.550200,0
2016-07-22,sz.002425,25.6600,26.0400,25.0100,25.1200,25.6500,4064377,103418786.0000,3,1.981498,1,-2.066300,149.568865,20.042880,-45.138379,6.414855,0
2016-07-25,sz.002425,25.0100,25.3700,24.4000,24.6600,25.1200,5520188,137012713.0000,3,2.691247,1,-1.831200,146.829945,19.675853,-44.311800,6.297385,0
2016-07-26,sz.002425,24.6300,25.4900,24.5500,25.0500,24.6600,4427076,110959405.0000,3,2.158324,1,1.581500,149.152073,19.987028,-45.012595,6.396979,0
2016-07-27,sz.002425,25.2000,25.2000,22.5500,22.9600,25.0500,12226896,286909328.0000,3,5.960956,1,-8.343300,136.707848,18.319448,-41.257053,5.863259,0
2016-07-28,sz.002425,22.9600,23.0700,22.0000,22.4800,22.9600,7194813,161486181.0000,3,3.507674,1,-2.090600,133.849845,17.936463,-40.394537,5.740682,0
2016-07-29,sz.002425,22.5900,22.5900,21.9000,22.3700,22.4800,4587736,101754035.0000,3,2.236650,1,-0.489300,133.194885,17.848695,-40.196876,5.712592,0
2016-08-01,sz.002425,22.0300,22.4200,21.3000,21.9900,22.3700,6616928,144406727.0000,3,3.225939,1,-1.698700,100.864963,19.737108,-39.514051,5.615552,0
2016-08-02,sz.002425,22.0000,23.1000,22.0000,22.9400,21.9900,5657062,128381478.0000,3,2.757977,1,4.320100,105.222476,20.589780,-41.221115,5.858152,0
2016-08-03,sz.002425,22.8000,22.8800,22.4800,22.7100,22.9400,3148677,71230378.0000,3,1.535069,1,-1.002600,104.167499,20.383343,-40.807826,5.799417,0
2016-08-04,sz.002425,22.7100,22.9900,22.4000,22.9600,22.7100,2554352,57948879.0000,3,1.245318,1,1.100800,105.314213,20.607731,-41.257053,5.863259,0
2016-08-05,sz.002425,22.9600,22.9700,22.0300,22.3200,22.9600,3590692,80589343.0000,3,1.750563,1,-2.787500,102.378625,20.033299,-40.107031,5.699823,0
2016-08-08,sz.002425,22.2700,22.6800,21.6600,22.5400,22.3200,3755451,83320327.0000,3,1.830888,1,0.985700,103.387734,20.230760,-40.502351,5.756004,0
2016-08-09,sz.002425,22.3700,23.1500,22.3700,22.8800,22.5400,4303085,98447732.0000,3,2.097875,1,1.508400,104.947265,20.535927,-41.113301,5.842830,0
2016-08-10,sz.002425,22.8800,23.0900,22.4100,22.5400,22.8800,2341588,53141110.0000,3,1.141590,1,-1.486000,103.387734,20.230760,-40.502351,5.756004,0
2016-08-11,sz.002425,22.5500,22.6700,21.9000,21.9000,22.5400,3444389,76153082.0000,3,1.679237,1,-2.839400,100.452146,19.656329,-39.352329,5.592569,0
2016-08-12,sz.002425,21.8900,22.0800,21.7000,22.0000,21.9000,2676581,58665243.0000,3,1.304909,1,0.456600,100.910831,19.746084,-39.532020,5.618105,0
2016-08-15,sz.002425,22.0100,23.2000,21.6400,22.7600,22.0000,6512653,147471979.0000,3,3.175102,1,3.454500,104.396842,20.428221,-40.897671,5.812185,0
2016-08-16,sz.002425,22.6800,22.9500,22.6800,22.7700,22.7600,2939189,66998238.0000,3,1.432937,1,0.043900,104.442710,20.437196,-40.915640,5.814739,0
2016-08-17,sz.002425,22.7800,23.3800,22.6800,22.8900,22.7700,5598219,129010218.0000,3,2.729289,1,0.527000,104.993133,20.544902,-41.131270,5.845383,0
2016-08-18,sz.002425,22.8900,23.0600,22.1400,22.2900,22.8900,5886766,132848478.0000,3,2.869964,1,-2.621200,102.241020,20.006373,-40.053124,5.692162,0
2016-08-19,sz.002425,22.2000,22.6000,22.0800,22.4800,22.2900,3883202,86711885.0000,3,1.893170,1,0.852400,103.112522,20.176907,-40.394537,5.740682,0
2016-08-22,sz.002425,22.4600,22.4600,21.7300,21.8300,22.4800,6430606,141107633.0000,3,3.135101,1,-2.891500,100.131066,19.593500,-39.226545,5.574693,0
2016-08-23,sz.002425,21.8000,22.2800,21.7700,21.9700,21.8300,3569885,78582997.0000,3,1.740419,1,0.641300,100.773226,19.719157,-39.478112,5.610444,0
2016-08-24,sz.002425,22.0000,23.0700,22.0000,23.0100,21.9700,10210361,232872576.0000,3,4.977838,1,4.733700,105.543556,20.652608,-41.346899,5.876028,0
2016-08-25,sz.002425,23.0800,24.5000,22.8000,24.5000,23.0100,14870460,351762736.0000,3,7.249768,1,6.475400,113.804572,21.989957,1602.975319,3.724889,0
2016-08-26,sz.002425,24.2800,24.8900,23.7400,23.8000,24.5000,9346414,225953272.0000,3,4.556640,1,-2.857100,110.553013,21.361672,1557.176024,3.618464,0
2016-08-29,sz.002425,23.9000,24.1500,23.5200,23.8800,23.8000,5211731,124473961.0000,3,2.540865,1,0.336100,110.924620,21.433476,1562.410229,3.630627,0
2016-08-30,sz.002425,23.8700,23.9800,23.0400,23.1400,23.8800,6338184,148294079.0000,3,3.090043,1,-3.098800,107.487257,20.769290,1513.993831,3.518120,0
2016-08-31,sz.002425,23.1000,23.3200,22.6000,23.0300,23.1400,5223506,119652739.0000,3,2.546606,1,-0.475400,106.976298,20.670559,1506.796799,3.501396,0
2016-09-01,sz.002425,23.0400,23.2900,22.7800,22.9300,23.0300,4550454,104823789.0000,3,2.218474,1,-0.434200,106.511789,20.580804,1500.254043,3.486192,0
2016-09-02,sz.002425,22.8400,23.0900,22.5800,22.6000,22.9300,4456104,101381777.0000,3,2.172476,1,-1.439200,104.978911,20.284613,1478.662947,3.436020,0
2016-09-05,sz.002425,22.6100,23.6800,22.6100,23.1800,22.6000,6547935,152721052.0000,3,3.192302,1,2.566371,107.673060,20.805192,1516.610934,3.524201,0
2016-09-06,sz.002425,23.2000,23.4900,22.8600,23.2000,23.1800,4603810,106625920.0000,3,2.244487,1,0.086283,107.765962,20.823143,1517.919485,3.527242,0
2016-09-07,sz.002425,23.3400,23.5800,23.1400,23.2200,23.2000,6198841,144415292.0000,3,3.022109,1,0.086201,107.858864,20.841094,1519.228037,3.530283,0
2016-09-08,sz.002425,23.2000,23.4200,23.0100,23.1900,23.2200,4796025,111113484.0000,3,2.338197,1,-0.129194,107.719511,20.814167,1517.265210,3.525722,0
2016-09-09,sz.002425,23.1800,23.9800,23.0700,23.8000,23.1900,8673522,205086320.0000,3,4.228586,1,2.630439,110.553013,21.361672,1557.176024,3.618464,0
2016-09-12,sz.002425,22.8000,23.4500,22.6700,23.0500,23.8000,5264973,121473056.0000,3,2.566822,1,-3.151261,107.069199,20.688510,1508.105351,3.504436,0
2016-09-13,sz.002425,23.0500,24.0000,22.9900,23.8100,23.0500,6556595,154207696.0000,3,3.196524,1,3.297181,110.599464,21.370648,1557.830299,3.619984,0
2016-09-14,sz.002425,23.7000,24.5200,23.5500,23.8200,23.8100,8704555,209552482.0000,3,4.243715,1,0.042000,110.645915,21.379623,1558.484575,3.621504,0
2016-09-19,sz.002425,23.6200,25.5000,23.6200,24.7400,23.8200,11700987,288093584.0000,3,5.704560,1,3.862301,114.919392,22.205368,1618.677934,3.761378,0
2016-09-20,sz.002425,24.6600,25.2000,24.2100,24.3500,24.7400,9549333,235380924.0000,3,4.655568,1,-1.576392,113.107809,21.855324,1593.161184,3.702084,0
2016-09-21,sz.002425,24.3500,24.4900,23.9200,24.0300,24.3500,4611634,111408990.0000,3,2.248301,1,-1.314167,111.621382,21.568108,1572.224363,3.653432,0
2016-09-22,sz.002425,24.1800,24.4600,24.0000,24.3900,24.0300,3913754,94955819.0000,3,1.908065,1,1.498122,113.293613,21.891226,1595.778286,3.708165,0
2016-09-23,sz.002425,24.2000,24.3900,23.7200,23.8100,24.3900,3488045,83534536.0000,3,1.700520,1,-2.378024,110.599464,21.370648,1557.830299,3.619984,0
2016-09-26,sz.002425,24.0500,24.0700,23.4800,23.5700,23.8100,3476819,82379481.0000,3,1.695047,1,-1.007979,109.484643,21.155236,1542.127684,3.583495,0
2016-09-27,sz.002425,23.4400,23.9400,23.1100,23.8900,23.5700,5868087,137886753.0000,3,2.860857,1,1.357657,110.971071,21.442452,1563.064504,3.632147,0
2016-09-28,sz.002425,23.7000,24.1500,23.5900,24.1000,23.8900,3863047,92121289.0000,3,1.883344,1,0.879033,111.946538,21.630937,1576.804293,3.664075,0
2016-09-29,sz.002425,23.9500,24.3400,23.8100,23.8300,24.1000,3238513,78039483.0000,3,1.578866,1,-1.120334,110.692365,21.388599,1559.138851,3.623025,0
2016-09-30,sz.002425,23.8000,24.3000,23.7500,24.1800,23.8300,3554352,85862037.0000,3,1.732847,1,1.468738,112.318145,21.702741,1582.038498,3.676237,0
2016-10-10,sz.002425,24.5800,24.6400,24.0700,24.2100,24.1800,4725642,115123238.0000,3,2.303883,1,0.124064,112.457498,21.729667,1584.001325,3.680799,0
2016-10-11,sz.002425,24.1300,24.1500,23.8000,24.1000,24.1600,5914064,141306487.0000,3,2.883273,1,-0.248342,111.946538,21.630937,1576.804293,3.664075,0
2016-10-12,sz.002425,23.9000,24.1700,23.7800,24.1500,24.1000,2767657,66290520.0000,3,1.349311,1,0.207466,112.178793,21.675814,1580.075671,3.671676,0
2016-10-13,sz.002425,24.1400,24.4500,23.9200,24.4000,24.1500,4690309,113506260.0000,3,2.286658,1,1.035197,113.340064,21.900202,1596.432562,3.709685,0
2016-10-14,sz.002425,24.3500,24.4600,23.7000,23.8700,24.4000,6059382,144955195.0000,3,2.954119,1,-2.172126,110.878169,21.424501,1561.755953,3.629106,0
2016-10-17,sz.002425,23.9500,23.9700,23.1800,23.3900,23.8700,7796089,183560571.0000,3,3.800813,1,-2.010898,108.648528,20.993677,1530.350722,3.556129,0
2016-10-18,sz.002425,23.4400,23.8000,22.9300,23.6500,23.3900,5233705,121897110.0000,3,2.551578,1,1.111587,109.856250,21.227040,1547.361889,3.595658,0
2016-10-19,sz.002425,23.7000,23.7000,23.2000,23.2800,23.6500,2636439,61654198.0000,3,1.285338,1,-1.564478,108.137569,20.894947,1523.153690,3.539405,0
2016-10-20,sz.002425,23.2800,23.5100,23.1000,23.2500,23.2800,3786371,88099225.0000,3,1.845962,1,-0.128869,107.998216,20.868020,1521.190864,3.534844,0
2016-10-21,sz.002425,23.3500,23.4500,23.0000,23.0800,23.2500,2082882,48260587.0000,3,1.015464,1,-0.731183,107.208552,20.715437,1510.068178,3.508998,0
2016-10-24,sz.002425,23.2700,23.3800,23.0500,23.3100,23.0800,2550838,59246897.0000,3,1.243605,1,0.996532,108.276921,20.921873,1525.116517,3.543966,0
2016-10-25,sz.002425,23.4000,23.5600,23.0000,23.3100,23.3100,3504458,81322448.0000,3,1.708522,1,0.000000,108.276921,20.921873,1525.116517,3.543966,0
2016-10-26,sz.002425,23.2500,23.2500,22.0600,22.1000,23.3100,9622703,216776317.0000,3,4.691338,1,-5.190901,102.656369,19.835838,1445.949165,3.360002,0
2016-10-27,sz.002425,22.1100,22.5300,22.1100,22.2100,22.1000,4406649,98354013.0000,3,2.148365,1,0.497732,82.310691,22.360801,143.176678,3.357632,0
2016-10-28,sz.002425,22.1800,22.3700,21.9500,21.9800,22.2100,4045822,89478251.0000,3,1.972452,1,-1.035568,81.458307,22.129239,141.693984,3.322861,0
2016-10-31,sz.002425,21.9600,22.3000,21.9300,22.0000,21.9800,2959536,65392980.0000,3,1.442857,1,0.090994,81.532427,22.149375,141.822914,3.325884,0
2016-11-01,sz.002425,22.0600,22.2900,22.0000,22.1900,22.0000,2825778,62698747.0000,3,1.377646,1,0.863639,82.236571,22.340665,143.047748,3.354608,0
2016-11-02,sz.002425,22.1700,22.2700,21.9100,22.0600,22.1900,5683893,125109758.0000,3,2.771058,1,-0.585854,81.754788,22.209782,142.209704,3.334955,0
2016-11-03,sz.002425,22.0800,22.1000,21.6500,21.7300,22.0600,5663080,123599721.0000,3,2.760911,1,-1.495920,80.531802,21.877542,140.082360,3.285067,0
2016-11-04,sz.002425,21.7300,22.1700,21.7100,22.1500,21.7300,4838101,106325618.0000,3,2.358710,1,1.932812,82.088330,22.300393,142.789888,3.348561,0
2016-11-07,sz.002425,22.1500,22.2000,21.4000,21.5600,22.1500,6496699,141312337.0000,3,3.167324,1,-2.663658,79.901778,21.706387,138.986456,3.259367,0
2016-11-08,sz.002425,21.5800,21.7200,20.7600,21.2500,21.5600,6853387,145536186.0000,3,3.341219,1,-1.437845,78.752912,21.394282,136.988042,3.212502,0
2016-11-09,sz.002425,21.1300,21.5000,21.0200,21.3600,21.2500,5059258,107941944.0000,3,2.466531,1,0.517650,79.160575,21.505029,137.697156,3.229131,0
2016-11-10,sz.002425,21.5200,22.1400,21.3800,22.0000,21.3600,6115162,133096779.0000,3,2.981313,1,2.996252,81.532427,22.149375,141.822914,3.325884,0
2016-11-11,sz.002425,22.0000,22.1000,21.6900,21.7300,22.0000,4381568,95774963.0000,3,2.136138,1,-1.227275,80.531802,21.877542,140.082360,3.285067,0
2016-11-14,sz.002425,21.6000,21.9500,21.5900,21.9000,21.7300,5082900,110481926.0000,3,2.478057,1,0.782329,81.161825,22.048696,141.178264,3.310767,0
2016-11-15,sz.002425,21.8900,22.5000,21.8200,22.3900,21.9000,6729424,149389814.0000,3,3.280783,1,2.237442,82.977775,22.542023,144.337047,3.384843,0
2016-11-16,sz.002425,22.5500,23.4300,22.5500,23.0800,22.3900,14863802,342877008.0000,3,7.246522,1,3.081735,85.534928,23.236708,148.785130,3.489155,0
2016-11-17,sz.002425,23.0000,23.3000,22.7400,22.9700,23.0800,5771999,132819513.0000,3,2.814012,1,-0.476606,85.127266,23.125961,148.076015,3.472526,0
2016-11-18,sz.002425,22.9700,23.0600,22.6800,22.9800,22.9700,5264602,120281326.0000,3,2.566642,1,0.043536,85.164326,23.136029,148.140480,3.474038,0
2016-11-21,sz.002425,22.8100,23.1000,22.8000,23.0600,22.9800,4976336,114339526.0000,3,2.426104,1,0.348129,85.460808,23.216572,148.656200,3.486132,0
2016-11-22,sz.002425,23.1700,23.3900,22.9000,23.0700,23.0600,4092937,94255311.0000,3,1.995422,1,0.043366,85.497868,23.226640,148.720665,3.487643,0
2016-11-23,sz.002425,23.0700,23.4900,22.8400,23.0500,23.0700,5923049,136325993.0000,3,2.887653,1,-0.086695,85.423747,23.206504,148.591735,3.484620,0
2016-11-24,sz.002425,23.0500,23.6000,23.0500,23.3000,23.0500,7192416,167950737.0000,3,3.506505,1,1.084599,86.350252,23.458201,150.203359,3.522414,0
2016-11-25,sz.002425,23.3200,23.4600,22.6400,23.2000,23.3000,3988533,92117194.0000,3,1.944522,1,-0.429178,85.979650,23.357522,149.558709,3.507296,0
2016-11-28,sz.002425,23.5600,23.8500,23.2500,23.2800,23.2000,6204507,145654367.0000,3,3.024872,1,0.344827,86.276132,23.438066,150.074429,3.519390,0
2016-11-29,sz.002425,23.0000,23.3700,22.7000,22.7600,23.2800,3887688,89280514.0000,3,1.895357,1,-2.233679,84.349002,22.914535,146.722251,3.440779,0
2016-11-30,sz.002425,22.7200,23.2100,22.7000,22.9700,22.7600,3102602,71338097.0000,3,1.512606,1,0.922667,85.127266,23.125961,148.076015,3.472526,0
2016-12-01,sz.002425,22.8900,23.1800,22.5600,22.7300,22.9700,3068689,69832373.0000,3,1.496072,1,-1.044840,84.237821,22.884331,146.528856,3.436243,0
2016-12-02,sz.002425,22.7200,22.9600,22.6000,22.7000,22.7300,2123121,48345266.0000,3,1.035081,1,-0.131979,84.126641,22.854128,146.335461,3.431708,0
2016-12-05,sz.002425,22.6000,23.5000,22.4000,23.4200,22.7000,6381206,148148160.0000,3,3.111017,1,3.171803,86.794975,23.579016,150.976938,3.540555,0
2016-12-06,sz.002425,23.3800,23.7300,23.0000,23.1500,23.4200,6567063,152870373.0000,3,3.201628,1,-1.152863,85.794349,23.307183,149.236384,3.499738,0
2016-12-07,sz.002425,23.1200,24.1500,23.1000,23.9500,23.1500,9609209,228687146.0000,3,4.684760,1,3.455729,88.759165,24.112615,154.393581,3.620679,0
2016-12-08,sz.002425,23.8800,24.1000,23.8000,23.8100,23.9500,4002700,95804359.0000,3,1.951429,1,-0.584557,88.240322,23.971664,153.491072,3.599514,0
2016-12-09,sz.002425,23.7500,24.2000,23.6500,23.6700,23.8100,4545280,108449874.0000,3,2.215952,1,-0.587986,87.721479,23.830714,152.588562,3.578349,0
2016-12-12,sz.002425,23.7300,23.9300,22.6100,22.8100,23.6700,4953461,114947066.0000,3,2.414952,1,-3.633294,84.534303,22.964874,147.044576,3.448337,0
2016-12-13,sz.002425,22.8500,22.9300,21.9000,22.1500,22.8100,6190499,138299341.0000,3,3.018042,1,-2.893467,82.088330,22.300393,142.789888,3.348561,0
2016-12-14,sz.002425,22.1500,22.6800,22.1000,22.2800,22.1500,4141476,93026122.0000,3,2.019086,1,0.586912,82.570112,22.431276,143.627933,3.368214,0
2016-12-15,sz.002425,22.0000,22.7200,21.9300,22.3700,22.2800,3656777,81717121.0000,3,1.782782,1,0.403950,82.903654,22.521887,144.208117,3.381820,0
2016-12-16,sz.002425,22.3700,23.1200,22.3700,23.0200,22.3700,3645880,82975712.0000,3,1.777469,1,2.905675,85.312567,23.176300,148.398340,3.480085,0
2016-12-19,sz.002425,23.0300,23.2200,22.6600,22.8000,23.0200,2698860,61822474.0000,3,1.315770,1,-0.955696,84.497242,22.954807,146.980111,3.446826,0
2016-12-20,sz.002425,22.8000,23.1500,22.6200,23.1500,22.8000,1597007,36657827.0000,3,0.778586,1,1.535089,85.794349,23.307183,149.236384,3.499738,0
2016-12-21,sz.002425,23.0900,23.6000,23.0900,23.3200,23.1500,2977026,69734563.0000,3,1.451384,1,0.734342,86.424373,23.478337,150.332289,3.525438,0
2016-12-22,sz.002425,23.3200,23.4900,22.5000,22.6500,23.3200,3520121,80087555.0000,3,1.716158,1,-2.873071,83.941340,22.803788,146.013136,3.424149,0
2016-12-23,sz.002425,22.7800,22.8400,22.4100,22.8100,22.6500,2143100,48472462.0000,3,1.044822,1,0.706401,84.534303,22.964874,147.044576,3.448337,0
2016-12-26,sz.002425,22.7900,23.0000,22.3200,22.7400,22.8100,2192536,49792635.0000,3,1.068923,1,-0.306882,84.274881,22.894399,146.593321,3.437755,0
2016-12-27,sz.002425,22.7000,23.3700,22.6800,23.2500,22.7400,2750649,63685121.0000,3,1.341019,1,2.242745,86.164951,23.407862,149.881034,3.514855,0
2016-12-28,sz.002425,23.2000,23.3900,22.8100,22.9800,23.2500,2280880,52719999.0000,3,1.111993,1,-1.161292,85.164326,23.136029,148.140480,3.474038,0
2016-12-29,sz.002425,22.7800,22.9900,22.6100,22.6900,22.9800,1513410,34509023.0000,3,0.737830,1,-1.261963,84.089580,22.844060,146.270996,3.430196,0
2016-12-30,sz.002425,22.5500,22.7900,22.3500,22.7500,22.6900,3485733,78585644.0000,3,1.699393,1,0.264431,84.311942,22.904467,146.657786,3.439267,0
2017-01-03,sz.002425,22.7300,22.9600,22.7300,22.8000,22.7500,1123204,25682210.0000,3,0.547594,1,0.219777,84.497242,22.954807,146.980111,3.446826,0
2017-01-04,sz.002425,22.8000,22.8100,22.5100,22.8000,22.8000,2827672,64308434.0000,3,1.378570,1,0.000000,84.497242,22.954807,146.980111,3.446826,0
2017-01-05,sz.002425,22.7300,23.0500,22.7200,23.0000,22.8000,3743835,85757156.0000,3,1.825225,1,0.877196,85.238446,23.156165,148.269410,3.477061,0
2017-01-06,sz.002425,23.0300,23.9300,23.0300,23.6900,23.0000,11893976,281235184.0000,3,5.798648,1,3.000002,87.795600,23.850849,152.717492,3.581373,0
2017-01-09,sz.002425,23.7300,24.9000,23.7100,24.2000,23.6900,10707158,259398924.0000,3,5.220041,1,2.152808,89.685670,24.364312,156.005205,3.658473,0
2017-01-10,sz.002425,24.3200,24.4600,23.4600,23.6600,24.2000,8595586,204889519.0000,3,4.190590,1,-2.231409,87.684419,23.820646,152.524097,3.576838,0
2017-01-11,sz.002425,23.6900,24.4800,23.6900,24.3700,23.6600,8292708,200408543.0000,3,4.042928,1,3.000849,90.315693,24.535467,157.101110,3.684173,0
2017-01-12,sz.002425,24.4000,26.0000,23.2800,23.4800,24.3700,19361400,473236096.0000,3,9.439227,1,-3.652037,87.017336,23.639424,151.363728,3.549626,0
2017-01-13,sz.002425,23.0900,23.7000,21.8500,23.0400,23.4800,10397873,235997886.0000,3,5.069256,1,-1.873929,85.386687,23.196436,148.527270,3.483108,0
2017-01-16,sz.002425,22.8300,22.8300,20.7400,20.7400,23.0400,11834013,254074150.0000,3,5.769414,1,-9.982643,76.862842,20.880820,133.700329,3.135402,0
2017-01-17,sz.002425,20.2500,20.7000,19.1500,20.0000,20.7400,9195332,184075156.0000,3,4.482983,1,-3.567984,74.120388,20.135795,128.929922,3.023531,0
2017-01-18,sz.002425,20.0500,20.6000,19.9000,20.2400,20.0000,5931254,120333944.0000,3,2.891653,1,1.199999,75.009833,20.377425,130.477081,3.059814,0
2017-01-19,sz.002425,20.2200,20.3400,19.7200,19.9500,20.2400,3355783,67181467.0000,3,1.636039,1,-1.432801,73.935087,20.085456,128.607597,3.015973,0
2017-01-20,sz.002425,19.8100,20.4700,19.8100,20.3900,19.9500,4480157,90643441.0000,3,2.184203,1,2.205507,75.565736,20.528443,131.444055,3.082490,0
2017-01-23,sz.002425,20.3800,21.2700,20.2100,20.4500,20.3900,5264864,108519448.0000,3,2.566769,1,0.294269,75.788097,20.588851,131.830845,3.091561,0
2017-01-24,sz.002425,20.3700,20.4900,20.0000,20.2900,20.4500,3244214,65474343.0000,3,1.581646,1,-0.782395,75.195134,20.427764,130.799405,3.067373,0
2017-01-25,sz.002425,20.2700,20.6700,20.0600,20.5600,20.2900,4924192,100453809.0000,3,2.400682,1,1.330698,76.195759,20.699598,132.539959,3.108190,0
2017-01-26,sz.002425,20.6800,20.8100,20.3700,20.8000,20.5600,3944835,81209618.0000,3,1.923218,1,1.167314,77.085204,20.941227,134.087119,3.144473,0
2017-02-03,sz.002425,20.8000,20.9400,20.3000,20.4100,20.8000,2798776,57748777.0000,3,1.364482,1,-1.874997,75.639856,20.548579,131.572985,3.085514,0
2017-02-06,sz.002425,20.3900,20.8500,20.3100,20.7300,20.4100,4264055,87707314.0000,3,2.078847,1,1.567857,76.825782,20.870752,133.635864,3.133890,0
2017-02-07,sz.002425,20.6300,20.6500,20.2100,20.5000,20.7300,5060559,103420770.0000,3,2.467165,1,-1.109501,75.973398,20.639190,132.153170,3.099120,0
2017-02-08,sz.002425,20.3400,20.5400,20.2100,20.5200,20.5000,3978900,80997088.0000,3,1.939826,1,0.097563,76.047518,20.659326,132.282100,3.102143,0
2017-02-09,sz.002425,20.5500,21.0700,20.5500,20.9400,20.5200,8136253,169311613.0000,3,3.966652,1,2.046784,77.604046,21.082178,134.989628,3.165637,0
2017-02-10,sz.002425,20.8000,20.9300,20.5700,20.7300,20.9400,4799994,99293079.0000,3,2.340132,1,-1.002870,76.825782,20.870752,133.635864,3.133890,0
2017-02-13,sz.002425,20.6800,20.9000,20.5900,20.7900,20.7300,4009166,83272818.0000,3,1.954581,1,0.289442,77.048143,20.931159,134.022654,3.142961,0
2017-02-14,sz.002425,20.8500,20.8900,20.5300,20.6000,20.7900,3488982,71988701.0000,3,1.700977,1,-0.913903,76.344000,20.739869,132.797819,3.114237,0
2017-02-15,sz.002425,20.6300,20.7000,20.1000,20.3000,20.6000,6718711,136625385.0000,3,3.275561,1,-1.456316,75.232194,20.437832,130.863870,3.068884,0
2017-02-16,sz.002425,20.2700,20.2700,20.0900,20.1800,20.3000,3747132,75453615.0000,3,1.826832,1,-0.591128,74.787472,20.317017,130.090291,3.050743,0
2017-02-17,sz.002425,20.1900,20.2700,20.0000,20.0600,20.1800,3398580,68342783.0000,3,1.656903,1,-0.594652,74.342749,20.196203,129.316711,3.032602,0
2017-02-20,sz.002425,20.0400,20.1800,19.9500,20.0500,20.0600,3727448,74577531.0000,3,1.817236,1,-0.049852,74.305689,20.186135,129.252246,3.031090,0
2017-02-21,sz.002425,20.0000,20.5000,20.0000,20.3400,20.0500,4468953,90648987.0000,3,2.178740,1,1.446389,75.380435,20.478104,131.121730,3.074931,0
2017-02-22,sz.002425,20.2500,20.4300,20.2500,20.3200,20.3400,2373946,48274182.0000,3,1.157365,1,-0.098331,75.306314,20.457968,130.992800,3.071908,0
2017-02-23,sz.002425,20.3600,20.5100,20.1300,20.3900,20.3200,4434575,90162151.0000,3,2.161980,1,0.344487,75.565736,20.528443,131.444055,3.082490,0
2017-02-24,sz.002425,20.4800,21.7500,20.3300,21.1700,20.3900,14504087,308080320.0000,3,7.071150,1,3.825408,78.456431,21.313739,136.472322,3.200408,0
2017-02-27,sz.002425,21.0000,21.3600,20.6800,20.9200,21.1700,7820711,164579005.0000,3,3.812817,1,-1.180916,77.529926,21.062042,134.860698,3.162614,0
2017-02-28,sz.002425,20.9000,21.0500,20.7900,20.9300,20.9200,2559239,53446444.0000,3,1.247701,1,0.047802,65.723082,20.315255,134.925163,3.164126,0
2017-03-01,sz.002425,20.9500,21.4500,20.8700,21.1200,20.9300,5281069,111981219.0000,3,2.574670,1,0.907790,66.319708,20.499675,136.149997,3.192849,0
2017-03-02,sz.002425,21.2400,21.2600,20.8400,20.8400,21.1200,2720544,57012620.0000,3,1.326342,1,-1.325761,65.440469,20.227899,134.344978,3.150520,0
2017-03-03,sz.002425,20.7700,20.9700,20.5500,20.8300,20.8400,2949449,61145813.0000,3,1.437939,1,-0.047986,65.409068,20.218192,134.280513,3.149008,0
2017-03-06,sz.002425,20.8000,21.1900,20.7900,20.9000,20.8300,3839241,80562590.0000,3,1.871738,1,0.336052,65.628878,20.286136,134.731768,3.159590,0
2017-03-07,sz.002425,20.8900,21.1200,20.8500,21.0900,20.9000,3885561,81708420.0000,3,1.894320,1,0.909093,66.225504,20.470556,135.956602,3.188314,0
2017-03-08,sz.002425,21.0800,21.2500,20.5500,20.6300,21.0900,6494370,134945101.0000,3,3.166188,1,-2.181133,64.781040,20.024067,132.991214,3.118773,0
2017-03-09,sz.002425,20.5100,20.6400,20.0000,20.1100,20.6300,7909479,159796254.0000,3,3.856093,1,-2.520594,63.148169,19.519340,129.639036,3.040161,0
2017-03-10,sz.002425,20.1700,20.3500,19.9800,20.2300,20.1100,4846068,97801908.0000,3,2.362594,1,0.596713,63.524985,19.635815,130.412616,3.058302,0
2017-03-13,sz.002425,20.1200,20.2600,19.9800,20.2500,20.2300,4625427,93090326.0000,3,2.255026,1,0.098865,63.587788,19.655228,130.541546,3.061325,0
2017-03-14,sz.002425,20.2300,20.2900,20.1400,20.1500,20.2500,3119193,62983252.0000,3,1.520694,1,-0.493829,63.273774,19.558165,129.896896,3.046208,0
2017-03-15,sz.002425,20.1700,20.1800,20.0000,20.0500,20.1500,4058148,81301893.0000,3,1.978461,1,-0.496280,62.959761,19.461102,129.252246,3.031090,0
2017-03-16,sz.002425,20.0900,20.3600,20.0700,20.2500,20.0500,3954187,79936058.0000,3,1.927777,1,0.997510,63.587788,19.655228,130.541546,3.061325,0
2017-03-17,sz.002425,20.3400,20.6600,20.2200,20.3900,20.2500,6312040,128820641.0000,3,3.077297,1,0.691355,64.027407,19.791116,131.444055,3.082490,0
2017-03-20,sz.002425,20.4000,20.7200,20.3800,20.6200,20.3900,4728331,97294405.0000,3,2.305194,1,1.128011,64.749639,20.014361,132.926749,3.117261,0
2017-03-21,sz.002425,20.6800,20.7200,20.5100,20.6900,20.6200,4085536,84283069.0000,3,1.991814,1,0.339475,64.969449,20.082305,133.378004,3.127843,0
2017-03-22,sz.002425,20.7200,20.9500,20.5100,20.7400,20.6900,4779581,98958388.0000,3,2.330180,1,0.241659,65.126456,20.130836,133.700329,3.135402,0
2017-03-23,sz.002425,20.7500,20.8700,20.2500,20.4300,20.7400,4519086,92914472.0000,3,2.203182,1,-1.494694,64.153013,19.829941,131.701915,3.088537,0
2017-03-24,sz.002425,20.4300,20.5000,20.1100,20.2900,20.4300,3998455,80934722.0000,3,1.949359,1,-0.685264,63.713394,19.694053,130.799405,3.067373,0
2017-03-27,sz.002425,20.1600,20.3100,20.0000,20.0600,20.2900,4797206,96413724.0000,3,2.338773,1,-1.133570,62.991162,19.470809,129.316711,3.032602,0
2017-03-28,sz.002425,20.1000,20.2300,19.9500,19.9700,20.0600,4378329,87631374.0000,3,2.134559,1,-0.448655,62.708550,19.383452,128.736527,3.018996,0
2017-03-29,sz.002425,20.0600,20.0600,19.0000,19.4200,19.9700,5644260,110580665.0000,3,2.751736,1,-2.754128,60.981474,18.849606,125.190954,2.935849,0
2017-03-30,sz.002425,19.4800,19.4800,18.1500,18.1900,19.4200,9052766,168918221.0000,3,4.413478,1,-6.333674,57.119104,17.655733,117.261764,2.749902,0
2017-03-31,sz.002425,18.3000,18.7000,18.3000,18.4800,18.1900,7742059,143625486.0000,3,3.774472,1,1.594277,58.029744,17.937215,119.131248,2.793743,0
2017-04-05,sz.002425,18.6000,18.7900,18.1100,18.5600,18.4800,7296262,135585280.0000,3,3.557133,1,0.432900,58.280955,18.014866,119.646967,2.805837,0
2017-04-06,sz.002425,18.6300,18.6800,18.4500,18.5000,18.5600,4257575,78843206.0000,3,2.075688,1,-0.323273,58.092547,17.956628,119.260178,2.796766,0
2017-04-07,sz.002425,18.5000,18.5000,18.1300,18.2300,18.5000,6362722,116064445.0000,3,3.102006,1,-1.459462,57.244710,17.694558,117.519624,2.755949,0
2017-04-10,sz.002425,18.0000,18.0000,17.3100,17.6300,18.2300,7267172,127476250.0000,3,3.542951,1,-3.291280,55.360627,17.112181,113.651726,2.665243,0
2017-04-11,sz.002425,17.5100,17.7300,17.1200,17.2800,17.6300,7711271,133592681.0000,3,3.759462,1,-1.985244,54.261579,16.772461,111.395452,2.612331,0
2017-04-12,sz.002425,17.3500,18.1200,17.2200,17.7800,17.2800,7202146,127635022.0000,3,3.511249,1,2.893518,55.831648,17.257775,114.618700,2.687919,0
2017-04-13,sz.002425,17.6900,18.1000,17.6500,17.8900,17.7800,3974170,71121301.0000,3,1.937520,1,0.618665,56.177063,17.364545,115.327815,2.704549,0
2017-04-14,sz.002425,17.5000,17.9300,17.3800,17.8900,17.8900,5554694,97898949.0000,3,2.708070,1,0.000000,56.177063,17.364545,115.327815,2.704549,0
2017-04-17,sz.002425,17.9400,17.9400,17.1600,17.2400,17.8900,3724731,65063737.0000,3,1.815911,1,-3.633312,54.135974,16.733636,111.137592,2.606284,0
2017-04-18,sz.002425,17.2400,17.3700,16.7300,16.7800,17.2400,3564846,60809074.0000,3,1.737963,1,-2.668208,52.691510,16.287147,108.172204,2.536743,0
2017-04-19,sz.002425,16.7200,16.7200,15.6000,16.2500,16.7800,5675669,91292172.0000,3,2.767048,1,-3.158526,51.027237,15.772714,104.755561,2.456619,0
2017-04-20,sz.002425,16.3000,16.5200,16.0600,16.1100,16.2500,2758119,44908889.0000,3,1.344661,1,-0.861535,50.587618,15.636826,103.853052,2.435454,0
2017-04-21,sz.002425,16.0800,16.3000,16.0800,16.1900,16.1100,1427522,23120333.0000,3,0.695957,1,0.496586,50.838829,15.714476,104.368772,2.447549,0
2017-04-24,sz.002425,16.1000,16.1000,14.8800,14.9900,16.1900,4971988,76376951.0000,3,2.423984,1,-7.411987,47.070664,14.549722,96.632976,2.266137,0
2017-04-25,sz.002425,15.0900,15.3900,15.0100,15.2100,14.9900,2258380,34390035.0000,3,1.101024,1,1.467647,47.761494,14.763260,98.051205,2.299396,0
2017-04-26,sz.002425,15.1800,15.5200,15.1800,15.3900,15.2100,2106526,32394646.0000,3,1.026991,1,1.183434,48.326719,14.937973,99.211575,2.326607,0
2017-04-27,sz.002425,15.1000,15.7500,15.0000,15.6200,15.3900,2977910,45819430.0000,3,1.451815,1,1.494474,52.245139,15.279308,52.079836,2.319736,0
2017-04-28,sz.002425,15.7000,16.2600,15.5500,16.0800,15.6200,4196808,66776197.0000,3,2.046062,1,2.944942,53.783728,15.729275,53.613557,2.388051,0
2017-05-02,sz.002425,16.0800,16.1500,15.8200,15.9800,16.0800,3345306,53587571.0000,3,1.630931,1,-0.621893,45.490942,14.895182,85.479059,2.347139,0
2017-05-03,sz.002425,15.9800,16.5800,15.9300,16.1900,15.9800,5235593,85721255.0000,3,2.552499,1,1.314149,46.088758,15.090926,86.602376,2.377984,0
2017-05-04,sz.002425,16.1900,16.1900,15.8900,15.9100,16.1900,3748813,59848662.0000,3,1.827652,1,-1.729467,45.291670,14.829934,85.104620,2.336858,0
2017-05-05,sz.002425,15.8100,15.8500,15.5100,15.5100,15.9100,3407593,53222162.0000,3,1.661297,1,-2.514140,44.152973,14.457089,82.964969,2.278106,0
2017-05-08,sz.002425,15.5100,15.8000,15.2100,15.3100,15.5100,2548993,39497054.0000,3,1.242706,1,-1.289489,43.583625,14.270666,81.895143,2.248730,0
2017-05-09,sz.002425,15.4500,15.5300,15.1400,15.4500,15.3100,1941557,29881718.0000,3,0.492936,1,0.914431,43.982168,14.401162,82.644021,2.269293,0
2017-05-10,sz.002425,15.5400,15.8500,15.3500,15.4500,15.4500,3572725,56068572.0000,3,0.907068,1,0.000000,43.982168,14.401162,82.644021,2.269293,0
2017-05-11,sz.002425,15.2200,15.4100,14.6000,15.3900,15.4500,3391143,51447097.0000,3,0.860966,1,-0.388346,43.811364,14.345235,82.323073,2.260480,0
2017-05-12,sz.002425,15.3200,15.4300,14.6400,14.8000,15.3900,4360702,65283231.0000,3,1.107125,1,-3.833659,42.131786,13.795288,79.167088,2.173821,0
2017-05-15,sz.002425,14.8300,15.0900,14.5500,14.6500,14.8000,3064392,45191437.0000,3,0.778009,1,-1.013517,41.704775,13.655471,78.364719,2.151789,0
2017-05-16,sz.002425,14.4800,14.5900,13.9700,14.5500,14.6500,5410154,77180107.0000,3,1.373567,1,-0.682590,41.420100,13.562259,77.829806,2.137101,0
2017-05-17,sz.002425,14.5500,15.1000,14.3800,14.8300,14.5500,5816885,86185445.0000,3,1.476830,1,1.924397,42.217188,13.823251,79.327562,2.178228,0
2017-05-18,sz.002425,14.6100,15.0500,14.4600,14.8700,14.8300,5889552,87830525.0000,3,1.326489,1,0.269723,42.331058,13.860536,79.541527,2.184103,0
2017-05-19,sz.002425,14.7600,15.0000,14.5300,14.5400,14.8700,4254139,62545801.0000,3,0.958149,1,-2.219233,41.391633,13.552938,77.776315,2.135632,0
2017-05-22,sz.002425,14.6000,14.8500,14.2100,14.2300,14.5400,3681746,53222986.0000,3,0.829231,1,-2.132052,40.509143,13.263983,76.118085,2.090100,0
2017-05-23,sz.002425,14.2300,14.2600,13.3600,13.6600,14.2300,5305367,73127322.0000,3,1.194915,1,-4.005620,38.886500,12.732678,73.069083,2.006378,0
2017-05-24,sz.002425,13.6300,13.6300,13.0400,13.1500,13.6600,7467329,98551250.0000,3,1.681848,1,-3.733530,37.434661,12.257300,70.341028,1.931470,0
2017-05-25,sz.002425,13.2800,13.5000,13.1000,13.4200,13.1500,5285182,70397787.0000,3,1.190369,1,2.053236,38.203282,12.508971,71.785292,1.971127,0
2017-05-26,sz.002425,13.5900,14.3300,13.3600,14.1800,13.4200,7363677,102040709.0000,3,1.658503,1,5.663191,40.366806,13.217377,75.850629,2.082756,0
2017-05-31,sz.002425,14.2100,14.6300,13.9200,13.9300,14.1800,5742242,81921699.0000,3,1.293311,1,-1.763047,39.655120,12.984349,74.513347,2.046036,0
2017-06-01,sz.002425,13.8800,14.0900,13.7100,13.8200,13.9300,4141309,57720339.0000,3,0.932737,1,-0.789667,39.341978,12.881816,73.924943,2.029879,0
2017-06-02,sz.002425,8.6000,8.8300,8.2800,8.7900,8.6100,6466870,55393952.0000,3,0.910323,1,2.090596,40.036584,13.109252,75.230130,2.065718,0
2017-06-05,sz.002425,8.8400,9.0200,8.7100,8.9300,8.7900,7950455,70735601.0000,3,1.119163,1,1.592723,40.674254,13.318046,76.428335,2.098619,0
2017-06-06,sz.002425,8.9400,9.1300,8.8800,8.9300,8.9300,6024095,54145143.0000,3,0.847995,1,0.000000,40.674254,13.318046,76.428335,2.098619,0
2017-06-07,sz.002425,8.9100,9.2400,8.8200,9.1800,8.9300,9468819,85833418.0000,3,1.332899,1,2.799552,41.812951,13.690891,78.567986,2.157371,0
2017-06-08,sz.002425,9.1600,9.2600,9.0500,9.0800,9.1800,6580967,60170617.0000,3,0.926384,1,-1.089329,41.357472,13.541753,77.712125,2.133870,0
2017-06-09,sz.002425,9.0600,9.1400,9.0000,9.0600,9.0800,3879264,35106593.0000,3,0.546073,1,-0.220259,41.266376,13.511925,77.540953,2.129170,0
2017-06-12,sz.002425,9.0600,9.2200,8.6800,8.7000,9.0600,6661277,59629164.0000,3,0.937689,1,-3.973516,39.626653,12.975028,74.459856,2.044567,0
2017-06-13,sz.002425,8.6500,8.9500,8.6200,8.8800,8.7000,5512618,48804301.0000,3,0.723989,1,2.068969,40.446515,13.243476,76.000405,2.086868,0
2017-06-14,sz.002425,8.9000,9.2200,8.8600,9.1100,8.8800,8808338,80327608.0000,3,1.156826,1,2.590085,41.494116,13.586494,77.968884,2.140920,0
2017-06-15,sz.002425,9.1100,9.4500,9.1100,9.3000,9.1100,9944630,92459637.0000,3,1.306059,1,2.085626,42.359525,13.869857,79.595018,2.185572,0
2017-06-16,sz.002425,9.3200,9.4700,9.2000,9.2800,9.3000,6179959,57914917.0000,3,0.811633,1,-0.215059,42.268430,13.840029,79.423846,2.180871,0
2017-06-19,sz.002425,9.2800,9.6500,9.2600,9.6100,9.2800,8865678,84395483.0000,3,1.164357,1,3.556034,43.771509,14.332186,82.248186,2.258424,0
2017-06-20,sz.002425,9.6300,9.6700,9.3000,9.3800,9.6100,8253694,78120166.0000,3,1.083983,1,-2.393336,42.723908,13.989168,80.279707,2.204372,0
2017-06-21,sz.002425,9.4600,9.4900,9.3100,9.4000,9.3800,4900487,46013968.0000,3,0.643596,1,0.213214,42.815004,14.018995,80.450879,2.209072,0
2017-06-22,sz.002425,9.4000,9.4000,9.0700,9.0700,9.4000,9686051,89112664.0000,3,1.272099,1,-3.510638,41.311924,13.526839,77.626539,2.131520,0
2017-06-23,sz.002425,9.0400,9.1500,9.0000,9.1300,9.0700,4633444,42083740.0000,3,0.608525,1,0.661526,41.585211,13.616322,78.140056,2.145620,0
2017-06-26,sz.002425,9.1600,9.3800,9.1200,9.3000,9.1300,4605000,42717552.0000,3,0.604789,1,1.861994,42.359525,13.869857,79.595018,2.185572,0
2017-06-27,sz.002425,9.3000,9.3000,9.1400,9.2100,9.3000,5819159,53645963.0000,3,0.764248,1,-0.967743,41.949594,13.735633,78.824744,2.164421,0
2017-06-28,sz.002425,9.1700,9.2000,9.1000,9.1500,9.2100,2420626,22152384.0000,3,0.317908,1,-0.651470,41.676307,13.646150,78.311228,2.150320,0
2017-06-29,sz.002425,9.1500,9.2200,9.1100,9.1200,9.1500,3385990,31072754.0000,3,0.444693,1,-0.327866,41.539664,13.601408,78.054470,2.143270,0
2017-06-30,sz.002425,9.1000,9.2500,9.0800,9.1400,9.1200,2205940,20227101.0000,3,0.293499,1,0.219303,41.630759,13.631236,78.225642,2.147970,0
2017-07-03,sz.002425,9.1900,9.2700,9.0900,9.1200,9.1400,5101187,46790085.0000,3,0.678711,1,-0.218823,41.539664,13.601408,78.054470,2.143270,0
2017-07-04,sz.002425,9.1700,9.3500,9.1600,9.2300,9.1200,6214260,57538469.0000,3,0.826805,1,1.206137,42.040690,13.765460,78.995916,2.169121,0
2017-07-05,sz.002425,9.2500,9.2800,9.1500,9.2300,9.2300,4251516,39107817.0000,3,0.565662,1,0.000000,42.040690,13.765460,78.995916,2.169121,0
2017-07-06,sz.002425,9.2300,9.2300,9.0800,9.1200,9.2300,4301439,39365467.0000,3,0.572305,1,-1.191762,41.539664,13.601408,78.054470,2.143270,0
2017-07-07,sz.002425,9.1200,9.1500,9.0700,9.1200,9.1200,2897131,26407915.0000,3,0.385462,1,0.000000,41.539664,13.601408,78.054470,2.143270,0
2017-07-10,sz.002425,9.1500,9.1500,9.0000,9.0500,9.1200,5406159,49035733.0000,3,0.719287,1,-0.767540,41.220828,13.497011,77.455367,2.126820,0
2017-07-11,sz.002425,9.0200,9.0700,8.7100,8.7200,9.0500,7730678,68618468.0000,3,1.028563,1,-3.646408,39.717748,13.004855,74.631028,2.049267,0
2017-07-12,sz.002425,8.6500,8.7900,8.4000,8.6300,8.7200,7164726,61531750.0000,3,0.953264,1,-1.032112,39.307818,12.870631,73.860754,2.028116,0
2017-07-13,sz.002425,8.6000,8.8200,8.5900,8.7400,8.6300,4714905,41182465.0000,3,0.627316,1,1.274619,39.808844,13.034683,74.802200,2.053967,0
2017-07-14,sz.002425,8.7500,8.7900,8.5600,8.6100,8.7400,3629486,31360426.0000,3,0.482902,1,-1.487416,39.216722,12.840803,73.689582,2.023416,0
2017-07-17,sz.002425,8.6100,8.6100,8.0100,8.1200,8.6100,7867504,64942725.0000,3,1.046768,1,-5.691054,36.984876,12.110026,69.495866,1.908263,0
2017-07-18,sz.002425,8.0900,8.2600,8.0900,8.1900,8.1200,6173571,50496067.0000,3,0.821391,1,0.862065,37.303711,12.214422,70.094968,1.924713,0
2017-07-19,sz.002425,8.1900,8.4500,8.0800,8.3300,8.1900,8191176,67219562.0000,3,1.089832,1,1.709406,37.941381,12.423216,71.293172,1.957614,0
2017-07-20,sz.002425,8.2000,8.5100,8.2000,8.4300,8.3300,5877332,49302441.0000,3,0.781976,1,1.200485,38.396860,12.572354,72.149033,1.981115,0
2017-07-21,sz.002425,8.4500,8.5900,8.4500,8.4600,8.4300,4362101,37135795.0000,3,0.580376,1,0.355869,38.533504,12.617096,72.405791,1.988165,0
2017-07-24,sz.002425,8.4200,8.6700,8.3500,8.6100,8.4600,8490239,72493952.0000,3,1.129623,1,1.773045,39.216722,12.840803,73.689582,2.023416,0
2017-07-25,sz.002425,8.5700,8.7400,8.5500,8.6500,8.6100,6012899,51924037.0000,3,0.800014,1,0.464576,39.398913,12.900458,74.031926,2.032817,0
2017-07-26,sz.002425,8.6800,8.7000,8.5300,8.6900,8.6500,8005109,69162612.0000,3,1.065076,1,0.462427,39.581105,12.960114,74.374270,2.042217,0
2017-07-27,sz.002425,8.7300,9.1700,8.6800,9.1400,8.6900,14935846,134046723.0000,3,1.987208,1,5.178375,41.630759,13.631236,78.225642,2.147970,0
2017-07-28,sz.002425,9.1000,9.2900,9.0400,9.1500,9.1400,10066641,92290519.0000,3,1.339362,1,0.109401,41.676307,13.646150,78.311228,2.150320,0
2017-07-31,sz.002425,9.1600,9.2100,9.0200,9.0600,9.1500,6751968,61425013.0000,3,0.898346,1,-0.983598,41.266376,13.511925,77.540953,2.129170,0
2017-08-01,sz.002425,9.0600,9.1000,8.8300,8.9200,9.0600,8033182,71838671.0000,3,1.068811,1,-1.545258,40.628706,13.303132,76.342749,2.096269,0
2017-08-02,sz.002425,8.9000,8.9600,8.8100,8.8500,8.9200,5814791,51589360.0000,3,0.773655,1,-0.784750,40.309871,13.198735,75.743647,2.079818,0
2017-08-03,sz.002425,8.8000,8.9400,8.7700,8.8200,8.8500,4744822,42026885.0000,3,0.631297,1,-0.338991,40.173227,13.153993,75.486888,2.072768,0
2017-08-04,sz.002425,8.8500,8.9000,8.6800,8.6900,8.8200,6130682,53642357.0000,3,0.815685,1,-1.473924,39.581105,12.960114,74.374270,2.042217,0
2017-08-07,sz.002425,8.7000,8.7700,8.6900,8.7200,8.6900,3265385,28533012.0000,3,0.434458,1,0.345232,39.717748,13.004855,74.631028,2.049267,0
2017-08-08,sz.002425,8.6700,8.9800,8.6600,8.9800,8.7200,7562302,66840117.0000,3,1.006161,1,2.981643,40.901993,13.392615,76.856265,2.110369,0
2017-08-09,sz.002425,8.9600,9.0500,8.9600,8.9800,8.9800,5954153,53630587.0000,3,0.792197,1,0.000000,40.901993,13.392615,76.856265,2.110369,0
2017-08-10,sz.002425,8.9600,9.2400,8.9500,9.0800,8.9800,9119153,82967345.0000,3,1.213299,1,1.113590,41.357472,13.541753,77.712125,2.133870,0
2017-08-11,sz.002425,9.0300,9.0700,8.8600,8.8800,9.0800,6031634,53842131.0000,3,0.802506,1,-2.202641,40.446515,13.243476,76.000405,2.086868,0
2017-08-14,sz.002425,8.8900,9.0500,8.8600,9.0200,8.8800,4171889,37480391.0000,3,0.555068,1,1.576581,41.084185,13.452270,77.198609,2.119769,0
2017-08-15,sz.002425,8.9500,9.1100,8.9500,9.1000,9.0200,5069489,45874707.0000,3,0.674493,1,0.886917,41.448568,13.571581,77.883298,2.138570,0
2017-08-16,sz.002425,9.0500,9.1700,9.0400,9.1400,9.1000,6643812,60552833.0000,3,0.883956,1,0.439560,41.630759,13.631236,78.225642,2.147970,0
2017-08-17,sz.002425,9.1200,9.2000,9.0800,9.1600,9.1400,6532355,59649272.0000,3,0.869127,1,0.218813,41.721855,13.661063,78.396814,2.152671,0
2017-08-18,sz.002425,9.1600,9.6000,9.0900,9.3800,9.1600,17025297,159202214.0000,3,2.265208,1,2.401750,42.723908,13.989168,80.279707,2.204372,0
2017-08-21,sz.002425,9.3300,9.3600,9.1700,9.2500,9.3800,7476120,69141210.0000,3,0.994695,1,-1.385929,42.131786,13.795288,79.167088,2.173821,0
2017-08-22,sz.002425,9.2300,9.2300,9.0800,9.0900,9.2500,7245080,66347259.0000,3,0.963955,1,-1.729728,41.403020,13.556667,77.797712,2.136220,0
2017-08-23,sz.002425,9.1300,9.2100,9.0700,9.1600,9.0900,4297533,39230450.0000,3,0.571785,1,0.770074,41.721855,13.661063,78.396814,2.152671,0
2017-08-24,sz.002425,9.1700,9.1800,8.9100,8.9500,9.1600,5861212,52718769.0000,3,0.779832,1,-2.292577,40.765350,13.347873,76.599507,2.103319,0
2017-08-25,sz.002425,8.9400,9.2500,8.9400,9.1200,8.9500,4119969,37477296.0000,3,0.548160,1,1.899442,41.539664,13.601408,78.054470,2.143270,0
2017-08-28,sz.002425,9.1000,9.2500,9.1000,9.1900,9.1200,4556980,41873903.0000,3,0.606304,1,0.767540,41.858499,13.705805,78.653572,2.159721,0
2017-08-29,sz.002425,9.1700,9.2700,9.1600,9.2000,9.1900,5945986,54695627.0000,3,0.791111,1,0.108816,36.328421,12.825913,-67.392798,2.140975,0
2017-08-30,sz.002425,9.1800,9.3800,9.1600,9.3800,9.2000,8564804,79425583.0000,3,1.139543,1,1.956525,37.039194,13.076855,-68.711353,2.182864,0
2017-08-31,sz.002425,9.6800,9.6800,9.2000,9.2100,9.3800,9107775,85366871.0000,3,1.211786,1,-1.812368,36.367908,12.839854,-67.466051,2.143303,0
2017-09-01,sz.002425,9.2200,9.2500,9.0900,9.1500,9.2100,6768220,61955335.0000,3,0.900509,1,-0.651470,36.130984,12.756207,-67.026533,2.129340,0
2017-09-04,sz.002425,9.1500,9.2200,9.1000,9.1900,9.1500,5758695,52708180.0000,3,0.766192,1,0.437158,36.288933,12.811972,-67.319545,2.138648,0
2017-09-05,sz.002425,9.1900,9.4400,9.1300,9.3100,9.1900,7972349,73975218.0000,3,1.060718,1,1.305776,36.762782,12.979266,-68.198582,2.166574,0
2017-09-06,sz.002425,9.2800,9.4500,9.1500,9.4100,9.3100,7205867,67247510.0000,3,0.958737,1,1.074108,37.157656,13.118678,-68.931112,2.189846,0
2017-09-07,sz.002425,9.3400,9.4800,9.3400,9.3700,9.4100,7137508,67264339.0000,3,0.949642,1,-0.425079,36.999707,13.062914,-68.638100,2.180537,0
2017-09-08,sz.002425,9.3500,9.5000,9.3100,9.4600,9.3700,8248167,77833263.0000,3,1.097415,1,0.960514,37.355093,13.188384,-69.297377,2.201481,0
2017-09-11,sz.002425,9.4500,9.9200,9.4300,9.9000,9.4600,19971316,194738241.0000,3,2.657175,1,4.651158,39.092540,13.801798,-72.520511,2.303876,0
2017-09-12,sz.002425,9.8200,9.8900,9.6300,9.7000,9.9000,12962875,126542580.4700,3,1.724705,1,-2.020200,38.302791,13.522974,-71.055450,2.257333,0
2017-09-13,sz.002425,9.6800,9.8900,9.6600,9.7700,9.7000,7608339,74242570.1000,3,1.012286,1,0.721656,38.579203,13.620562,-71.568222,2.273623,0
2017-09-14,sz.002425,9.7600,10.1200,9.7300,9.8300,9.7700,13476471,133117523.3500,3,1.793039,1,0.614119,38.816128,13.704209,-72.007740,2.287586,0
2017-09-15,sz.002425,9.9000,9.9900,9.8500,9.9500,9.8300,8621781,85589207.3900,3,1.147124,1,1.220752,39.289977,13.871504,-72.886776,2.315512,0
2017-09-18,sz.002425,9.9500,9.9900,9.8100,9.9200,9.9500,10490669,103834125.1700,3,1.395779,1,-0.301505,39.171514,13.829680,-72.667017,2.308530,0
2017-09-19,sz.002425,9.8500,10.0600,9.8200,9.9600,9.9200,11601579,115289164.0500,3,1.543585,1,0.403225,39.329464,13.885445,-72.960029,2.317839,0
2017-09-20,sz.002425,9.9300,10.0100,9.8500,9.9800,9.9600,11783548,117246140.9400,3,1.567796,1,0.200798,39.408439,13.913327,-73.106535,2.322493,0
2017-09-21,sz.002425,9.9700,10.0800,9.8800,9.8800,9.9800,10001735,99674845.7900,3,1.330727,1,-1.001998,39.013565,13.773915,-72.374005,2.299221,0
2017-09-22,sz.002425,9.8400,9.8400,9.5900,9.8000,9.8800,10455596,101437709.0200,3,1.391113,1,-0.809716,38.697666,13.662386,-71.787981,2.280604,0
2017-09-25,sz.002425,9.7200,9.7800,9.5600,9.5600,9.8000,4433605,42871310.2100,3,0.589889,1,-2.448977,37.749968,13.327797,-70.029908,2.224753,0
2017-09-26,sz.002425,9.5600,9.6800,9.3100,9.4500,9.5600,7982380,75824818.6000,3,1.062052,1,-1.150634,37.315606,13.174443,-69.224124,2.199154,0
2017-09-27,sz.002425,9.3900,9.5500,9.3900,9.5200,9.4500,4738025,44843412.3500,3,0.630392,1,0.740748,37.592018,13.272032,-69.736896,2.215444,0
2017-09-28,sz.002425,9.5300,9.5500,9.4300,9.4400,9.5200,4420420,41837543.2000,3,0.588135,1,-0.840345,37.276119,13.160502,-69.150871,2.196827,0
2017-09-29,sz.002425,9.4200,9.5400,9.3800,9.4800,9.4400,2263845,21462662.6500,3,0.301204,1,0.423728,37.434068,13.216267,-69.443883,2.206136,0
2017-10-09,sz.002425,9.6000,9.6500,9.4400,9.4900,9.4800,4172750,39848145.4000,3,0.555183,1,0.105488,37.473556,13.230208,-69.517136,2.208463,0
2017-10-10,sz.002425,9.4600,9.7300,9.4200,9.7000,9.4900,5139390,49136029.8000,3,0.683794,1,2.212856,38.302791,13.522974,-71.055450,2.257333,0
2017-10-11,sz.002425,9.6600,9.9600,9.6500,9.8600,9.7000,9312918,91688222.0400,3,1.239080,1,1.649483,38.934590,13.746033,-72.227499,2.294567,0
2017-10-12,sz.002425,9.8100,9.9200,9.7400,9.8100,9.8600,5134312,50383880.2100,3,0.683118,1,-0.507092,38.737153,13.676327,-71.861234,2.282931,0
2017-10-13,sz.002425,9.8000,9.8000,9.6700,9.6900,9.8100,3884185,37703516.2000,3,0.516789,1,-1.223250,38.263304,13.509032,-70.982197,2.255006,0
2017-10-16,sz.002425,9.6900,9.7300,9.4500,9.5600,9.6900,6842039,65533816.0000,3,0.910330,1,-1.341581,37.749968,13.327797,-70.029908,2.224753,0
2017-10-17,sz.002425,9.5600,9.6400,9.3400,9.4800,9.5600,5638320,53406993.1600,3,0.750176,1,-0.836829,37.434068,13.216267,-69.443883,2.206136,0
2017-10-18,sz.002425,9.4800,9.5300,9.3500,9.5000,9.4800,4340543,40984693.2500,3,0.577507,1,0.210975,37.513043,13.244149,-69.590389,2.210790,0
2017-10-19,sz.002425,9.4600,9.4900,9.3600,9.4800,9.5000,3917888,36883247.6800,3,0.521273,1,-0.210531,37.434068,13.216267,-69.443883,2.206136,0
2017-10-20,sz.002425,9.4500,9.4700,9.3600,9.4400,9.4800,3072619,28899197.4600,3,0.408811,1,-0.421940,37.276119,13.160502,-69.150871,2.196827,0
2017-10-23,sz.002425,9.4100,9.4700,9.3600,9.3700,9.4400,3155757,29625526.9500,3,0.419872,1,-0.741522,36.999707,13.062914,-68.638100,2.180537,0
2017-10-24,sz.002425,9.3800,9.4100,9.1900,9.3000,9.3700,4249137,39574972.2200,3,0.565346,1,-0.747062,36.723295,12.965325,-68.125329,2.164247,0
2017-10-25,sz.002425,9.3800,9.4300,9.3100,9.3600,9.3000,2738600,25613455.2400,3,0.364370,1,0.645155,35.413035,11.911760,173.923771,2.145925,0
2017-10-26,sz.002425,9.3700,9.4200,9.3000,9.3400,9.3600,3499872,32788509.8000,3,0.465656,1,-0.213670,35.337366,11.886308,173.552139,2.141340,0
2017-10-27,sz.002425,9.3000,9.3600,9.2600,9.2800,9.3400,3176574,29541235.8800,3,0.422642,1,-0.642403,35.110360,11.809950,172.437243,2.127584,0
2017-10-30,sz.002425,9.2800,9.3300,8.9200,8.9800,9.2800,7349952,66583588.1600,3,0.977908,1,-3.232761,33.975326,11.428163,166.862763,2.058804,0
2017-10-31,sz.002425,8.9800,9.1300,8.9500,9.0200,8.9800,8631316,78050153.0800,3,1.148393,1,0.445445,34.126664,11.479068,167.606027,2.067975,0
2017-11-01,sz.002425,9.0500,9.0800,8.9100,8.9100,9.0200,7609439,68422323.2400,3,1.012433,1,-1.219519,33.710485,11.339080,165.562051,2.042756,0
2017-11-02,sz.002425,8.9200,8.9700,8.6400,8.6600,8.9100,9328119,81694631.1300,3,1.241102,1,-2.805836,32.764624,11.020924,160.916651,1.985439,0
2017-11-03,sz.002425,8.6600,8.6800,8.3000,8.4900,8.6600,10520365,88973465.0100,3,1.399730,1,-1.963049,32.121439,10.804577,157.757779,1.946464,0
2017-11-06,sz.002425,8.4700,8.5200,8.3600,8.5000,8.4900,2472383,20918258.2700,3,0.328949,1,0.117788,32.159273,10.817304,157.943595,1.948757,0
2017-11-07,sz.002425,8.4800,8.5300,8.4200,8.4600,8.5000,2901083,24559722.7200,3,0.385988,1,-0.470588,32.007936,10.766399,157.200331,1.939586,0
2017-11-08,sz.002425,8.5000,8.8400,8.4900,8.6500,8.4600,6584966,57355607.7600,3,0.876127,1,2.245858,32.726790,11.008197,160.730835,1.983147,0
2017-11-09,sz.002425,8.6000,8.6400,8.5100,8.6100,8.6500,4177684,35842698.3600,3,0.555839,1,-0.462427,32.575452,10.957292,159.987571,1.973976,0
2017-11-10,sz.002425,8.5800,8.5800,8.4100,8.4200,8.6100,5775700,48993996.0000,3,0.768454,1,-2.206732,31.856598,10.715494,156.457067,1.930415,0
2017-11-13,sz.002425,8.4600,8.4800,8.2000,8.2000,8.4200,5765625,47809286.1700,3,0.767114,1,-2.612830,31.024240,10.435517,152.369115,1.879977,0
2017-11-14,sz.002425,8.2300,8.3300,8.1700,8.2400,8.2000,5196128,42884762.2800,3,0.691343,1,0.487804,31.175578,10.486421,153.112379,1.889148,0
2017-11-15,sz.002425,8.2400,8.3800,8.1200,8.3700,8.2400,6003352,49380773.3600,3,0.798743,1,1.577671,31.667426,10.651863,155.527987,1.918952,0
2017-11-16,sz.002425,8.3000,8.3900,8.1200,8.3500,8.3700,4943652,41000459.6000,3,0.657751,1,-0.238943,31.591757,10.626410,155.156355,1.914367,0
2017-11-17,sz.002425,8.3300,8.3300,8.0200,8.2500,8.3500,5968120,48837292.0000,3,0.794056,1,-1.197609,31.213412,10.499148,153.298195,1.891440,0
2017-11-20,sz.002425,8.1900,8.2200,8.0500,8.1800,8.2500,3025773,24608649.1000,3,0.402578,1,-0.848481,30.948571,10.410064,151.997483,1.875392,0
2017-11-21,sz.002425,8.1900,8.3200,8.1600,8.1900,8.1800,3844020,31651713.8000,3,0.511445,1,0.122241,30.986406,10.422790,152.183299,1.877684,0
2017-11-22,sz.002425,8.2000,8.2900,8.1600,8.2300,8.1900,3328928,27369218.0300,3,0.442912,1,0.488400,31.137744,10.473695,152.926563,1.886855,0
2017-11-23,sz.002425,8.2200,8.2900,8.1000,8.1600,8.2300,3528079,28849345.3900,3,0.469409,1,-0.850543,30.872902,10.384612,151.625851,1.870806,0
2017-11-24,sz.002425,8.1200,8.3000,8.0700,8.3000,8.1600,5472736,44917887.0100,3,0.728145,1,1.715690,31.402585,10.562779,154.227275,1.902904,0
2017-11-27,sz.002425,8.2600,8.4000,8.2300,8.2800,8.3000,3857258,32108627.5600,3,0.513207,1,-0.240969,31.326916,10.537326,153.855643,1.898318,0
2017-11-28,sz.002425,8.3200,8.3200,8.2300,8.3000,8.2800,2008280,16612067.9600,3,0.267201,1,0.241551,31.402585,10.562779,154.227275,1.902904,0
2017-11-29,sz.002425,8.3000,8.3000,8.1100,8.2500,8.3000,3526503,28890912.1400,3,0.469200,1,-0.602412,31.213412,10.499148,153.298195,1.891440,0
2017-11-30,sz.002425,8.2200,8.2500,8.1500,8.2300,8.2500,2981110,24404876.1100,3,0.396635,1,-0.242430,31.137744,10.473695,152.926563,1.886855,0
2017-12-01,sz.002425,8.2000,8.2800,8.1500,8.2500,8.2300,1838156,15131704.8900,3,0.244566,1,0.243019,31.213412,10.499148,153.298195,1.891440,0
2017-12-04,sz.002425,8.2500,8.2700,8.1200,8.1500,8.2500,1700470,13921825.9000,3,0.226247,1,-1.212126,30.835068,10.371885,151.440035,1.868514,0
2017-12-05,sz.002425,8.1100,8.1600,7.7900,8.0900,8.1500,5972543,47718832.7500,3,0.794644,1,-0.736190,30.608061,10.295528,150.325139,1.854758,0
2017-12-06,sz.002425,8.0100,8.0500,7.9000,7.9800,8.0900,2548508,20287085.3800,3,0.339078,1,-1.359705,30.191883,10.155539,148.281163,1.829539,0
2017-12-07,sz.002425,8.1000,8.1000,7.8700,7.9700,7.9800,2986587,23742065.9200,3,0.397364,1,-0.125316,30.154048,10.142813,148.095347,1.827246,0
2017-12-08,sz.002425,8.0100,8.1200,7.9100,8.1200,7.9700,3455020,27702974.4000,3,0.459689,1,1.882059,30.721565,10.333707,150.882587,1.861636,0
2017-12-11,sz.002425,8.1000,8.1200,8.0500,8.1100,8.1200,2515100,20326212.6000,3,0.334633,1,-0.123156,30.683730,10.320980,150.696771,1.859343,0
2017-12-12,sz.002425,8.1000,8.1000,7.9500,8.0300,8.1100,2188900,17585923.6300,3,0.291232,1,-0.986436,30.381055,10.219170,149.210243,1.841002,0
2017-12-13,sz.002425,8.0300,8.0300,7.9000,7.9700,8.0300,2116298,16854050.9600,3,0.281573,1,-0.747197,30.154048,10.142813,148.095347,1.827246,0
2017-12-14,sz.002425,7.9900,8.0200,7.9000,8.0100,7.9700,2948288,23469918.8100,3,0.392268,1,0.501888,30.305386,10.193718,148.838611,1.836417,0
2017-12-15,sz.002425,8.0600,8.0700,7.9000,7.9800,8.0100,2535567,20145704.8400,3,0.337356,1,-0.374534,30.191883,10.155539,148.281163,1.829539,0
2017-12-18,sz.002425,7.9800,8.0000,7.6500,7.9000,7.9800,7822460,61294683.9300,3,1.040775,1,-1.002505,29.889207,10.053729,146.794635,1.811197,0
2017-12-19,sz.002425,7.8300,7.8800,7.7900,7.7900,7.9000,3429440,26868077.2000,3,0.456286,1,-1.392407,29.473028,9.913741,144.750660,1.785978,0
2017-12-20,sz.002425,7.7400,7.8100,7.6000,7.6500,7.7900,4217300,32493326.7400,3,0.561110,1,-1.797174,28.943346,9.735573,142.149236,1.753881,0
2017-12-21,sz.002425,7.5600,7.7100,7.4600,7.6800,7.6500,4357785,32934821.6400,3,0.579801,1,0.392153,29.056849,9.773752,142.706684,1.760759,0
2017-12-22,sz.002425,7.6300,7.6700,7.5400,7.5900,7.6800,3413840,25910869.1200,3,0.454210,1,-1.171871,28.716339,9.659216,141.034340,1.740125,0
2017-12-25,sz.002425,7.6100,7.6500,7.3200,7.4800,7.5900,6029648,45204371.7200,3,0.802242,1,-1.449277,28.300161,9.519227,138.990364,1.714906,0
2017-12-26,sz.002425,7.4500,7.5000,7.3300,7.4100,7.4800,6223094,45886401.3600,3,0.827980,1,-0.935831,28.035319,9.430144,137.689652,1.698857,0
2017-12-27,sz.002425,7.3900,7.3900,7.2100,7.2100,7.4100,6561240,47891343.4000,3,0.872970,1,-2.699053,27.278631,9.175619,133.973332,1.653004,0
2017-12-28,sz.002425,7.2100,7.2100,7.2100,7.2100,7.2100,0,0.0000,3,,0,0.000000,27.278631,9.175619,133.973332,1.653004,0
2017-12-29,sz.002425,7.2100,7.2100,7.2100,7.2100,7.2100,0,0.0000,3,,0,0.000000,27.278631,9.175619,133.973332,1.653004,0
2018-01-02,sz.002425,7.2100,7.2100,7.2100,7.2100,7.2100,0,0.0000,3,,0,0.000000,27.278631,9.175619,133.973332,1.653004,0
2018-01-03,sz.002425,7.2100,7.2100,7.2100,7.2100,7.2100,0,0.0000,3,,0,0.000000,27.278631,9.175619,133.973332,1.653004,0
2018-01-04,sz.002425,7.2100,7.2100,7.2100,7.2100,7.2100,0,0.0000,3,,0,0.000000,27.278631,9.175619,133.973332,1.653004,0
2018-01-05,sz.002425,7.2100,7.2100,7.2100,7.2100,7.2100,0,0.0000,3,,0,0.000000,27.278631,9.175619,133.973332,1.653004,0
2018-01-08,sz.002425,7.2100,7.2100,7.2100,7.2100,7.2100,0,0.0000,3,,0,0.000000,27.278631,9.175619,133.973332,1.653004,0
2018-01-09,sz.002425,7.2100,7.2100,7.2100,7.2100,7.2100,0,0.0000,3,,0,0.000000,27.278631,9.175619,133.973332,1.653004,0
2018-01-10,sz.002425,7.2100,7.2100,7.2100,7.2100,7.2100,0,0.0000,3,,0,0.000000,27.278631,9.175619,133.973332,1.653004,0
2018-01-11,sz.002425,7.2100,7.2100,7.2100,7.2100,7.2100,0,0.0000,3,,0,0.000000,27.278631,9.175619,133.973332,1.653004,0
2018-01-12,sz.002425,7.2100,7.2100,7.2100,7.2100,7.2100,0,0.0000,3,,0,0.000000,27.278631,9.175619,133.973332,1.653004,0
2018-01-15,sz.002425,7.2100,7.2100,7.2100,7.2100,7.2100,0,0.0000,3,,0,0.000000,27.278631,9.175619,133.973332,1.653004,0
2018-01-16,sz.002425,7.2100,7.2100,7.2100,7.2100,7.2100,0,0.0000,3,,0,0.000000,27.278631,9.175619,133.973332,1.653004,0
2018-01-17,sz.002425,7.2100,7.2100,7.2100,7.2100,7.2100,0,0.0000,3,,0,0.000000,27.278631,9.175619,133.973332,1.653004,0
2018-01-18,sz.002425,7.2100,7.2100,7.2100,7.2100,7.2100,0,0.0000,3,,0,0.000000,27.278631,9.175619,133.973332,1.653004,0
2018-01-19,sz.002425,7.2100,7.2100,7.2100,7.2100,7.2100,0,0.0000,3,,0,0.000000,27.278631,9.175619,133.973332,1.653004,0
2018-01-22,sz.002425,7.3500,7.9300,7.3200,7.9300,7.2100,23637725,182719044.0700,3,3.144989,1,9.986127,30.002710,10.091908,147.352083,1.818075,0
2018-01-23,sz.002425,7.9000,7.9500,7.6700,7.7000,7.9300,17936330,139886504.1200,3,2.386421,1,-2.900379,29.132518,9.799205,143.078316,1.765344,0
2018-01-24,sz.002425,7.6800,8.0400,7.4600,7.8700,7.7000,14713680,114542940.7000,3,1.957649,1,2.207793,29.775704,10.015551,146.237187,1.804319,0
2018-01-25,sz.002425,7.8900,8.2300,7.8200,7.9700,7.8700,16333209,131295441.7100,3,2.173126,1,1.270647,30.154048,10.142813,148.095347,1.827246,0
2018-01-26,sz.002425,7.9800,8.1200,7.8700,7.9700,7.9700,8977195,71678797.7500,3,1.194412,1,0.000000,30.154048,10.142813,148.095347,1.827246,0
2018-01-29,sz.002425,7.9700,8.0300,7.7000,7.8200,7.9700,7102791,55781190.6700,3,0.945023,1,-1.882053,29.586531,9.951919,145.308108,1.792856,0
2018-01-30,sz.002425,7.8300,7.8500,7.6500,7.7000,7.8200,4611800,35581083.8000,3,0.613598,1,-1.534531,29.132518,9.799205,143.078316,1.765344,0
2018-01-31,sz.002425,7.7100,7.8900,7.5600,7.8400,7.7000,7409432,57218031.3600,3,0.985822,1,1.818186,29.662200,9.977372,145.679739,1.797441,0
2018-02-01,sz.002425,7.8000,8.0600,7.6500,7.8500,7.8400,9288800,72868815.6000,3,1.235871,1,0.127548,29.700035,9.990098,145.865555,1.799734,0
2018-02-02,sz.002425,7.8800,7.9500,7.7200,7.8600,7.8500,8870713,69503460.0400,3,1.180245,1,0.127391,29.737869,10.002824,146.051371,1.802027,0
2018-02-05,sz.002425,7.7100,7.8000,7.6500,7.6600,7.8600,4147000,31988237.8000,3,0.551757,1,-2.544533,28.981180,9.748300,142.335052,1.756174,0
2018-02-06,sz.002425,7.4500,7.7300,7.2100,7.4600,7.6600,10409180,77239534.4400,3,1.384937,1,-2.610964,28.224492,9.493775,138.618732,1.710321,0
2018-02-07,sz.002425,7.5900,7.8100,7.2900,7.4700,7.4600,9052045,67676970.4000,3,1.204371,1,0.134045,28.262326,9.506501,138.804548,1.712613,0
2018-02-08,sz.002425,7.3300,7.5100,7.3100,7.4400,7.4700,4535140,33776144.6000,3,0.603398,1,-0.401603,28.148823,9.468322,138.247100,1.705735,0
2018-02-09,sz.002425,7.2400,7.2600,6.9500,7.1900,7.4400,8812345,62856714.4700,3,1.172479,1,-3.360215,27.202962,9.150166,133.601700,1.648419,0
2018-02-12,sz.002425,7.1700,7.3400,7.0500,7.2000,7.1900,8165182,58443192.9400,3,1.086374,1,0.139079,27.240796,9.162893,133.787516,1.650712,0
2018-02-13,sz.002425,7.2300,7.2600,7.0600,7.1800,7.2000,4804660,34382308.2000,3,0.639258,1,-0.277778,27.165127,9.137440,133.415884,1.646126,0
2018-02-14,sz.002425,7.1600,7.2000,7.0900,7.2000,7.1800,2074560,14844219.8000,3,0.276019,1,0.278551,27.240796,9.162893,133.787516,1.650712,0
2018-02-22,sz.002425,7.2000,7.2900,7.1700,7.2100,7.2000,2640340,19048436.6000,3,0.351296,1,0.138892,27.278631,9.175619,133.973332,1.653004,0
2018-02-23,sz.002425,7.2200,7.2300,7.1100,7.1900,7.2100,2988840,21432202.2000,3,0.397664,1,-0.277392,27.202962,9.150166,133.601700,1.648419,0
2018-02-26,sz.002425,7.2400,7.4300,7.2000,7.4100,7.1900,6473487,47508798.4600,3,0.861295,1,3.059802,28.035319,9.430144,137.689652,1.698857,0
2018-02-27,sz.002425,7.4100,7.4600,7.3500,7.3900,7.4100,4143720,30714416.0000,3,0.551320,1,-0.269905,27.959651,9.404691,137.318020,1.694272,0
2018-02-28,sz.002425,7.4000,7.6000,7.3200,7.5000,7.3900,7143020,53521216.5000,3,0.950376,1,1.488500,22.189096,8.534850,139.361996,1.719491,0
2018-03-01,sz.002425,7.4500,7.6300,7.4100,7.6000,7.5000,6670904,50301962.6100,3,0.887561,1,1.333332,22.484951,8.648648,141.220156,1.742418,0
2018-03-02,sz.002425,7.5900,7.6700,7.5200,7.6000,7.6000,5084631,38586391.6400,3,0.676508,1,0.000000,22.484951,8.648648,141.220156,1.742418,0
2018-03-05,sz.002425,7.6000,7.7900,7.4800,7.7000,7.6000,10142377,77778336.9600,3,1.349439,1,1.315788,22.780806,8.762446,143.078316,1.765344,0
2018-03-06,sz.002425,7.7600,8.0100,7.6800,7.7900,7.7000,13838386,108336946.7100,3,1.841191,1,1.168833,23.047075,8.864864,144.750660,1.785978,0
2018-03-07,sz.002425,7.7600,7.8200,7.6000,7.6100,7.7900,5955080,45865694.6000,3,0.792321,1,-2.310652,22.514536,8.660027,141.405972,1.744710,0
2018-03-08,sz.002425,7.6200,7.6800,7.6000,7.6100,7.6100,3620780,27632276.0000,3,0.481743,1,0.000000,22.514536,8.660027,141.405972,1.744710,0
2018-03-09,sz.002425,7.6500,7.9500,7.6100,7.8700,7.6100,8554406,66913116.1400,3,1.138160,1,3.416554,23.283758,8.955902,146.237187,1.804319,0
2018-03-12,sz.002425,7.8800,8.3900,7.8600,8.0100,7.8700,17801020,143459714.8000,3,2.368418,1,1.778912,23.697955,9.115219,148.838611,1.836417,0
2018-03-13,sz.002425,7.9900,8.1100,7.9100,7.9700,8.0100,9698800,77897260.6000,3,1.290421,1,-0.499381,23.579613,9.069700,148.095347,1.827246,0
2018-03-14,sz.002425,7.9300,8.0200,7.8100,7.8300,7.9700,5137760,40760394.6000,3,0.683577,1,-1.756586,23.165417,8.910383,145.493923,1.795149,0
2018-03-15,sz.002425,7.8000,7.8100,7.5200,7.5300,7.8300,10823540,82660635.7600,3,1.440067,1,-3.831414,22.277853,8.568989,139.919444,1.726369,0
2018-03-16,sz.002425,7.5900,7.6400,7.5100,7.5300,7.5300,5265998,39876675.0800,3,0.700639,1,0.000000,22.277853,8.568989,139.919444,1.726369,0
2018-03-19,sz.002425,7.5000,7.6400,7.4600,7.5100,7.5300,5162758,38985480.0000,3,0.686903,1,-0.265604,22.218682,8.546229,139.547812,1.721784,0
2018-03-20,sz.002425,7.4900,7.4900,7.3000,7.4400,7.5100,5295041,39184530.5600,3,0.704503,1,-0.932093,22.011584,8.466571,138.247100,1.705735,0
2018-03-21,sz.002425,7.4500,7.5500,7.3900,7.4000,7.4400,4040867,30208141.8200,3,0.537636,1,-0.537634,21.893242,8.421052,137.503836,1.696565,0
2018-03-22,sz.002425,7.3900,7.5800,7.3800,7.5400,7.4000,5332649,39948417.3000,3,0.709507,1,1.891890,22.307438,8.580369,140.105260,1.728662,0
2018-03-23,sz.002425,7.3800,7.3900,6.9600,7.1500,7.5400,9875208,70872974.2800,3,1.313892,1,-5.172412,21.153605,8.136557,132.858436,1.639248,0
2018-03-26,sz.002425,7.0600,7.4000,6.9100,7.3900,7.1500,11439707,82445833.7700,3,1.522048,1,3.356640,21.863656,8.409672,137.318020,1.694272,0
2018-03-27,sz.002425,7.4500,7.6000,7.3800,7.6000,7.3900,7067035,52855302.7400,3,0.940266,1,2.841678,22.484951,8.648648,141.220156,1.742418,0
2018-03-28,sz.002425,7.5300,7.7000,7.4700,7.6100,7.6000,8200396,62209215.0900,3,1.091059,1,0.131582,22.514536,8.660027,141.405972,1.744710,0
2018-03-29,sz.002425,7.6300,7.6900,7.5100,7.5900,7.6100,3742200,28391385.6000,3,0.497898,1,-0.262812,22.455366,8.637268,141.034340,1.740125,0
2018-03-30,sz.002425,7.5800,7.7100,7.5600,7.6800,7.5900,4259953,32634245.3400,3,0.566785,1,1.185766,22.721635,8.739686,142.706684,1.760759,0
2018-04-02,sz.002425,7.6900,7.7500,7.5300,7.5500,7.6800,6003789,45901833.4400,3,0.798802,1,-1.692704,22.337024,8.591749,140.291076,1.730954,0
2018-04-03,sz.002425,7.4300,7.5000,7.3300,7.5000,7.5500,4962000,36758662.8000,3,0.660192,1,-0.662254,22.189096,8.534850,139.361996,1.719491,0
2018-04-04,sz.002425,7.4800,7.5500,7.4000,7.5000,7.5000,3418220,25598153.4000,3,0.454793,1,0.000000,22.189096,8.534850,139.361996,1.719491,0
2018-04-09,sz.002425,7.4300,7.5000,7.3500,7.4400,7.5000,2991336,22217901.4000,3,0.397996,1,-0.799999,22.011584,8.466571,138.247100,1.705735,0
2018-04-10,sz.002425,7.4300,7.4500,7.3500,7.4500,7.4400,3353880,24811588.2000,3,0.446232,1,0.134405,22.041169,8.477951,138.432916,1.708028,0
2018-04-11,sz.002425,7.4700,7.6400,7.3900,7.6300,7.4500,5741916,43177664.3200,3,0.763959,1,2.416111,22.573707,8.682787,141.777604,1.749296,0
2018-04-12,sz.002425,7.5400,7.7100,7.5300,7.5800,7.6300,4956776,37717938.0000,3,0.659497,1,-0.655311,22.425780,8.625888,140.848524,1.737832,0
2018-04-13,sz.002425,7.6200,7.6800,7.5000,7.5700,7.5800,4347780,32971313.2000,3,0.578470,1,-0.131923,22.396195,8.614508,140.662708,1.735540,0
2018-04-16,sz.002425,7.6100,8.0800,7.6000,7.8400,7.5700,25023293,196143287.8500,3,3.329338,1,3.566710,23.195002,8.921763,145.679739,1.797441,0
2018-04-17,sz.002425,7.8600,7.8900,7.6300,7.6300,7.8400,8451799,65491163.6100,3,1.124508,1,-2.678572,22.573707,8.682787,141.777604,1.749296,0
2018-04-18,sz.002425,7.7300,7.7400,7.4300,7.5700,7.6300,6443539,48606063.3600,3,0.857310,1,-0.786369,22.396195,8.614508,140.662708,1.735540,0
2018-04-19,sz.002425,7.6000,7.6600,7.5400,7.5700,7.5700,4992200,37883510.4000,3,0.664210,1,0.000000,22.396195,8.614508,140.662708,1.735540,0
2018-04-20,sz.002425,7.5500,7.5500,7.1700,7.2200,7.5700,6314240,46527673.8000,3,0.840107,1,-4.623519,21.360703,8.216215,134.159148,1.655297,0
2018-04-23,sz.002425,7.2200,7.3700,7.1200,7.2100,7.2200,3653512,26446488.7400,3,0.486098,1,-0.138501,21.331118,8.204835,133.973332,1.653004,0
2018-04-24,sz.002425,7.2400,7.3900,7.1800,7.3700,7.2100,4230100,30939737.0600,3,0.555662,1,2.219138,23.558400,8.520440,128.945466,1.642288,0
2018-04-25,sz.002425,7.3700,7.4300,7.2300,7.2700,7.3700,4417906,32321438.2400,3,0.580332,1,-1.356851,21.556851,8.238495,270.261531,1.595163,0
2018-04-26,sz.002425,7.3000,7.3100,6.9500,7.0000,7.2700,7312760,51698267.2000,3,0.960597,1,-3.713892,20.756253,7.932526,260.224307,1.535920,0
2018-04-27,sz.002425,7.0700,7.1100,6.8600,6.9600,7.0000,5392918,37665131.5600,3,0.708408,1,-0.571428,20.637646,7.887197,258.737311,1.527144,0
2018-05-02,sz.002425,6.9700,7.0100,6.8500,6.8900,6.9600,3550400,24555585.8000,3,0.466377,1,-1.005750,20.430083,7.807872,256.135068,1.511784,0
2018-05-03,sz.002425,6.8000,6.9100,6.6200,6.8600,6.8900,6861153,46407807.1600,3,0.901274,1,-0.435410,20.341128,7.773875,255.019821,1.505202,0
2018-05-04,sz.002425,6.9100,7.0300,6.7900,6.9700,6.8600,6968422,48353129.9400,3,0.915365,1,1.603493,20.667297,7.898529,259.109060,1.529338,0
2018-05-07,sz.002425,6.9600,7.0500,6.9300,7.0300,6.9700,6267896,43811531.4000,3,0.823344,1,0.860838,20.845208,7.966523,261.339554,1.542503,0
2018-05-08,sz.002425,7.0100,7.0100,6.9300,6.9500,7.0300,4473435,31158324.2500,3,0.587626,1,-1.137986,20.607994,7.875865,258.365562,1.524949,0
2018-05-09,sz.002425,6.9200,6.9700,6.8300,6.8800,6.9500,4045665,27869693.6200,3,0.531434,1,-1.007190,20.400431,7.796540,255.763319,1.509590,0
2018-05-10,sz.002425,6.8900,6.9700,6.8800,6.9500,6.8800,3939405,27280011.1800,3,0.517476,1,1.017437,20.607994,7.875865,258.365562,1.524949,0
2018-05-11,sz.002425,7.0000,7.1000,6.9100,7.0300,6.9500,6889948,48218405.6800,3,0.905057,1,1.151085,20.845208,7.966523,261.339554,1.542503,0
2018-05-14,sz.002425,7.0300,7.0700,6.9200,6.9700,7.0300,3312840,23175712.2000,3,0.435171,1,-0.853491,20.667297,7.898529,259.109060,1.529338,0
2018-05-15,sz.002425,7.0000,7.0000,6.8200,6.9400,6.9700,3716948,25582039.1600,3,0.488255,1,-0.430412,20.578342,7.864533,257.993813,1.522755,0
2018-05-16,sz.002425,6.9200,6.9400,6.8400,6.8700,6.9400,2723500,18749852.0000,3,0.357756,1,-1.008648,20.370779,7.785208,255.391570,1.507396,0
2018-05-17,sz.002425,6.8500,6.9200,6.8200,6.8900,6.8700,2025445,13924494.1000,3,0.266060,1,0.291121,20.430083,7.807872,256.135068,1.511784,0
2018-05-18,sz.002425,6.8900,6.9000,6.7900,6.8300,6.8900,4369509,29852516.1800,3,0.573974,1,-0.870826,20.252172,7.739879,253.904574,1.498619,0
2018-05-21,sz.002425,6.8500,6.9100,6.8200,6.8500,6.8300,7452499,51127221.7800,3,0.978953,1,0.292826,20.311476,7.762543,254.648072,1.503008,0
2018-05-22,sz.002425,6.8600,6.9200,6.8300,6.9000,6.8500,4615716,31741662.1700,3,0.606316,1,0.729930,20.459735,7.819204,256.506817,1.513979,0
2018-05-23,sz.002425,6.8800,6.8800,6.5300,6.5500,6.9000,12884538,86133664.6800,3,1.692500,1,-5.072462,19.421922,7.422578,243.495602,1.437183,0
2018-05-24,sz.002425,6.5700,6.6300,6.3900,6.3900,6.5500,8156630,52932563.5800,3,1.071447,1,-2.442753,18.947493,7.241263,237.547618,1.402076,0
2018-05-25,sz.002425,6.3600,6.4200,6.2400,6.3000,6.3900,6119141,38633402.8600,3,0.803804,1,-1.408446,18.680627,7.139273,234.201877,1.382328,0
2018-05-28,sz.002425,6.2900,6.3300,6.0000,6.0000,6.3000,10262181,62961782.5100,3,1.348030,1,-4.761908,17.791074,6.799308,223.049406,1.316503,0
2018-05-29,sz.002425,5.9100,6.0900,5.8900,5.9300,6.0000,7012443,41895028.3600,3,0.921147,1,-1.166670,17.583511,6.719983,220.447163,1.301144,0
2018-05-30,sz.002425,5.8200,5.8600,5.5400,5.5600,5.9300,7410723,42341368.0200,3,0.973465,1,-6.239459,16.486395,6.300692,206.692450,1.219960,0
2018-05-31,sz.002425,5.8400,5.8600,5.6200,5.7100,5.5600,11911879,68092433.6800,3,1.564732,1,2.697844,16.931172,6.470675,212.268685,1.252872,0
2018-06-01,sz.002425,5.8300,6.0500,5.7200,5.8300,5.7100,15186041,89197023.2800,3,1.887915,1,2.101574,17.286993,6.606661,216.729673,1.279202,0
2018-06-04,sz.002425,5.9300,6.0500,5.7400,5.9000,5.8300,15241220,89439105.5800,3,1.894775,1,1.200689,17.494556,6.685986,219.331916,1.294561,0
2018-06-05,sz.002425,6.1000,6.1000,5.8300,5.9000,5.9000,14291008,84739792.1600,3,1.776645,1,0.000000,17.494556,6.685986,219.331916,1.294561,0
2018-06-06,sz.002425,5.9100,5.9300,5.8400,5.8800,5.9000,9172502,54025396.3000,3,1.140317,1,-0.338983,17.435252,6.663322,218.588418,1.290173,0
2018-06-07,sz.002425,5.9100,6.0200,5.7900,5.9500,5.8800,12960172,76727033.0100,3,1.611197,1,1.190471,17.642815,6.742647,221.190661,1.305532,0
2018-06-08,sz.002425,6.0900,6.0900,5.6900,5.9000,5.9500,10122590,58875207.0900,3,1.258431,1,-0.840331,17.494556,6.685986,219.331916,1.294561,0
2018-06-11,sz.002425,5.8100,5.8300,5.6400,5.7300,5.9000,9414997,54121387.6000,3,1.170464,1,-2.881357,16.990475,6.493339,213.012183,1.257260,0
2018-06-12,sz.002425,5.7500,5.7600,5.5700,5.6800,5.7300,6804860,38554546.6000,3,0.845974,1,-0.872604,16.842216,6.436678,211.153438,1.246290,0
2018-06-13,sz.002425,5.6500,5.7200,5.4300,5.5800,5.6800,6876025,38319919.1300,3,0.854821,1,-1.760562,16.545699,6.323356,207.435948,1.224348,0
2018-06-14,sz.002425,5.5500,5.5500,5.3900,5.4100,5.5800,8807585,48108458.7000,3,1.094951,1,-3.046597,16.041618,6.130709,201.116215,1.187047,0
2018-06-15,sz.002425,5.4700,5.4700,5.1200,5.1500,5.4100,9793180,51330749.5700,3,1.217479,1,-4.805911,15.270672,5.836073,191.450740,1.129998,0
2018-06-19,sz.002425,5.0000,5.0600,4.6400,4.6400,5.1500,11452820,54813498.7000,3,1.423804,1,-9.902917,13.758430,5.258132,172.491541,1.018096,0
2018-06-20,sz.002425,4.5600,4.6400,4.4200,4.5500,4.6400,12806792,57821315.8200,3,1.592129,1,-1.939648,13.491564,5.156142,169.145800,0.998348,0
2018-06-21,sz.002425,4.5600,4.6400,4.3800,4.4000,4.5500,8339121,37737315.2100,3,1.036712,1,-3.296705,13.046787,4.986159,163.569565,0.965436,0
2018-06-22,sz.002425,4.3600,4.5900,4.3300,4.5400,4.4000,9490434,42652504.4700,3,1.179842,1,3.181815,13.461912,5.144810,168.774051,0.996154,0
2018-06-25,sz.002425,4.5800,4.6900,4.5300,4.5400,4.5400,8336609,38352986.2500,3,1.036400,1,0.000000,13.461912,5.144810,168.774051,0.996154,0
2018-06-26,sz.002425,4.4700,4.7500,4.4300,4.7000,4.5400,9037588,41915253.8100,3,1.123545,1,3.524225,13.936341,5.326125,174.722035,1.031261,0
2018-06-27,sz.002425,4.6000,4.6300,4.5100,4.5600,4.6000,6688545,30591836.1500,3,0.831514,1,-0.869564,13.521216,5.167474,169.517549,1.000542,0
2018-06-28,sz.002425,4.5200,4.6400,4.5000,4.5100,4.5600,5113183,23359720.6000,3,0.635666,1,-1.096485,13.372957,5.110813,167.658804,0.989571,0
2018-06-29,sz.002425,4.5200,4.7900,4.4900,4.7500,4.5100,12782652,59885031.0600,3,1.589128,1,5.321502,14.084600,5.382786,176.580780,1.042232,0
2018-07-02,sz.002425,4.7400,4.7700,4.5800,4.6400,4.7500,8651080,40492541.6000,3,1.075495,1,-2.315792,13.758430,5.258132,172.491541,1.018096,0
2018-07-03,sz.002425,4.6900,4.7900,4.6100,4.7600,4.6400,8191312,38561678.8800,3,1.018337,1,2.586215,14.114252,5.394118,176.952529,1.044426,0
2018-07-04,sz.002425,4.7200,4.8200,4.5500,4.5800,4.7600,10330000,48100657.8600,3,1.284216,1,-3.781519,13.580520,5.190138,170.261047,1.004931,0
2018-07-05,sz.002425,4.5800,4.6600,4.4700,4.4800,4.5800,8596760,39354918.8000,3,1.068742,1,-2.183404,13.284002,5.076817,166.543557,0.982989,0
2018-07-06,sz.002425,4.4900,4.6400,4.4000,4.5400,4.4800,7833901,35533874.4000,3,0.973904,1,1.339284,13.461912,5.144810,168.774051,0.996154,0
2018-07-09,sz.002425,4.5700,4.7000,4.5700,4.6800,4.5400,6775194,31489546.6900,3,0.842286,1,3.083698,13.877037,5.303460,173.978537,1.026872,0
2018-07-10,sz.002425,4.7100,4.7300,4.6400,4.6900,4.6800,5895055,27613438.7500,3,0.732868,1,0.213680,13.906689,5.314792,174.350286,1.029067,0
2018-07-11,sz.002425,4.6700,4.6800,4.4100,4.5300,4.6900,8371384,38090487.4400,3,1.040723,1,-3.411510,13.432261,5.133478,168.402302,0.993960,0
2018-07-12,sz.002425,4.5000,4.7200,4.4900,4.7100,4.5300,8035062,37407285.1800,3,0.998912,1,3.973506,13.965993,5.337457,175.093784,1.033455,0
2018-07-13,sz.002425,4.7300,4.7700,4.6400,4.6800,4.7100,5898389,27580070.5200,3,0.733282,1,-0.636947,13.877037,5.303460,173.978537,1.026872,0
2018-07-16,sz.002425,4.5900,4.6700,4.5300,4.6000,4.6800,7539980,34530772.4000,3,0.937364,1,-1.709400,13.639823,5.212803,171.004545,1.009319,0
2018-07-17,sz.002425,4.6000,4.7200,4.5500,4.6600,4.6000,6462640,29986398.5300,3,0.803430,1,1.304347,13.817734,5.280796,173.235039,1.022484,0
2018-07-18,sz.002425,4.7600,4.7600,4.6000,4.6400,4.6600,5993722,27883399.3900,3,0.745134,1,-0.429184,13.758430,5.258132,172.491541,1.018096,0
2018-07-19,sz.002425,4.6000,4.6800,4.5700,4.6700,4.6400,7476585,34613295.6400,3,0.929482,1,0.646556,13.847386,5.292128,173.606788,1.024678,0
2018-07-20,sz.002425,4.6700,4.7100,4.6000,4.6800,4.6700,6583509,30692699.7600,3,0.818456,1,0.214127,13.877037,5.303460,173.978537,1.026872,0
2018-07-23,sz.002425,4.6800,4.7700,4.6500,4.7500,4.6800,7842467,37132772.3500,3,0.974969,1,1.495730,14.084600,5.382786,176.580780,1.042232,0
2018-07-24,sz.002425,4.7600,4.8600,4.7300,4.8500,4.7500,8619874,41402926.9500,3,1.071615,1,2.105261,14.381118,5.496107,180.298270,1.064173,0
2018-07-25,sz.002425,4.8800,4.9000,4.8100,4.8300,4.8500,6080180,29472200.2000,3,0.755883,1,-0.412371,14.321814,5.473443,179.554772,1.059785,0
2018-07-26,sz.002425,4.8100,5.0100,4.8100,4.9500,4.8300,10205066,50232796.9800,3,1.268685,1,2.484470,14.677636,5.609429,184.015760,1.086115,0
2018-07-27,sz.002425,4.9200,4.9600,4.8600,4.9000,4.9500,6477500,31761681.9500,3,0.805277,1,-1.010095,14.529377,5.552768,182.157015,1.075144,0
2018-07-30,sz.002425,4.8900,4.8900,4.6200,4.6900,4.9000,8334531,39453098.6400,3,1.036142,1,-4.285715,13.906689,5.314792,174.350286,1.029067,0
2018-07-31,sz.002425,4.8200,4.8200,4.5900,4.7100,4.6900,6121549,28752153.7900,3,0.761025,1,0.426439,14.027420,5.328307,108.647436,1.018137,0
2018-08-01,sz.002425,4.7200,4.7800,4.6000,4.6000,4.7100,7748984,36210630.3000,3,0.963347,1,-2.335459,13.699816,5.203866,106.110023,0.994359,0
2018-08-02,sz.002425,4.6000,4.6100,4.4200,4.4500,4.6000,8250338,37034551.2300,3,1.025675,1,-3.260872,13.253083,5.034175,102.649913,0.961935,0
2018-08-03,sz.002425,4.4700,4.5800,4.4100,4.5400,4.4500,6568627,29637305.0600,3,0.816606,1,2.022475,13.521123,5.135990,104.725979,0.981389,0
2018-08-06,sz.002425,4.5400,4.5600,4.4500,4.5100,4.5400,4447689,20032287.7300,3,0.552933,1,-0.660787,13.431776,5.102052,104.033957,0.974904,0
2018-08-07,sz.002425,4.5200,4.6300,4.4400,4.6300,4.5100,5588345,25403665.5300,3,0.694738,1,2.660751,13.789163,5.237805,106.802045,1.000844,0
2018-08-08,sz.002425,4.6300,5.0000,4.5800,4.7600,4.6300,15432661,73404685.7000,3,1.918575,1,2.807778,14.176331,5.384870,109.800806,1.028946,0
2018-08-09,sz.002425,4.7500,4.9300,4.6900,4.8600,4.7600,12061161,58393415.2100,3,1.499433,1,2.100838,14.474153,5.497998,112.107546,1.050562,0
2018-08-10,sz.002425,4.8200,4.8800,4.7600,4.8100,4.8600,7230841,34732729.0200,3,0.898932,1,-1.028811,14.325242,5.441434,110.954176,1.039754,0
2018-08-13,sz.002425,4.7000,4.7600,4.6400,4.7500,4.8100,6900923,32420452.2100,3,0.857917,1,-1.247400,14.146549,5.373558,109.570132,1.026784,0
2018-08-14,sz.002425,4.7400,4.7600,4.7100,4.7400,4.7500,3471346,16434196.8900,3,0.431555,1,-0.210531,14.116767,5.362245,109.339458,1.024622,0
2018-08-15,sz.002425,4.6600,4.7000,4.6200,4.6500,4.7400,7768576,36084253.1000,3,0.965782,1,-1.898727,13.848727,5.260430,107.263393,1.005168,0
2018-08-16,sz.002425,4.6500,4.7000,4.5900,4.6700,4.6500,4129140,19213303.2000,3,0.513331,1,0.430107,13.908291,5.283056,107.724741,1.009491,0
2018-08-17,sz.002425,4.6700,4.7100,4.5500,4.6000,4.6700,3906943,18105863.9500,3,0.485708,1,-1.498933,13.699816,5.203866,106.110023,0.994359,0
2018-08-20,sz.002425,4.6000,4.6500,4.5400,4.6300,4.6000,3099647,14223887.7200,3,0.385345,1,0.652178,13.789163,5.237805,106.802045,1.000844,0
2018-08-21,sz.002425,4.6600,4.6600,4.5800,4.6500,4.6300,3552723,16444448.5200,3,0.441671,1,0.431965,13.848727,5.260430,107.263393,1.005168,0
2018-08-22,sz.002425,4.6500,4.6500,4.5800,4.5900,4.6500,2088340,9616881.4000,3,0.259621,1,-1.290321,13.670034,5.192554,105.879349,0.992198,0
2018-08-23,sz.002425,4.6300,4.6300,4.5300,4.5600,4.5900,2485534,11384029.8400,3,0.308999,1,-0.653599,13.580687,5.158615,105.187327,0.985713,0
2018-08-24,sz.002425,4.5600,4.5800,4.5300,4.5300,4.5600,2413686,10979656.4500,3,0.300067,1,-0.657889,13.491340,5.124677,104.495305,0.979228,0
2018-08-27,sz.002425,4.5300,4.6400,4.5000,4.6300,4.5300,3773722,17393505.3600,3,0.469146,1,2.207503,13.789163,5.237805,106.802045,1.000844,0
2018-08-28,sz.002425,4.6400,4.7500,4.6100,4.7300,4.6300,6598133,31038589.8600,3,0.820274,1,2.159825,14.086985,5.350932,109.108784,1.022461,0
2018-08-29,sz.002425,4.7600,4.7600,4.6800,4.7400,4.7300,4590704,21661308.4800,3,0.570712,1,0.211411,14.116767,5.362245,109.339458,1.024622,0
2018-08-30,sz.002425,4.7200,4.7600,4.6800,4.7300,4.7400,4981938,23471898.4200,3,0.619350,1,-0.210965,14.086985,5.350932,109.108784,1.022461,0
2018-08-31,sz.002425,4.6800,4.7200,4.5600,4.5700,4.7300,4716420,21913267.0000,3,0.586341,1,-3.382660,13.610469,5.169928,105.418001,0.987874,0
2018-09-03,sz.002425,4.6100,4.6100,4.4500,4.5300,4.5700,3433603,15510671.6300,3,0.426862,1,-0.875273,13.491340,5.124677,104.495305,0.979228,0
2018-09-04,sz.002425,4.5300,4.6800,4.5300,4.6700,4.5300,4044716,18656564.6000,3,0.502835,1,3.090505,13.908291,5.283056,107.724741,1.009491,0
2018-09-05,sz.002425,4.7000,4.8200,4.6400,4.7400,4.6700,7493662,35669256.5600,3,0.931605,1,1.498923,14.116767,5.362245,109.339458,1.024622,0
2018-09-06,sz.002425,4.7400,4.8000,4.7000,4.7300,4.7400,3821074,18122295.3000,3,0.475032,1,-0.210965,14.086985,5.350932,109.108784,1.022461,0
2018-09-07,sz.002425,4.7500,5.2000,4.7400,4.9900,4.7300,20608133,102932247.6600,3,2.561985,1,5.496823,14.861322,5.645064,115.106307,1.078664,0
2018-09-10,sz.002425,5.0400,5.0600,4.9100,4.9500,4.9900,8157311,40485381.0200,3,1.014110,1,-0.801602,14.742193,5.599813,114.183612,1.070017,0
2018-09-11,sz.002425,5.0400,5.0400,4.8500,4.9200,4.9500,7277412,35762591.2400,3,0.904721,1,-0.606055,14.652847,5.565874,113.491590,1.063532,0
2018-09-12,sz.002425,4.9200,5.2400,4.8500,5.0600,4.9200,10575808,53198551.5600,3,1.314775,1,2.845526,15.069798,5.724253,116.721025,1.093795,0
2018-09-13,sz.002425,5.0600,5.1000,5.0100,5.0500,5.0600,4466380,22508303.6000,3,0.555256,1,-0.197624,15.040015,5.712940,116.490351,1.091634,0
2018-09-14,sz.002425,5.0500,5.1500,5.0200,5.0300,5.0500,6282660,31930247.8200,3,0.781055,1,-0.396039,14.980451,5.690315,116.029003,1.087310,0
2018-09-17,sz.002425,5.0300,5.0500,4.9100,4.9300,5.0300,3264660,16180464.9600,3,0.405860,1,-1.988079,14.682629,5.577187,113.722264,1.065694,0
2018-09-18,sz.002425,4.9500,5.1800,4.9000,5.0500,4.9300,6331840,31754637.2000,3,0.787169,1,2.434085,15.040015,5.712940,116.490351,1.091634,0
2018-09-19,sz.002425,5.0500,5.1100,5.0000,5.0900,5.0500,4527236,22978644.7200,3,0.562822,1,0.792078,15.159144,5.758191,117.413047,1.100280,0
2018-09-20,sz.002425,5.1100,5.1300,4.8900,4.9000,5.0900,5459680,27166464.0000,3,0.678742,1,-3.732810,14.593282,5.543249,113.030242,1.059209,0
2018-09-21,sz.002425,4.9900,5.1500,4.9200,5.1400,4.9000,8465001,42955358.1100,3,1.052361,1,4.897954,15.308055,5.814755,118.566417,1.111088,0
2018-09-25,sz.002425,5.1400,5.4500,5.0400,5.1900,5.1400,9146242,47626864.9000,3,1.137053,1,0.972766,15.456966,5.871319,119.719787,1.121897,0
2018-09-26,sz.002425,5.2700,5.3500,5.1000,5.3000,5.1900,9843801,51234713.5000,3,1.223772,1,2.119463,15.784571,5.995759,122.257200,1.145675,0
2018-09-27,sz.002425,5.3000,5.3000,5.1700,5.2200,5.3000,5800668,30243932.0400,3,0.721134,1,-1.509441,15.546313,5.905257,120.411808,1.128382,0
2018-09-28,sz.002425,5.3000,5.3000,5.1900,5.2600,5.2200,3585130,18802057.5000,3,0.445700,1,0.766292,15.665442,5.950508,121.334504,1.137028,0
2018-10-08,sz.002425,5.2200,5.2700,5.1200,5.1700,5.2600,3489000,18096073.0900,3,0.433749,1,-1.711029,15.397402,5.848693,119.258439,1.117573,0
2018-10-09,sz.002425,5.2100,5.2100,5.0200,5.1200,5.1700,4148980,21190661.8100,3,0.515797,1,-0.967122,15.248491,5.792130,118.105069,1.106765,0
2018-10-10,sz.002425,5.1800,5.2400,5.0600,5.1900,5.1200,4645587,24044594.4600,3,0.577535,1,1.367191,15.456966,5.871319,119.719787,1.121897,0
2018-10-11,sz.002425,5.1000,5.1000,4.6700,4.7700,5.1900,7207988,35198858.7200,3,0.896091,1,-8.092487,14.206113,5.396183,110.031480,1.031107,0
2018-10-12,sz.002425,4.7800,4.7800,4.3600,4.6700,4.7700,6986755,31739947.8500,3,0.868587,1,-2.096434,13.908291,5.283056,107.724741,1.009491,0
2018-10-15,sz.002425,4.6700,4.7300,4.4400,4.6200,4.6700,6156638,28240665.7600,3,0.765388,1,-1.070668,13.759380,5.226492,106.571371,0.998683,0
2018-10-16,sz.002425,4.6000,4.7000,4.4000,4.5000,4.6200,3294960,14996579.8000,3,0.409626,1,-2.597400,13.401994,5.090739,103.803283,0.972743,0
2018-10-17,sz.002425,4.6800,4.9100,4.4900,4.6000,4.5000,5518475,25621132.0900,3,0.686052,1,2.222220,12.959706,5.493488,-31.473126,0.976110,0
2018-10-18,sz.002425,4.5900,4.6100,4.5000,4.5200,4.6000,1898320,8610982.2000,3,0.235997,1,-1.739129,12.734320,5.397949,-30.925768,0.959135,0
2018-10-19,sz.002425,4.5100,4.6700,4.3800,4.6100,4.5200,5107660,23230104.1600,3,0.634980,1,1.991154,12.987879,5.505431,-31.541546,0.978232,0
2018-10-22,sz.002425,4.6500,4.8900,4.5600,4.8200,4.6100,20469097,97274738.5400,3,2.544700,1,4.555315,13.579518,5.756220,-32.978363,1.022794,0
2018-10-23,sz.002425,4.8000,4.8200,4.6800,4.7100,4.8200,9012215,42699797.3500,3,1.120390,1,-2.282160,13.269612,5.624854,-32.225745,0.999452,0
2018-10-24,sz.002425,4.6800,4.8600,4.6600,4.7200,4.7100,8919696,42440116.9100,3,1.108889,1,0.212309,13.297785,5.636797,-32.294165,1.001574,0
2018-10-25,sz.002425,4.5800,4.8200,4.5200,4.7400,4.7200,9934683,46732493.1100,3,1.235071,1,0.423728,13.354132,5.660681,-32.431004,1.005818,0
2018-10-26,sz.002425,4.7500,4.8000,4.6400,4.7200,4.7400,5014419,23623899.3300,3,0.623388,1,-0.421940,13.297785,5.636797,-32.294165,1.001574,0
2018-10-29,sz.002425,4.7200,4.7700,4.6600,4.6900,4.7200,4520836,21324436.8200,3,0.562026,1,-0.635588,13.213266,5.600969,-32.088905,0.995208,0
2018-10-30,sz.002425,4.6900,4.8800,4.6700,4.7300,4.6900,12359837,58458090.2000,3,1.536564,1,0.852878,13.325959,5.648739,-32.362584,1.003696,0
2018-10-31,sz.002425,4.7100,4.7700,4.6700,4.7300,4.7300,4664900,22036034.8000,3,0.579936,1,0.000000,13.325959,5.648739,-32.362584,1.003696,0
2018-11-01,sz.002425,4.8000,5.1900,4.7800,5.0300,4.7300,25597433,127397301.5300,3,3.182250,1,6.342499,14.171157,6.007010,-34.415180,1.067356,0
2018-11-02,sz.002425,5.0800,5.3800,5.0600,5.3700,5.0300,25416909,133678305.3600,3,3.159807,1,6.759437,15.129048,6.413050,-36.741454,1.139503,0
2018-11-05,sz.002425,5.3900,5.4400,5.2500,5.3600,5.3700,12680539,67642808.4700,3,1.576433,1,-0.186215,15.100875,6.401108,-36.673034,1.137381,0
2018-11-06,sz.002425,5.3800,5.4000,5.2000,5.3600,5.3600,7465560,39507696.6000,3,0.928112,1,0.000000,15.100875,6.401108,-36.673034,1.137381,0
2018-11-07,sz.002425,5.3600,5.7200,5.3000,5.3700,5.3600,18039401,99133231.9400,3,2.242642,1,0.186562,15.129048,6.413050,-36.741454,1.139503,0
2018-11-08,sz.002425,5.3800,5.5000,5.2800,5.3200,5.3700,9723826,52176869.2000,3,1.208857,1,-0.931093,14.988182,6.353339,-36.399355,1.128893,0
2018-11-09,sz.002425,5.3400,5.4000,5.3000,5.3200,5.3200,6874780,36742926.6000,3,0.854666,1,0.000000,14.988182,6.353339,-36.399355,1.128893,0
2018-11-12,sz.002425,5.3400,5.6500,5.3100,5.6200,5.3200,17666213,97598899.9600,3,2.196248,1,5.639092,15.833380,6.711609,-38.451950,1.192552,0
2018-11-13,sz.002425,5.5600,5.9700,5.5300,5.7800,5.6200,23288706,134954398.6200,3,2.895231,1,2.846981,16.284152,6.902687,-39.546668,1.226504,0
2018-11-14,sz.002425,5.7500,6.3000,5.7000,6.1900,5.7800,43563881,265684774.0400,3,5.415822,1,7.093423,17.439257,7.392324,-42.351881,1.313505,0
2018-11-15,sz.002425,6.1900,6.2400,6.0300,6.2000,6.1900,18722305,114964920.1000,3,2.327540,1,0.161547,17.467430,7.404267,-42.420301,1.315627,0
2018-11-16,sz.002425,6.3000,6.5700,6.1100,6.2400,6.2000,27490779,173622555.3500,3,3.417629,1,0.645161,17.580123,7.452036,-42.693980,1.324115,0
2018-11-19,sz.002425,6.2400,6.2400,5.8400,6.1300,6.2400,23685786,142188266.1100,3,2.944596,1,-1.762815,17.270217,7.320670,-41.941362,1.300773,0
2018-11-20,sz.002425,6.0000,6.1600,5.9100,6.0600,6.1300,14788747,89194172.9400,3,1.838524,1,-1.141928,17.073004,7.237074,-41.462423,1.285919,0
2018-11-21,sz.002425,6.0300,6.2600,5.9500,6.1400,6.0600,15246235,93234818.2300,3,1.895398,1,1.320131,17.298390,7.332612,-42.009782,1.302895,0
2018-11-22,sz.002425,6.1700,6.1900,6.0400,6.0900,6.1400,4530198,27585467.4000,3,0.563190,1,-0.814328,17.157524,7.272901,-41.667683,1.292285,0
2018-11-23,sz.002425,6.0900,6.1100,5.7000,5.9400,6.0900,17817240,105094089.1900,3,2.215023,1,-2.463056,16.734925,7.093765,-40.641385,1.260456,0
2018-11-26,sz.002425,5.8900,5.9500,5.7300,5.8000,5.9400,5758755,33577655.6600,3,0.715923,1,-2.356900,16.340499,6.926572,-39.683507,1.230748,0
2018-11-27,sz.002425,5.8600,5.9500,5.7800,5.9000,5.8000,7742563,45497246.9500,3,0.962548,1,1.724136,16.622232,7.045996,-40.367706,1.251968,0
2018-11-28,sz.002425,6.0200,6.1100,5.8000,6.0400,5.9000,9985799,59797447.8200,3,1.241426,1,2.372879,17.016658,7.213189,-41.325583,1.281676,0
2018-11-29,sz.002425,6.0500,6.1200,5.8700,5.9000,6.0400,6106868,36587980.7000,3,0.759200,1,-2.317879,16.622232,7.045996,-40.367706,1.251968,0
2018-11-30,sz.002425,5.9900,6.1000,5.8100,5.9700,5.9000,6719836,39851429.9800,3,0.835404,1,1.186435,16.819445,7.129592,-40.846645,1.266822,0
2018-12-03,sz.002425,6.1000,6.1900,5.9800,6.0700,5.9700,18364058,111725122.5900,3,2.283003,1,1.675048,17.101177,7.249016,-41.530843,1.288041,0
2018-12-04,sz.002425,6.0700,6.0800,5.9400,6.0700,6.0700,7133755,42990137.0500,3,0.886862,1,0.000000,17.101177,7.249016,-41.530843,1.288041,0
2018-12-05,sz.002425,5.9400,6.0400,5.8500,5.9400,6.0700,8585582,51058892.8400,3,1.067352,1,-2.141682,16.734925,7.093765,-40.641385,1.260456,0
2018-12-06,sz.002425,5.9400,6.0300,5.8600,5.8800,5.9400,5710871,33866666.0900,3,0.709970,1,-1.010100,16.565885,7.022111,-40.230866,1.247724,0
2018-12-07,sz.002425,5.9000,6.1200,5.9000,6.0800,5.8800,12805560,77458669.5200,3,1.591976,1,3.401357,17.129351,7.260958,-41.599263,1.290163,0
2018-12-10,sz.002425,6.0500,6.2200,6.0500,6.1300,6.0800,22978280,141210691.0000,3,2.856639,1,0.822372,17.270217,7.320670,-41.941362,1.300773,0
2018-12-11,sz.002425,6.1400,6.1800,5.9800,6.0500,6.1300,7035937,42649951.1800,3,0.874701,1,-1.305056,17.044831,7.225131,-41.394003,1.283797,0
2018-12-12,sz.002425,6.0400,6.1000,5.9300,6.0700,6.0500,6459619,38953194.6400,3,0.803054,1,0.330578,17.101177,7.249016,-41.530843,1.288041,0
2018-12-13,sz.002425,6.0800,6.0800,5.9100,5.9100,6.0700,6215753,37203622.8900,3,0.772737,1,-2.635920,16.650405,7.057938,-40.436126,1.254090,0
2018-12-14,sz.002425,5.9100,5.9700,5.5200,5.6500,5.9100,12098889,69343418.3200,3,1.504123,1,-4.399319,15.917900,6.747437,-38.657210,1.198918,0
2018-12-17,sz.002425,5.6500,5.6900,5.5100,5.6900,5.6500,3330162,18714435.5400,3,0.414003,1,0.707964,16.030593,6.795206,-38.930889,1.207406,0
2018-12-18,sz.002425,5.6600,5.7300,5.6000,5.7000,5.6900,4432495,25072771.5000,3,0.551044,1,0.175743,16.058766,6.807148,-38.999309,1.209528,0
2018-12-19,sz.002425,5.7600,5.7600,5.5100,5.5700,5.7000,3625711,20315193.1900,3,0.450745,1,-2.280695,15.692514,6.651898,-38.109851,1.181942,0
2018-12-20,sz.002425,5.5500,5.7800,5.5500,5.6900,5.5700,5349880,30516255.3000,3,0.665092,1,2.154397,16.030593,6.795206,-38.930889,1.207406,0
2018-12-21,sz.002425,5.6900,6.1200,5.6800,6.0100,5.6900,16492361,98248780.6400,3,2.050315,1,5.623905,16.932138,7.177362,-41.120324,1.275310,0
2018-12-24,sz.002425,6.0800,6.0900,5.8700,5.9600,6.0100,8223446,49044570.2400,3,1.022331,1,-0.831950,16.791271,7.117650,-40.778225,1.264700,0
2018-12-25,sz.002425,5.9300,5.9800,5.6800,5.9100,5.9600,7058641,41030298.4000,3,0.877524,1,-0.838929,16.650405,7.057938,-40.436126,1.254090,0
2018-12-26,sz.002425,5.8800,6.0400,5.8200,5.9200,5.9100,5804985,34439090.3200,3,0.721671,1,0.169209,16.678578,7.069880,-40.504545,1.256212,0
2018-12-27,sz.002425,6.0000,6.0400,5.7400,5.8300,5.9200,6976351,40951691.9000,3,0.867294,1,-1.520273,16.425019,6.962399,-39.888767,1.237114,0
2018-12-28,sz.002425,5.8200,5.9800,5.7000,5.8800,5.8300,9281439,54107135.9400,3,1.153860,1,0.857636,16.565885,7.022111,-40.230866,1.247724,0
2019-01-02,sz.002425,5.8800,5.8800,5.6700,5.7200,5.8800,5116383,29328227.0800,3,0.636064,1,-2.721094,16.115113,6.831033,-39.136149,1.213772,0
2019-01-03,sz.002425,5.7200,5.7200,5.5200,5.5700,5.7200,6505685,36499547.4400,3,0.808781,1,-2.622371,15.692514,6.651898,-38.109851,1.181942,0
2019-01-04,sz.002425,5.5200,6.1000,5.4300,5.9700,5.5700,10107583,58576676.6700,3,1.256566,1,7.181322,16.819445,7.129592,-40.846645,1.266822,0
2019-01-07,sz.002425,6.0000,6.2500,5.9700,6.1900,5.9700,12065786,73565026.3500,3,1.500008,1,3.685097,17.439257,7.392324,-42.351881,1.313505,0
2019-01-08,sz.002425,6.1900,6.2000,6.0200,6.1100,6.1900,13026825,79061823.5000,3,1.619483,1,-1.292406,17.213870,7.296785,-41.804522,1.296529,0
2019-01-09,sz.002425,6.1000,6.1000,5.9200,5.9900,6.1100,13980389,83757112.2600,3,1.738029,1,-1.963999,16.875791,7.153477,-40.983484,1.271066,0
2019-01-10,sz.002425,5.9800,6.0500,5.9000,5.9900,5.9900,7175640,42915868.2000,3,0.892069,1,0.000000,16.875791,7.153477,-40.983484,1.271066,0
2019-01-11,sz.002425,5.9800,6.0300,5.9000,5.9900,5.9900,6442229,38408870.7800,3,0.800892,1,0.000000,16.875791,7.153477,-40.983484,1.271066,0
2019-01-14,sz.002425,6.0000,6.0100,5.8000,5.8500,5.9900,7539462,44207054.4400,3,0.937299,1,-2.337227,16.481365,6.986284,-40.025606,1.241358,0
2019-01-15,sz.002425,5.8500,6.0000,5.7900,5.9700,5.8500,9314449,54914311.8100,3,1.157964,1,2.051280,16.819445,7.129592,-40.846645,1.266822,0
2019-01-16,sz.002425,5.9600,5.9800,5.7600,5.8500,5.9700,8725213,51118582.9300,3,1.084711,1,-2.010048,16.481365,6.986284,-40.025606,1.241358,0
2019-01-17,sz.002425,5.8500,5.8500,5.6900,5.6900,5.8500,5259987,30222204.4400,3,0.653917,1,-2.735040,16.030593,6.795206,-38.930889,1.207406,0
2019-01-18,sz.002425,5.7000,5.7800,5.5800,5.7500,5.6900,6656928,37976430.6000,3,0.827583,1,1.054480,16.199633,6.866860,-39.341408,1.220138,0
2019-01-21,sz.002425,5.7000,5.8700,5.7000,5.8500,5.7500,6206269,35950956.4700,3,0.771558,1,1.739129,16.481365,6.986284,-40.025606,1.241358,0
2019-01-22,sz.002425,5.8800,6.0600,5.8400,6.0200,5.8500,15177224,90667951.4900,3,1.886819,1,2.905984,16.960311,7.189304,-41.188744,1.277432,0
2019-01-23,sz.002425,6.0100,6.0900,5.9600,6.0200,6.0200,7338080,44165035.4000,3,0.912263,1,0.000000,16.960311,7.189304,-41.188744,1.277432,0
2019-01-24,sz.002425,6.0400,6.1400,5.9800,6.0200,6.0200,5987690,36235234.6900,3,0.744384,1,0.000000,16.960311,7.189304,-41.188744,1.277432,0
2019-01-25,sz.002425,6.0200,6.0800,5.9600,6.0600,6.0200,7976696,48101320.8000,3,0.991656,1,0.664451,17.073004,7.237074,-41.462423,1.285919,0
2019-01-28,sz.002425,6.0600,6.2300,6.0600,6.1800,6.0600,10377857,63793537.9000,3,1.290166,1,1.980196,17.411083,7.380382,-42.283461,1.311383,0
2019-01-29,sz.002425,6.2000,6.5900,6.2000,6.4200,6.1800,21157073,134810709.4400,3,2.630228,1,3.883499,18.087242,7.666999,-43.925537,1.362311,0
2019-01-30,sz.002425,6.4200,6.4800,6.2100,6.2500,6.4200,9291512,58292529.7600,3,1.155112,1,-2.647976,17.608296,7.463979,-42.762400,1.326237,0
2019-01-31,sz.002425,6.2600,6.2800,5.7800,5.9400,6.2500,14288131,85427671.5500,3,1.776288,1,-4.959999,16.734925,7.093765,-40.641385,1.260456,0
2019-02-01,sz.002425,5.9600,6.3900,5.9100,6.2800,5.9400,11762999,71124118.5200,3,1.462365,1,5.723908,17.288223,7.509525,-42.967660,1.332603,0
2019-02-11,sz.002425,6.2600,6.3400,6.0700,6.3000,6.2800,12009442,74619168.3200,3,1.493003,1,0.318471,17.343281,7.533440,-43.104499,1.336847,0
2019-02-12,sz.002425,6.2800,6.3600,6.1600,6.2300,6.3000,11571657,72135729.5700,3,1.438578,1,-1.111114,17.150578,7.449735,-42.625560,1.321993,0
2019-02-13,sz.002425,6.2500,6.3700,6.0500,6.1800,6.2300,16673298,103264004.6400,3,2.072809,1,-0.802571,17.012933,7.389946,-42.283461,1.311383,0
2019-02-14,sz.002425,6.1900,6.3100,6.0700,6.3100,6.1800,11605328,72056112.3200,3,1.442764,1,2.103562,17.370810,7.545398,-43.172919,1.338969,0
2019-02-15,sz.002425,6.2500,6.4400,6.1400,6.2200,6.3100,12438710,77837317.8000,3,1.546369,1,-1.426310,17.123049,7.437778,-42.557141,1.319871,0
2019-02-18,sz.002425,6.2500,6.7000,6.1200,6.6400,6.2200,24091890,154310663.7700,3,2.995082,1,6.752413,18.279268,7.940007,-45.430774,1.408994,0
2019-02-19,sz.002425,6.7800,6.7900,6.3900,6.5000,6.6400,17895557,116853610.6700,3,2.224760,1,-2.108432,17.893862,7.772597,-44.472896,1.379287,0
2019-02-20,sz.002425,6.5000,6.7100,6.4200,6.6400,6.5000,20127408,132284259.4300,3,2.502221,1,2.153844,18.279268,7.940007,-45.430774,1.408994,0
2019-02-21,sz.002425,6.6600,7.2700,6.5500,7.0500,6.6400,26812526,183863775.9100,3,3.333309,1,6.174704,19.407958,8.430278,-48.235987,1.495995,0
2019-02-22,sz.002425,7.1900,7.2000,6.8400,6.9700,7.0500,19766750,137174725.7400,3,2.457385,1,-1.134757,19.187726,8.334616,-47.688629,1.479020,0
2019-02-25,sz.002425,6.9700,7.3900,6.9100,7.2900,6.9700,27330647,194892293.1000,3,3.397721,1,4.591107,20.068654,8.717267,-49.878063,1.546923,0
2019-02-26,sz.002425,7.2300,7.3000,7.0500,7.0800,7.2900,21980004,157463412.8200,3,2.732534,1,-2.880659,19.490545,8.466152,-48.441247,1.502361,0
2019-02-27,sz.002425,7.0600,7.1100,6.7200,6.8200,7.0800,22080898,152378223.8500,3,2.745077,1,-3.672313,18.774790,8.155248,-46.662331,1.447190,0
2019-02-28,sz.002425,6.8500,6.9500,6.7400,6.8300,6.8200,9770858,66678750.0300,3,1.214704,1,0.146624,18.802319,8.167206,-46.730751,1.449312,0
2019-03-01,sz.002425,6.8300,6.8900,6.6600,6.8200,6.8300,9834316,66455996.9900,3,1.222593,1,-0.146409,18.774790,8.155248,-46.662331,1.447190,0
2019-03-04,sz.002425,6.8700,6.9500,6.7700,6.9100,6.8200,21103772,144482154.7700,3,2.623602,1,1.319643,19.022551,8.262869,-47.278110,1.466288,0
2019-03-05,sz.002425,6.8800,7.0500,6.8300,6.9900,6.9100,17885608,123438259.3400,3,2.223523,1,1.157741,19.242784,8.358531,-47.825468,1.483264,0
2019-03-06,sz.002425,7.1000,7.1100,6.9200,7.0200,6.9900,15320870,107313562.1200,3,1.904677,1,0.429188,19.325371,8.394405,-48.030728,1.489629,0
2019-03-07,sz.002425,6.9800,7.6700,6.9300,7.5400,7.0200,34393167,252527821.3300,3,4.275728,1,7.407407,20.756880,9.016213,-51.588559,1.599972,0
2019-03-08,sz.002425,7.4500,7.7600,7.1600,7.3000,7.5400,28894707,215233766.7800,3,3.592164,1,-3.183021,20.096183,8.729224,-49.946483,1.549045,0
2019-03-11,sz.002425,7.3500,8.0300,7.3500,8.0200,7.3000,37084727,287371307.2500,3,4.610340,1,9.863017,22.078272,9.590189,-54.872712,1.701827,0
2019-03-12,sz.002425,8.3800,8.7900,8.1400,8.5800,8.0200,42448374,360921613.9900,3,5.277144,1,6.982537,23.619897,10.259828,-58.704223,1.820658,0
2019-03-13,sz.002425,8.7500,9.0700,8.4400,8.6600,8.5800,34945559,307593832.8000,3,4.344400,1,0.932400,23.840130,10.355491,-59.251582,1.837634,0
2019-03-14,sz.002425,8.6800,8.8500,8.0100,8.3600,8.6600,23723531,197722898.1300,3,2.949288,1,-3.464206,23.014259,9.996756,-57.198986,1.773975,0
2019-03-15,sz.002425,8.4800,9.1800,8.4800,9.1200,8.3600,34967609,311458119.1100,3,4.347142,1,9.090912,25.106464,10.905552,-62.398894,1.935245,0
2019-03-18,sz.002425,9.5000,9.8200,8.7500,8.9000,9.1200,34970182,316630202.5700,3,4.347462,1,-2.412284,24.500826,10.642479,-60.893658,1.888562,0
2019-03-19,sz.002425,8.8000,8.9500,8.6000,8.7500,8.9000,29917269,261610005.3400,3,3.719288,1,-1.685389,24.087891,10.463111,-59.867360,1.856732,0
2019-03-20,sz.002425,8.8500,8.8800,8.4700,8.7500,8.7500,20041893,173847326.0500,3,2.491590,1,0.000000,24.087891,10.463111,-59.867360,1.856732,0
2019-03-21,sz.002425,8.7500,8.9600,8.4900,8.7600,8.7500,22002008,192631367.9000,3,2.735270,1,0.114288,24.115420,10.475069,-59.935780,1.858854,0
2019-03-22,sz.002425,8.7000,8.7300,8.5000,8.5800,8.7600,16488024,141585664.5200,3,2.049776,1,-2.054798,23.619897,10.259828,-58.704223,1.820658,0
2019-03-25,sz.002425,8.4800,8.4900,8.1800,8.2000,8.5800,23208657,191835479.5000,3,2.885279,1,-4.428905,22.573795,9.805430,-56.104269,1.740023,0
2019-03-26,sz.002425,8.2500,8.3800,7.9200,8.1000,8.2000,17864292,144928068.6400,3,2.220873,1,-1.219505,22.298505,9.685852,-55.420070,1.718803,0
2019-03-27,sz.002425,8.1000,8.1400,7.8400,7.8800,8.1000,13895336,110321308.0200,3,1.727456,1,-2.716053,21.692866,9.422779,-53.914834,1.672120,0
2019-03-28,sz.002425,7.8600,8.6200,7.8300,8.1300,7.8800,33905186,278273186.9800,3,4.215062,1,3.172589,22.381092,9.721725,-55.625330,1.725169,0
2019-03-29,sz.002425,8.1300,8.3200,7.9000,8.2600,8.1300,25274978,204930239.4200,3,3.142162,1,1.599017,22.738969,9.877177,-56.514788,1.752755,0
2019-04-01,sz.002425,8.3200,8.4600,8.1800,8.3700,8.2600,45219842,376522259.4200,3,5.621690,1,1.331715,23.041788,10.008713,-57.267406,1.776097,0
2019-04-02,sz.002425,8.3900,8.4200,8.0300,8.0600,8.3700,37345335,305757744.5200,3,4.642738,1,-3.703697,22.188389,9.638020,-55.146391,1.710315,0
2019-04-03,sz.002425,8.0000,8.0400,7.8200,8.0000,8.0600,36443846,288321250.9300,3,4.530666,1,-0.744422,22.023214,9.566273,-54.735872,1.697583,0
2019-04-04,sz.002425,8.0000,8.0100,7.8500,7.8700,8.0000,20844816,164586190.1200,3,2.591409,1,-1.625001,21.665337,9.410821,-53.846414,1.669998,0
2019-04-08,sz.002425,7.8800,7.9300,7.3300,7.5000,7.8700,43053038,326049020.5200,3,5.352315,1,-4.701396,20.646763,8.968381,-51.314880,1.591484,0
2019-04-09,sz.002425,7.4900,7.6600,7.3700,7.5200,7.5000,29996526,225302074.6100,3,3.729141,1,0.266666,20.701822,8.992297,-51.451720,1.595728,0
2019-04-10,sz.002425,7.4700,7.5800,7.4000,7.5500,7.5200,20261150,152116847.1700,3,2.518848,1,0.398939,20.784409,9.028170,-51.656979,1.602094,0
2019-04-11,sz.002425,7.5500,7.5600,7.3800,7.4100,7.5500,12778427,95217836.5400,3,1.588603,1,-1.854309,20.399002,8.860761,-50.699102,1.572387,0
2019-04-12,sz.002425,7.3500,7.4500,7.2700,7.2900,7.4100,20781842,152364146.8600,3,2.583580,1,-1.619432,20.068654,8.717267,-49.878063,1.546923,0
2019-04-15,sz.002425,7.3300,7.4700,7.1800,7.2000,7.2900,21727622,159150850.3100,3,2.701158,1,-1.234570,19.820893,8.609646,-49.262285,1.527825,0
2019-04-16,sz.002425,7.1600,7.2500,6.8800,7.2500,7.2000,41054322,288218696.2000,3,5.103836,1,0.694447,19.958538,8.669435,-49.604384,1.538435,0
2019-04-17,sz.002425,7.2400,7.2800,7.1400,7.2300,7.2500,24003387,173110965.4700,3,2.984079,1,-0.275862,19.903480,8.645520,-49.467544,1.534191,0
2019-04-18,sz.002425,7.2400,7.3600,7.2100,7.2200,7.2300,17482510,127187678.8400,3,2.173410,1,-0.138316,19.875951,8.633562,-49.399125,1.532069,0
2019-04-19,sz.002425,7.2300,7.2700,6.9700,7.1900,7.2200,19242094,137053368.9700,3,2.392160,1,-0.415509,19.793364,8.597688,-49.193865,1.525703,0
2019-04-22,sz.002425,7.2800,7.4300,7.2400,7.3300,7.1900,29489935,216586884.6400,3,3.666162,1,1.947147,20.178770,8.765098,-50.151743,1.555411,0
2019-04-23,sz.002425,7.3300,7.3400,7.0800,7.1100,7.3300,16303240,116924338.0000,3,2.026804,1,-3.001361,19.573132,8.502025,-48.646506,1.508727,0
2019-04-24,sz.002425,7.0800,7.1600,6.9700,7.1100,7.1100,13391857,94862186.5100,3,1.664864,1,0.000000,19.573132,8.502025,-48.646506,1.508727,0
2019-04-25,sz.002425,7.1000,7.1000,6.7700,6.7700,7.1100,19681940,136373319.6000,3,2.446841,1,-4.781999,18.637145,8.095459,-46.320232,1.436580,0
2019-04-26,sz.002425,6.7600,6.9400,6.6700,6.8600,6.7700,15681980,106540490.2000,3,1.949570,1,1.329397,18.884906,8.203079,-46.936010,1.455678,0
2019-04-29,sz.002425,7.1700,7.2400,6.9000,6.9000,6.8600,26200003,183706603.1500,3,3.257161,1,0.583090,16.665844,6.537711,-50.262997,1.392336,0
2019-04-30,sz.002425,6.9200,7.1000,6.9000,7.0000,6.9000,17361657,121650368.3500,3,2.158386,1,1.449274,16.907378,6.632460,-50.991446,1.412515,0
2019-05-06,sz.002425,6.8000,7.0300,6.4800,6.5600,7.0000,23765699,161193155.0800,3,2.954530,1,-6.285715,15.844629,6.215563,-47.786270,1.323728,0
2019-05-07,sz.002425,6.6500,6.7200,6.5000,6.6100,6.5600,13516520,89353925.8000,3,1.680362,1,0.762198,15.965396,6.262938,-48.150494,1.333817,0
2019-05-08,sz.002425,6.4700,6.6500,6.3100,6.5700,6.6100,17693935,115008054.4500,3,2.199694,1,-0.605143,15.868782,6.225038,-47.859115,1.325746,0
2019-05-09,sz.002425,6.4900,6.5700,6.3100,6.3100,6.5700,16228229,104158236.1700,3,2.017479,1,-3.957386,15.240794,5.978689,-45.965147,1.273281,0
2019-05-10,sz.002425,6.3700,6.5400,6.2300,6.4600,6.3100,22067716,141760075.0000,3,2.743439,1,2.377181,15.603095,6.120813,-47.057821,1.303549,0
2019-05-13,sz.002425,6.3900,6.6600,6.3300,6.5800,6.4600,21684155,142051045.0500,3,2.665229,1,1.857583,15.892936,6.234513,-47.931960,1.327764,0
2019-05-14,sz.002425,6.5000,6.6300,6.4400,6.5200,6.5800,11952484,78390724.7600,3,1.469096,1,-0.911853,15.748015,6.177663,-47.494890,1.315657,0
2019-05-15,sz.002425,6.5700,6.6100,6.5000,6.5800,6.5200,15327936,100511474.8000,3,1.883977,1,0.920245,15.892936,6.234513,-47.931960,1.327764,0
2019-05-16,sz.002425,6.5200,6.5300,6.3100,6.3900,6.5800,19684585,125818467.6700,3,2.419459,1,-2.887539,15.434021,6.054489,-46.547906,1.289424,0
2019-05-17,sz.002425,6.3900,6.4200,6.0500,6.0900,6.3900,18446911,114830790.4500,3,2.267335,1,-4.694831,14.709419,5.770241,-44.362558,1.228888,0
2019-05-20,sz.002425,6.1400,6.2000,5.9000,6.1600,6.0900,13052268,79144416.7800,3,1.604272,1,1.149420,14.878493,5.836565,-44.872473,1.243013,0
2019-05-21,sz.002425,6.1500,6.2600,6.1100,6.1900,6.1600,11827121,73362556.7500,3,1.453688,1,0.487016,14.950953,5.864990,-45.091008,1.249067,0
2019-05-22,sz.002425,6.1700,6.2500,6.1000,6.1600,6.1900,9074642,56169454.2100,3,1.115377,1,-0.484656,14.878493,5.836565,-44.872473,1.243013,0
2019-05-23,sz.002425,6.1500,6.1500,5.8700,5.9000,6.1600,13230259,79108000.4200,3,1.626149,1,-4.220775,14.250505,5.590217,-42.978505,1.190548,0
2019-05-24,sz.002425,5.8900,6.0100,5.8900,5.9200,5.9000,7571928,44941478.0000,3,0.930676,1,0.338983,14.298812,5.609166,-43.124195,1.194584,0
2019-05-27,sz.002425,5.9500,6.0700,5.8900,6.0500,5.9200,8347577,49990291.9300,3,1.026012,1,2.195948,14.612806,5.732341,-44.071179,1.220816,0
2019-05-28,sz.002425,6.0500,6.1500,6.0300,6.0500,6.0500,9659312,58862771.9600,3,1.187239,1,0.000000,14.612806,5.732341,-44.071179,1.220816,0
2019-05-29,sz.002425,5.9800,5.9800,5.6800,5.7600,6.0500,29712461,171181849.8100,3,3.651999,1,-4.793387,13.912357,5.457567,-41.958676,1.162298,0
2019-05-30,sz.002425,5.7000,5.7600,5.6400,5.7200,5.7600,12625548,71853102.5400,3,1.551823,1,-0.694452,13.815744,5.419668,-41.667296,1.154226,0
2019-05-31,sz.002425,5.7000,5.7900,5.6300,5.6300,5.7200,11070173,63196293.7100,3,1.360650,1,-1.573421,13.598363,5.334393,-41.011692,1.136065,0
2019-06-03,sz.002425,5.6400,5.7000,5.5800,5.6400,5.6300,12993918,73432025.1100,3,1.597100,1,0.177616,13.622516,5.343868,-41.084537,1.138083,0
2019-06-04,sz.002425,5.6300,5.6300,5.4600,5.5300,5.6400,14209057,78326444.8100,3,1.746455,1,-1.950348,13.356829,5.239644,-40.283243,1.115887,0
2019-06-05,sz.002425,5.5800,5.5800,5.5100,5.5300,5.5300,10268010,56992040.8000,3,1.262055,1,0.000000,13.356829,5.239644,-40.283243,1.115887,0
2019-06-06,sz.002425,5.5500,5.5500,5.3400,5.3700,5.5300,9458518,51200149.3800,3,1.162559,1,-2.893315,12.970375,5.088045,-39.117724,1.083601,0
2019-06-10,sz.002425,5.3700,5.4700,5.3500,5.4700,5.3700,9267668,50282551.8500,3,1.139102,1,1.862196,13.211909,5.182794,-39.846173,1.103779,0
2019-06-11,sz.002425,5.4600,5.7000,5.4100,5.6900,5.4700,14788263,82803354.0800,3,1.817646,1,4.021943,13.743283,5.391243,-41.448762,1.148173,0
2019-06-12,sz.002425,5.6600,6.2600,5.6500,6.1200,5.6900,38339006,229012706.2700,3,4.712299,1,7.557115,14.781879,5.798665,-44.581093,1.234941,0
2019-06-13,sz.002425,6.0700,6.4600,5.9900,6.1500,6.1200,41133832,256760092.8200,3,5.055815,1,0.490200,14.854340,5.827090,-44.799628,1.240995,0
2019-06-14,sz.002425,6.1400,6.1400,5.9300,5.9300,6.1500,20495465,122927502.9800,3,2.519126,1,-3.577240,14.322965,5.618641,-43.197040,1.196602,0
2019-06-17,sz.002425,5.9500,6.1200,5.9500,6.0800,5.9300,15883696,95694978.1700,3,1.952287,1,2.529513,14.685266,5.760766,-44.289714,1.226870,0
2019-06-18,sz.002425,6.0500,6.4200,5.9600,6.2100,6.0800,21223037,130925974.6100,3,2.608552,1,2.138160,14.999260,5.883940,-45.236698,1.253102,0
2019-06-19,sz.002425,6.3200,6.3700,6.2100,6.2300,6.2100,20452841,128268149.7500,3,2.513887,1,0.322061,15.047567,5.902890,-45.382387,1.257138,0
2019-06-20,sz.002425,6.2400,6.3700,6.2000,6.3500,6.2300,25939954,162973939.0200,3,3.188315,1,1.926162,15.337408,6.016589,-46.256526,1.281353,0
2019-06-21,sz.002425,6.3200,6.5500,6.3000,6.4900,6.3500,30032760,193080719.6300,3,3.691367,1,2.204722,15.675555,6.149238,-47.276355,1.309603,0
2019-06-24,sz.002425,6.4500,7.0600,6.4000,6.8200,6.4900,58196981,396508221.9000,3,7.153070,1,5.084752,16.472617,6.461911,-49.680238,1.376193,0
2019-06-25,sz.002425,6.7600,6.7700,6.5200,6.5900,6.8200,22737005,150106588.4500,3,2.794636,1,-3.372434,15.917089,6.243988,-48.004805,1.329782,0
2019-06-26,sz.002425,6.5400,6.8600,6.4100,6.7800,6.5900,27399958,181994404.7700,3,3.367766,1,2.883157,16.376004,6.424012,-49.388858,1.368121,0
2019-06-27,sz.002425,6.7200,6.9100,6.6000,6.6600,6.7800,20090333,135832563.4400,3,2.469330,1,-1.769917,16.086163,6.310312,-48.514719,1.343907,0
2019-06-28,sz.002425,6.6500,6.6500,6.4600,6.4700,6.6600,16004514,104474386.9700,3,1.967137,1,-2.852854,15.627248,6.130288,-47.130666,1.305567,0
2019-07-01,sz.002425,6.6500,6.6900,6.5000,6.5600,6.4700,24077716,158964144.5300,3,2.959425,1,1.391038,15.844629,6.215563,-47.786270,1.323728,0
2019-07-02,sz.002425,6.6000,6.6300,6.5000,6.5000,6.5600,12651639,82936165.8900,3,1.555030,1,-0.914633,15.699709,6.158713,-47.349200,1.311621,0
2019-07-03,sz.002425,6.4800,6.6700,6.3300,6.4300,6.5000,17561770,113632154.4900,3,2.158541,1,-1.076926,15.530635,6.092389,-46.839286,1.297496,0
2019-07-04,sz.002425,6.4000,6.5000,6.3700,6.4000,6.4300,8381619,53929587.5800,3,1.030196,1,-0.466559,15.458175,6.063964,-46.620751,1.291442,0
2019-07-05,sz.002425,6.3800,6.4500,6.3600,6.4100,6.4000,8302683,53171863.9400,3,1.020494,1,0.156246,15.482328,6.073439,-46.693596,1.293460,0
2019-07-08,sz.002425,6.3900,6.3900,5.9400,6.0200,6.4100,15782000,96787322.2000,3,1.939787,1,-6.084241,14.540345,5.703916,-43.852644,1.214763,0
2019-07-09,sz.002425,6.0400,6.1600,6.0200,6.1300,6.0200,12589017,76911484.2700,3,1.547333,1,1.827245,14.806033,5.808140,-44.653938,1.236959,0
2019-07-10,sz.002425,6.2100,6.2500,6.0300,6.0400,6.1300,9228274,56439487.4700,3,1.134260,1,-1.468192,14.588652,5.722866,-43.998334,1.218798,0
2019-07-11,sz.002425,6.1300,6.1300,5.9500,5.9600,6.0400,7019548,42324611.0100,3,0.862782,1,-1.324502,14.395425,5.647066,-43.415574,1.202655,0
2019-07-12,sz.002425,5.9700,6.0700,5.9100,6.0400,5.9600,6918277,41593226.6300,3,0.850335,1,1.342281,14.588652,5.722866,-43.998334,1.218798,0
2019-07-15,sz.002425,6.0400,6.1100,5.8900,6.0800,6.0400,8746657,52697353.0100,3,1.075064,1,0.662251,14.685266,5.760766,-44.289714,1.226870,0
2019-07-16,sz.002425,6.0800,6.0900,6.0200,6.0600,6.0800,5693150,34428400.5500,3,0.699753,1,-0.328947,14.636959,5.741816,-44.144024,1.222834,0
2019-07-17,sz.002425,6.0100,6.0800,5.9600,6.0200,6.0000,7968823,48020315.8900,3,0.979459,1,0.333333,14.540345,5.703916,-43.852644,1.214763,0
2019-07-18,sz.002425,5.9100,5.9600,5.8800,5.8800,6.0200,8195888,48382022.1400,3,1.007368,1,-2.325579,14.202198,5.571267,-42.832815,1.186512,0
2019-07-19,sz.002425,5.8700,5.9400,5.7500,5.7900,5.8800,11165400,65297490.7300,3,1.372355,1,-1.530615,13.984817,5.485992,-42.177211,1.168351,0
2019-07-22,sz.002425,5.7000,5.7800,5.5300,5.5300,5.7900,12191732,68280901.5200,3,1.498502,1,-4.490497,13.356829,5.239644,-40.283243,1.115887,0
2019-07-23,sz.002425,5.5600,5.6700,5.4700,5.6500,5.5300,10759780,59869240.6000,3,1.322499,1,2.169980,13.646670,5.353343,-41.157382,1.140101,0
2019-07-24,sz.002425,5.6800,5.8600,5.6500,5.8500,5.6500,15591906,90475465.2400,3,1.916422,1,3.539820,14.129738,5.542842,-42.614280,1.180459,0
2019-07-25,sz.002425,5.8500,5.9100,5.8100,5.8400,5.8500,7442249,43576356.1100,3,0.914737,1,-0.170936,14.105584,5.533367,-42.541435,1.178441,0
2019-07-26,sz.002425,5.8500,6.2400,5.8500,6.1200,5.8400,21985710,133125527.9100,3,2.702300,1,4.794500,14.781879,5.798665,-44.581093,1.234941,0
2019-07-29,sz.002425,6.0200,6.1800,5.9700,6.0900,6.1200,16616173,100750638.8600,3,2.042316,1,-0.490192,14.709419,5.770241,-44.362558,1.228888,0
2019-07-30,sz.002425,6.0900,6.2000,6.0000,6.0700,6.0900,15320083,93839254.4400,3,1.883000,1,-0.328400,14.661112,5.751291,-44.216869,1.224852,0
2019-07-31,sz.002425,6.0100,6.2000,5.9800,6.1300,6.0700,14669948,89800402.5200,3,1.803100,1,0.988500,14.806033,5.808140,-44.653938,1.236959,0
2019-08-01,sz.002425,6.1000,6.2800,6.0400,6.2000,6.1300,13927905,85841494.5600,3,1.711900,1,1.141900,14.975107,5.874465,-45.163853,1.251084,0
2019-08-02,sz.002425,6.0000,6.0800,5.9500,6.0000,6.2000,13210732,79343388.1800,3,1.623700,1,-3.225800,14.492039,5.684966,-43.706954,1.210727,0
2019-08-05,sz.002425,6.0200,6.1200,5.9700,5.9800,6.0000,9576020,57808282.4000,3,1.177000,1,-0.333300,14.443732,5.666016,-43.561264,1.206691,0
2019-08-06,sz.002425,5.9000,5.9000,5.6500,5.7800,5.9800,10341840,59513460.0000,3,1.271100,1,-3.344500,13.960664,5.476517,-42.104366,1.166334,0
2019-08-07,sz.002425,5.8600,5.9000,5.7600,5.7600,5.7800,9236242,53901478.7000,3,1.135200,1,-0.346000,13.912357,5.457567,-41.958676,1.162298,0
2019-08-08,sz.002425,5.8300,5.9500,5.8000,5.8600,5.7600,6116427,35811157.8800,3,0.751800,1,1.736100,14.153891,5.552317,-42.687125,1.182477,0
2019-08-09,sz.002425,5.9100,5.9400,5.6300,5.6800,5.8600,10603580,60994116.8000,3,1.303300,1,-3.071700,13.719130,5.381768,-41.375917,1.146155,0
2019-08-12,sz.002425,5.6800,5.8100,5.6500,5.8100,5.6800,6837551,39151632.4200,3,0.840400,1,2.288700,14.033124,5.504942,-42.322901,1.172387,0
2019-08-13,sz.002425,5.7400,5.7800,5.6500,5.7000,5.8100,7124100,40527436.0000,3,0.875600,1,-1.893300,13.767437,5.400718,-41.521606,1.150191,0
2019-08-14,sz.002425,5.7800,5.8100,5.6100,5.6600,5.7000,8634002,49434831.5000,3,1.061200,1,-0.701800,13.670823,5.362818,-41.230227,1.142119,0
2019-08-15,sz.002425,5.5100,5.6800,5.4600,5.6600,5.6600,7544346,42032820.6400,3,0.927300,1,0.000000,13.670823,5.362818,-41.230227,1.142119,0
2019-08-16,sz.002425,5.7200,5.7800,5.6600,5.7300,5.6600,7318282,42007210.0200,3,0.899500,1,1.236800,13.839897,5.429143,-41.740141,1.156244,0
2019-08-19,sz.002425,5.8300,5.9900,5.7800,5.9500,5.7300,10563106,62253923.9000,3,1.298300,1,3.839400,14.371272,5.637591,-43.342730,1.200637,0
2019-08-20,sz.002425,5.9700,6.0400,5.9300,5.9600,5.9500,8563140,51146743.6000,3,1.052500,1,0.168100,14.395425,5.647066,-43.415574,1.202655,0
2019-08-21,sz.002425,5.9300,5.9800,5.9000,5.9400,5.9600,8205935,48824759.1600,3,1.008600,1,-0.335600,14.347118,5.628116,-43.269885,1.198620,0
2019-08-22,sz.002425,5.9400,6.1100,5.9200,6.0600,5.9400,13239865,79908192.9300,3,1.627300,1,2.020200,14.636959,5.741816,-44.144024,1.222834,0
2019-08-23,sz.002425,6.0700,6.1000,5.9500,5.9700,6.0600,9660980,58135504.2000,3,1.187400,1,-1.485200,14.419578,5.656541,-43.488419,1.204673,0
2019-08-26,sz.002425,5.8500,6.0900,5.7700,6.0500,5.9700,10866280,64741280.6000,3,1.335600,1,1.340000,14.612806,5.732341,-44.071179,1.220816,0
2019-08-27,sz.002425,6.1000,6.1900,6.0200,6.1300,6.0500,15496957,94570852.5600,3,1.904800,1,1.322300,14.806033,5.808140,-44.653938,1.236959,0
2019-08-28,sz.002425,5.9900,6.0600,5.9700,6.0400,6.1300,17715484,106591465.6700,3,2.177400,1,-1.468200,14.398236,5.591550,-48.360446,1.213873,0
2019-08-29,sz.002425,6.0600,6.1500,6.0100,6.0800,6.0400,13847862,84453016.8000,3,1.702100,1,0.662300,14.493588,5.628580,-48.680714,1.221912,0
2019-08-30,sz.002425,6.1300,6.2600,6.0600,6.1700,6.0800,22229158,136929329.0400,3,2.732200,1,1.480300,14.708131,5.711898,-49.401317,1.240000,0
2019-09-02,sz.002425,6.1900,6.2200,6.0700,6.2000,6.1700,24439224,150184981.4800,3,3.003900,1,0.486200,14.779646,5.739671,-49.641518,1.246029,0
2019-09-03,sz.002425,6.2000,6.4300,6.1600,6.3800,6.2000,28879072,181838010.6800,3,3.549600,1,2.903200,15.208732,5.906306,-51.082723,1.282204,0
2019-09-04,sz.002425,6.5900,7.0000,6.3700,6.4100,6.3800,62039781,409354155.0600,3,7.625400,1,0.470200,15.280247,5.934079,-51.322924,1.288233,0
2019-09-05,sz.002425,6.4000,6.5600,6.3400,6.3900,6.4100,35005643,225352440.6700,3,4.302600,1,-0.312000,15.232570,5.915564,-51.162790,1.284213,0
2019-09-06,sz.002425,6.3800,6.4200,6.2500,6.3000,6.3900,24160581,152528859.3800,3,2.969600,1,-1.408400,15.018027,5.832246,-50.442187,1.266126,0
2019-09-09,sz.002425,6.3500,6.4000,6.2500,6.3800,6.3000,23069280,145939140.8000,3,2.835500,1,1.269800,15.208732,5.906306,-51.082723,1.282204,0
2019-09-10,sz.002425,6.3900,6.4900,6.3200,6.4200,6.3800,20106884,128522556.6800,3,2.471400,1,0.627000,15.304085,5.943336,-51.402991,1.290243,0
2019-09-11,sz.002425,6.4500,6.4700,6.2500,6.2700,6.4200,15692663,99403346.6400,3,1.928800,1,-2.336400,14.946513,5.804473,-50.201986,1.260097,0
2019-09-12,sz.002425,6.2800,6.3300,6.1700,6.2700,6.2700,16266268,101619432.7200,3,1.999300,1,0.000000,14.946513,5.804473,-50.201986,1.260097,0
2019-09-16,sz.002425,6.3200,6.4100,6.2700,6.3100,6.2700,17814374,113111696.5500,3,2.189600,1,0.638000,15.041865,5.841504,-50.522254,1.268136,0
2019-09-17,sz.002425,6.3300,6.3300,6.0800,6.1300,6.3100,15901408,98191486.0300,3,1.954500,1,-2.852600,14.612779,5.674868,-49.081049,1.231961,0
2019-09-18,sz.002425,6.0600,6.2700,6.0600,6.1000,6.1300,16387627,100958330.4100,3,2.014200,1,-0.489400,14.541264,5.647095,-48.840848,1.225931,0
2019-09-19,sz.002425,6.1300,6.1500,6.0000,6.1100,6.1000,17225094,104552142.3300,3,2.117200,1,0.163900,14.565102,5.656353,-48.920915,1.227941,0
2019-09-20,sz.002425,6.0800,6.0800,5.9600,6.0100,6.1100,17698588,106191116.5200,3,2.175400,1,-1.636700,14.326721,5.563778,-48.120245,1.207844,0
2019-09-23,sz.002425,6.0100,6.0100,5.7900,5.8300,6.0100,13387031,78273211.1800,3,1.645400,1,-2.995000,13.897635,5.397142,-46.679040,1.171669,0
2019-09-24,sz.002425,5.8500,5.9400,5.8300,5.8800,5.8300,9028055,53165530.7300,3,1.109700,1,0.857600,14.016825,5.443430,-47.079375,1.181718,0
2019-09-25,sz.002425,5.8400,5.8600,5.7200,5.7300,5.8800,9463500,54481459.0000,3,1.163200,1,-2.551000,13.659253,5.304567,-45.878370,1.151572,0
2019-09-26,sz.002425,5.7300,5.7800,5.6600,5.6600,5.7300,10604339,60550836.8200,3,1.303400,1,-1.221600,13.492386,5.239764,-45.317902,1.137504,0
2019-09-27,sz.002425,5.6800,5.7500,5.6500,5.7500,5.6600,7495390,42791530.1800,3,0.921300,1,1.590100,13.706929,5.323082,-46.038504,1.155591,0
2019-09-30,sz.002425,5.7600,5.9000,5.7300,5.8200,5.7500,11879136,69359548.4000,3,1.460100,1,1.217400,13.873796,5.387884,-46.598973,1.169659,0
2019-10-08,sz.002425,5.7900,5.9000,5.7700,5.8400,5.8200,7996920,46799896.4800,3,0.982900,1,0.343600,13.921473,5.406400,-46.759107,1.173679,0
2019-10-09,sz.002425,5.8100,5.8700,5.7700,5.8700,5.8400,6346386,36960585.9300,3,0.780000,1,0.513700,13.992987,5.434172,-46.999308,1.179708,0
2019-10-10,sz.002425,5.9000,5.9500,5.8300,5.9200,5.8700,8699541,51311737.8100,3,1.069300,1,0.851800,14.112178,5.480460,-47.399643,1.189756,0
2019-10-11,sz.002425,5.9300,6.1000,5.8900,6.0200,5.9200,12644464,75753001.8400,3,1.554100,1,1.689200,14.350559,5.573035,-48.200312,1.209854,0
2019-10-14,sz.002425,6.0500,6.0900,6.0000,6.0600,6.0200,11671234,70634448.8500,3,1.434500,1,0.664500,14.445912,5.610065,-48.520580,1.217893,0
2019-10-15,sz.002425,6.0400,6.0500,5.9000,5.9300,6.0600,9806571,58350882.5400,3,1.205300,1,-2.145200,14.136016,5.489717,-47.479710,1.191766,0
2019-10-16,sz.002425,5.9600,6.1800,5.9300,6.1500,5.9300,22213766,135497700.5000,3,2.730300,1,3.710000,14.660455,5.693383,-49.241183,1.235980,0
2019-10-17,sz.002425,6.1300,6.2700,6.0900,6.1000,6.1500,21288884,131422010.7500,3,2.616600,1,-0.813000,14.541264,5.647095,-48.840848,1.225931,0
2019-10-18,sz.002425,6.1200,6.1300,5.9900,6.0400,6.1000,11843290,71581253.6400,3,1.455700,1,-0.983600,14.398236,5.591550,-48.360446,1.213873,0
2019-10-21,sz.002425,6.0400,6.0400,5.8900,6.0100,6.0400,9279779,55478152.6600,3,1.140600,1,-0.496700,14.326721,5.563778,-48.120245,1.207844,0
2019-10-22,sz.002425,6.0100,6.0500,5.9500,6.0300,6.0100,7207296,43332400.7200,3,0.885900,1,0.332800,14.374397,5.582293,-48.280379,1.211863,0
2019-10-23,sz.002425,6.0300,6.0900,5.9700,6.0000,6.0300,6882560,41488900.8000,3,0.845900,1,-0.497500,14.302883,5.554520,-48.040178,1.205834,0
2019-10-24,sz.002425,5.9800,6.0200,5.9700,6.0000,6.0000,4505021,26970905.5000,3,0.553700,1,0.000000,14.302883,5.554520,-48.040178,1.205834,0
2019-10-25,sz.002425,5.9000,5.9000,5.7200,5.8800,6.0000,19794839,114606517.0200,3,2.433000,1,-2.000000,16.200151,5.249044,-202.077204,1.174457,0
2019-10-28,sz.002425,5.8400,6.2500,5.8300,6.1600,5.8800,27791024,169838600.5300,3,3.415800,1,4.761900,16.971587,5.498998,-211.699928,1.230384,0
2019-10-29,sz.002425,6.2500,6.3000,6.1400,6.1900,6.1600,23108030,143525803.0800,3,2.840200,1,0.487000,17.054241,5.525779,-212.730934,1.236376,0
2019-10-30,sz.002425,6.1500,6.2300,6.0700,6.1200,6.1900,15169440,92878455.8000,3,1.864500,1,-1.130900,16.861382,5.463290,-210.325253,1.222394,0
2019-10-31,sz.002425,6.1700,6.1700,6.0100,6.0700,6.1200,10824880,65719332.6000,3,1.330500,1,-0.817000,16.723626,5.418656,-208.606910,1.212408,0
2019-11-01,sz.002425,6.1000,6.1200,6.0100,6.0500,6.0700,11403873,68951245.7200,3,1.401700,1,-0.329500,16.668523,5.400802,-207.919572,1.208413,0
2019-11-04,sz.002425,6.0400,6.1200,6.0100,6.0300,6.0500,9422360,57044535.1600,3,1.158100,1,-0.330600,16.613421,5.382948,-207.232235,1.204418,0
2019-11-05,sz.002425,6.0800,6.1800,5.9600,6.1100,6.0300,12893987,78204429.3700,3,1.584800,1,1.326700,16.833831,5.454364,-209.981585,1.220397,0
2019-11-06,sz.002425,6.0900,6.1000,5.9700,6.0100,6.1100,8482400,51047625.6000,3,1.042600,1,-1.636700,16.558318,5.365094,-206.544897,1.200423,0
2019-11-07,sz.002425,6.0000,6.0800,5.9100,6.0000,6.0100,10234462,61110095.0800,3,1.257900,1,-0.166400,16.530767,5.356167,-206.201229,1.198426,0
2019-11-08,sz.002425,6.0100,6.0200,5.9200,5.9600,6.0000,8755782,52176977.0800,3,1.076200,1,-0.666700,16.420562,5.320459,-204.826554,1.190436,0
2019-11-11,sz.002425,5.9200,6.0200,5.8000,5.8800,5.9600,7630526,45190340.6900,3,0.937900,1,-1.342300,16.200151,5.249044,-202.077204,1.174457,0
2019-11-12,sz.002425,5.8800,5.9300,5.8100,5.9000,5.8800,5019454,29432627.5000,3,0.616900,1,0.340100,16.255254,5.266898,-202.764542,1.178452,0
2019-11-13,sz.002425,5.9200,5.9300,5.8300,5.8900,5.9000,3937481,23084960.9200,3,0.484000,1,-0.169500,16.227703,5.257971,-202.420873,1.176455,0
2019-11-14,sz.002425,5.8800,5.9800,5.8000,5.8600,5.8900,8507154,49825493.8800,3,1.045600,1,-0.509300,16.145049,5.231190,-201.389867,1.170463,0
2019-11-15,sz.002425,5.8500,5.8700,5.7000,5.7400,5.8600,6958060,40290610.4900,3,0.855200,1,-2.047800,15.814434,5.124067,-197.265842,1.146494,0
2019-11-18,sz.002425,5.7100,5.9400,5.6700,5.8800,5.7400,9948481,57606890.0400,3,1.222800,1,2.439000,16.200151,5.249044,-202.077204,1.174457,0
2019-11-19,sz.002425,5.8600,6.4700,5.8100,6.3000,5.8800,98122000,617848893.5800,3,12.060300,1,7.142900,17.357305,5.623975,-216.511290,1.258347,0
2019-11-20,sz.002425,6.2000,6.2700,6.0500,6.0800,6.3000,52620145,324394225.9800,3,6.467600,1,-3.492100,16.751177,5.427583,-208.950578,1.214405,0
2019-11-21,sz.002425,6.0500,6.1700,5.8200,5.9900,6.0800,36882748,220971753.6700,3,4.533300,1,-1.480300,16.503215,5.347240,-205.857560,1.196429,0
2019-11-22,sz.002425,5.9500,6.0200,5.7300,5.7600,5.9900,25731850,150433249.0800,3,3.162700,1,-3.839700,15.869536,5.141920,-197.953180,1.150489,0
2019-11-25,sz.002425,5.7800,5.8100,5.6600,5.7500,5.7600,20262480,116031421.4000,3,2.490500,1,-0.173600,15.841985,5.132993,-197.609511,1.148491,0
2019-11-26,sz.002425,5.7400,5.7800,5.6500,5.6800,5.7500,13137225,74904301.4000,3,1.614700,1,-1.217400,15.649126,5.070505,-195.203830,1.134510,0
2019-11-27,sz.002425,5.6800,5.7000,5.4600,5.5300,5.6800,21447307,118783693.8900,3,2.636100,1,-2.640800,15.235857,4.936601,-190.048799,1.104549,0
2019-11-28,sz.002425,5.5000,5.5100,5.3800,5.3900,5.5300,16256661,88234972.7100,3,1.998100,1,-2.531700,14.850139,4.811623,-185.237437,1.076586,0
2019-11-29,sz.002425,5.4000,5.4800,5.3900,5.4600,5.3900,8680569,47236824.2800,3,1.066900,1,1.298700,15.042998,4.874112,-187.643118,1.090568,0
2019-12-02,sz.002425,5.4900,5.5800,5.4600,5.5100,5.4600,7950916,43942917.1600,3,0.977300,1,0.915800,15.180754,4.918747,-189.361462,1.100554,0
2019-12-03,sz.002425,5.4900,5.5200,5.4200,5.5200,5.5100,4955060,27145676.4000,3,0.609000,1,0.181500,15.208305,4.927674,-189.705130,1.102552,0
2019-12-04,sz.002425,5.5100,5.5400,5.4600,5.5000,5.5200,4449280,24490624.2000,3,0.546900,1,-0.362300,15.153203,4.909820,-189.017793,1.098557,0
2019-12-05,sz.002425,5.4500,5.5400,5.4500,5.5000,5.5000,7707969,42391095.2300,3,0.947400,1,0.000000,15.153203,4.909820,-189.017793,1.098557,0
2019-12-06,sz.002425,5.5000,5.6100,5.4600,5.5800,5.5000,18376825,101830454.3000,3,2.258700,1,1.454500,15.373613,4.981235,-191.767143,1.114536,0
2019-12-09,sz.002425,5.5700,5.7400,5.5300,5.5700,5.5800,21634037,121251083.9000,3,2.659100,1,-0.179200,15.346062,4.972308,-191.423474,1.112539,0
2019-12-10,sz.002425,5.5500,5.5700,5.4700,5.5500,5.5700,14796913,81667210.1200,3,1.818700,1,-0.359100,15.290959,4.954455,-190.736137,1.108544,0
2019-12-11,sz.002425,5.5400,5.6800,5.5200,5.5900,5.5500,22511537,126345372.4800,3,2.766900,1,0.720700,15.401164,4.990162,-192.110811,1.116533,0
2019-12-12,sz.002425,5.5700,5.6000,5.5100,5.5100,5.5900,12866761,71309580.5300,3,1.581500,1,-1.431100,15.180754,4.918747,-189.361462,1.100554,0
2019-12-13,sz.002425,5.5800,5.6000,5.4800,5.5100,5.5100,13971497,77096054.1800,3,1.717300,1,0.000000,15.180754,4.918747,-189.361462,1.100554,0
2019-12-16,sz.002425,5.5300,5.5800,5.4800,5.5800,5.5100,19580434,108478184.3100,3,2.406700,1,1.270400,15.373613,4.981235,-191.767143,1.114536,0
2019-12-17,sz.002425,5.5800,5.7000,5.5700,5.6600,5.5800,29202554,164641406.0100,3,3.589300,1,1.433700,15.594023,5.052651,-194.516492,1.130515,0
2019-12-18,sz.002425,5.7000,6.2200,5.6800,5.9400,5.6600,91431680,546206441.0800,3,11.238000,1,4.947000,16.365459,5.302605,-204.139216,1.186442,0
2019-12-19,sz.002425,6.0500,6.2500,5.9200,6.0500,5.9400,67276805,409397383.0800,3,8.269100,1,1.851900,16.668523,5.400802,-207.919572,1.208413,0
2019-12-20,sz.002425,6.0500,6.1800,5.8300,5.8400,6.0500,59823315,359563855.1000,3,7.353000,1,-3.471100,16.089946,5.213336,-200.702529,1.166468,0
2019-12-23,sz.002425,5.8500,5.8900,5.5700,5.5900,5.8400,37447716,213286825.3500,3,4.602700,1,-4.280800,15.401164,4.990162,-192.110811,1.116533,0
2019-12-24,sz.002425,5.5800,5.7000,5.5100,5.6500,5.5900,24544554,137438868.4800,3,3.016800,1,1.073300,15.566472,5.043724,-194.172824,1.128518,0
2019-12-25,sz.002425,5.6800,5.7600,5.6100,5.6400,5.6500,21915836,124281245.6900,3,2.693700,1,-0.177000,15.538921,5.034797,-193.829155,1.126520,0
2019-12-26,sz.002425,5.6500,5.6800,5.5700,5.6700,5.6400,18238164,102658671.8700,3,2.241700,1,0.531900,15.621575,5.061578,-194.860161,1.132512,0
2019-12-27,sz.002425,5.6400,5.7300,5.5800,5.5800,5.6700,20633217,116861628.9900,3,2.536100,1,-1.587300,15.373613,4.981235,-191.767143,1.114536,0
2019-12-30,sz.002425,5.5700,5.5700,5.4000,5.5000,5.5800,24627080,134896782.3400,3,3.026900,1,-1.433700,15.153203,4.909820,-189.017793,1.098557,0
2019-12-31,sz.002425,5.5000,5.5300,5.4600,5.5300,5.5000,15906408,87330487.5000,3,1.955100,1,0.545500,15.235857,4.936601,-190.048799,1.104549,0
2020-01-02,sz.002425,5.5700,5.9500,5.5300,5.8500,5.5300,53536491,307790777.7000,3,6.580200,1,5.786600,16.117498,5.222263,-201.046198,1.168465,0
2020-01-03,sz.002425,5.8200,6.1200,5.8000,5.9500,5.8500,51970887,309507081.3000,3,6.387800,1,1.709400,16.393010,5.311532,-204.482885,1.188439,0
2020-01-06,sz.002425,5.8900,6.1300,5.8700,6.0700,5.9500,47291339,285370835.1800,3,5.812600,1,2.016800,16.723626,5.418656,-208.606910,1.212408,0
2020-01-07,sz.002425,6.0700,6.6800,6.0500,6.6800,6.0700,88562160,568030787.9500,3,10.885300,1,10.049400,18.404254,5.963199,-229.570701,1.334247,0
2020-01-08,sz.002425,6.9700,6.9700,6.4600,6.4600,6.6800,121619857,818281693.4300,3,14.948500,1,-3.293400,17.798126,5.766807,-222.009990,1.290305,0
2020-01-09,sz.002425,6.6500,6.7500,6.3700,6.5100,6.4600,58258464,381314549.1900,3,7.160600,1,0.774000,17.935882,5.811441,-223.728333,1.300292,0
2020-01-10,sz.002425,6.5100,6.9600,6.4200,6.9100,6.5100,89448988,601711725.5200,3,10.994300,1,6.144400,19.037933,6.168519,-237.475082,1.380187,0
2020-01-13,sz.002425,6.8100,6.8500,6.6100,6.7100,6.9100,67808387,456562888.5800,3,8.334400,1,-2.894400,18.486908,5.989980,-230.601708,1.340240,0
2020-01-14,sz.002425,6.7200,6.8600,6.6200,6.7200,6.7100,48275214,324502164.5700,3,5.933600,1,0.149000,18.514459,5.998907,-230.945376,1.342237,0
2020-01-15,sz.002425,6.7000,6.7000,6.4800,6.5400,6.7200,34450903,226678141.8600,3,4.234400,1,-2.678600,18.018536,5.838222,-224.759339,1.306284,0
2020-01-16,sz.002425,6.5400,6.6300,6.3600,6.3900,6.5400,41054475,265066934.9300,3,5.046100,1,-2.293600,17.605267,5.704318,-219.604309,1.276324,0
2020-01-17,sz.002425,6.3800,6.4900,6.2500,6.2700,6.3900,35038526,222684112.0900,3,4.306600,1,-1.877900,17.274651,5.597195,-215.480284,1.252355,0
2020-01-20,sz.002425,6.2700,6.2900,6.1300,6.2000,6.2700,30247557,187549461.8000,3,3.717800,1,-1.116400,17.081792,5.534706,-213.074603,1.238373,0
2020-01-21,sz.002425,6.1900,6.3500,6.0600,6.1000,6.2000,35717607,221208492.2400,3,4.390100,1,-1.612900,16.806280,5.445437,-209.637916,1.218400,0
2020-01-22,sz.002425,6.0700,6.0900,5.9100,6.0000,6.1000,32154673,192483753.3900,3,3.952200,1,-1.639300,16.530767,5.356167,-206.201229,1.198426,0
2020-01-23,sz.002425,5.9600,6.1900,5.8100,5.8500,6.0000,37890679,227319035.4100,3,4.657200,1,-2.500000,16.117498,5.222263,-201.046198,1.168465,0
2020-02-03,sz.002425,5.2700,5.5500,5.2700,5.2900,5.8500,49525779,262579828.2500,3,6.087300,1,-9.572600,14.574626,4.722354,-181.800750,1.056612,0
2020-02-04,sz.002425,5.3400,5.5800,5.2800,5.5000,5.2900,50543603,274297128.2100,3,6.212400,1,3.969800,15.153203,4.909820,-189.017793,1.098557,0
2020-02-05,sz.002425,5.5300,5.7100,5.4500,5.5200,5.5000,54273219,301338530.9900,3,6.670800,1,0.363600,15.208305,4.927674,-189.705130,1.102552,0
2020-02-06,sz.002425,5.5000,6.0700,5.4200,6.0700,5.5200,77730963,454665902.2600,3,9.554000,1,9.963800,16.723626,5.418656,-208.606910,1.212408,0
2020-02-07,sz.002425,6.0100,6.2400,5.9200,6.1000,6.0700,62905262,381825382.5300,3,7.731800,1,0.494200,16.806280,5.445437,-209.637916,1.218400,0
2020-02-10,sz.002425,6.1000,6.1100,5.7800,5.9500,6.1000,44119293,261890312.0300,3,5.422800,1,-2.459000,16.393010,5.311532,-204.482885,1.188439,0
2020-02-11,sz.002425,5.9300,5.9400,5.6800,5.7300,5.9500,39618639,227920865.7600,3,4.869600,1,-3.697500,15.786882,5.115140,-196.922173,1.144497,0
2020-02-12,sz.002425,5.7000,5.9100,5.6800,5.8700,5.7300,33676925,195640689.8200,3,4.139300,1,2.443300,16.172600,5.240117,-201.733535,1.172460,0
2020-02-13,sz.002425,5.8600,5.8600,5.7000,5.7300,5.8700,28859591,166267327.7600,3,3.547200,1,-2.385000,15.786882,5.115140,-196.922173,1.144497,0
2020-02-14,sz.002425,5.7000,5.7800,5.6400,5.7000,5.7300,26088222,148857544.2000,3,3.206500,1,-0.523600,15.704228,5.088359,-195.891167,1.138505,0
2020-02-17,sz.002425,5.7500,6.0000,5.7200,5.9700,5.7000,42900231,252490114.9200,3,5.272900,1,4.736800,16.448113,5.329386,-205.170223,1.192434,0
2020-02-18,sz.002425,5.9900,6.1700,5.9400,6.1200,5.9700,44844280,271856900.1300,3,5.511900,1,2.512600,16.861382,5.463290,-210.325253,1.222394,0
2020-02-19,sz.002425,6.0900,6.0900,5.8600,5.8800,6.1200,42424251,252828370.7300,3,5.214400,1,-3.921600,16.200151,5.249044,-202.077204,1.174457,0
2020-02-20,sz.002425,5.9000,5.9900,5.8200,5.9800,5.8800,38195235,226531301.7600,3,4.694600,1,1.700700,16.475664,5.338313,-205.513891,1.194431,0
2020-02-21,sz.002425,5.9600,6.2700,5.9400,6.1400,5.9800,52256351,319475542.3000,3,6.422900,1,2.675600,16.916485,5.481144,-211.012591,1.226389,0
2020-02-24,sz.002425,6.0900,6.3500,6.0700,6.2700,6.1400,51368856,320105521.8000,3,6.313800,1,2.117300,17.274651,5.597195,-215.480284,1.252355,0
2020-02-25,sz.002425,6.1200,6.1300,5.8200,6.0900,6.2700,50574472,304664727.3700,3,6.216200,1,-2.870800,16.778728,5.436510,-209.294247,1.216402,0
2020-02-26,sz.002425,6.0100,6.0500,5.8600,5.9100,6.0900,36420171,216474911.9200,3,4.476500,1,-2.955700,23.279902,5.998973,-203.108210,1.180449,0
2020-02-27,sz.002425,5.8900,6.0600,5.8900,5.9900,5.9100,32799055,195881460.3500,3,4.031400,1,1.353600,23.595028,6.080177,-205.857560,1.196428,0
2020-02-28,sz.002425,5.8000,5.9000,5.5700,5.6100,5.9900,41656753,238520622.4800,3,5.120100,1,-6.343900,22.098181,5.694456,-192.798149,1.120528,0
2020-03-02,sz.002425,5.6600,5.8000,5.6000,5.7800,5.6100,25401753,145054510.3100,3,3.122200,1,3.030300,22.767823,5.867016,-198.640517,1.154484,0
2020-03-03,sz.002425,5.8400,5.9300,5.7100,5.8000,5.7800,30658745,178644707.0400,3,3.768300,1,0.346000,22.846605,5.887317,-199.327854,1.158478,0
2020-03-04,sz.002425,5.7400,5.7800,5.6600,5.7600,5.8000,21541215,123241070.7500,3,2.647700,1,-0.689700,22.689042,5.846714,-197.953180,1.150489,0
2020-03-05,sz.002425,5.8100,5.8400,5.7300,5.8300,5.7600,27492708,159043377.2700,3,3.379200,1,1.215300,22.964777,5.917768,-200.358861,1.164470,0
2020-03-06,sz.002425,5.7500,5.7900,5.7200,5.7600,5.8300,17463999,100504889.8500,3,2.146500,1,-1.200700,22.689042,5.846714,-197.953180,1.150489,0
2020-03-09,sz.002425,5.6700,5.6700,5.5000,5.5200,5.7600,28128318,156927783.3800,3,3.457300,1,-4.166700,21.743665,5.603101,-189.705130,1.102552,0
2020-03-10,sz.002425,5.4300,5.6100,5.4100,5.5800,5.5200,23655381,130365905.3600,3,2.907500,1,1.087000,21.980009,5.664005,-191.767143,1.114536,0
2020-03-11,sz.002425,5.5700,5.6500,5.5100,5.5100,5.5800,19196956,107181521.4200,3,2.359500,1,-1.254500,21.704274,5.592951,-189.361462,1.100554,0
2020-03-12,sz.002425,5.4600,5.4600,5.3400,5.3800,5.5100,17548686,94605343.2900,3,2.156900,1,-2.359300,21.192195,5.460994,-184.893768,1.074589,0
2020-03-13,sz.002425,5.1100,5.2800,5.0300,5.2400,5.3800,23219275,119393752.1200,3,2.853900,1,-2.602200,20.640726,5.318886,-180.082406,1.046625,0
2020-03-16,sz.002425,5.2700,5.3300,5.0400,5.0600,5.2400,20889432,108793000.4000,3,2.567500,1,-3.435100,19.931693,5.136176,-173.896370,1.010672,0
2020-03-17,sz.002425,5.0600,5.1600,4.8500,5.1000,5.0600,23469192,117753431.9800,3,2.884600,1,0.790500,20.089256,5.176778,-175.271044,1.018662,0
2020-03-18,sz.002425,5.1100,5.1500,4.9400,4.9400,5.1000,16827566,85137554.2900,3,2.069900,1,-3.137300,19.459005,5.014370,-169.772345,0.986704,0
2020-03-19,sz.002425,4.9000,5.0000,4.8700,4.9600,4.9400,11975231,59135771.7800,3,1.471900,1,0.404900,19.537786,5.034671,-170.459682,0.990699,0
2020-03-20,sz.002425,5.0600,5.0700,4.9500,5.0500,4.9600,11908503,59774006.5700,3,1.463700,1,1.814500,19.892302,5.126026,-173.552701,1.008675,0
2020-03-23,sz.002425,4.9300,4.9900,4.8500,4.8800,5.0500,10814320,53134365.9500,3,1.329200,1,-3.366300,19.222661,4.953466,-167.710333,0.974720,0
2020-03-24,sz.002425,4.9500,4.9900,4.8700,4.9900,4.8800,9266909,45780043.7200,3,1.139000,1,2.254100,19.655958,5.065122,-171.490689,0.996691,0
2020-03-25,sz.002425,5.0800,5.1200,5.0400,5.1100,4.9900,11975263,60829668.7500,3,1.471900,1,2.404800,20.128647,5.186929,-175.614713,1.020659,0
2020-03-26,sz.002425,5.0700,5.0900,5.0100,5.0200,5.1100,7835538,39595092.9200,3,0.963100,1,-1.761300,19.774130,5.095574,-172.521695,1.002683,0
2020-03-27,sz.002425,5.0700,5.0800,4.9700,4.9700,5.0200,8846031,44538152.1100,3,1.087300,1,-0.996000,19.577177,5.044821,-170.803351,0.992696,0
2020-03-30,sz.002425,4.9000,4.9000,4.7800,4.8600,4.9700,9993419,48370018.5400,3,1.228300,1,-2.213300,19.143879,4.933165,-167.022995,0.970725,0
2020-03-31,sz.002425,4.8900,4.9200,4.8300,4.8600,4.8600,5966420,29099059.6000,3,0.733300,1,0.000000,19.143879,4.933165,-167.022995,0.970725,0
2020-04-01,sz.002425,4.8400,4.9300,4.8200,4.8300,4.8600,6921036,33700110.8200,3,0.850700,1,-0.617300,19.025707,4.902714,-165.991989,0.964733,0
2020-04-02,sz.002425,4.8000,4.9100,4.7800,4.9100,4.8300,6852379,33259514.4200,3,0.842200,1,1.656300,19.340833,4.983918,-168.741339,0.980712,0
2020-04-03,sz.002425,4.9000,4.9200,4.8400,4.9100,4.9100,6960453,33989588.0500,3,0.855500,1,0.000000,19.340833,4.983918,-168.741339,0.980712,0
2020-04-07,sz.002425,4.9900,5.0200,4.9500,5.0100,4.9100,10842382,54080804.5600,3,1.332700,1,2.036700,19.734740,5.085424,-172.178026,1.000686,0
2020-04-08,sz.002425,4.9800,5.1500,4.9700,5.1000,5.0100,14641776,74318668.8800,3,1.799600,1,1.796400,20.089256,5.176778,-175.271044,1.018662,0
2020-04-09,sz.002425,5.1500,5.1700,5.0800,5.1000,5.1000,11367502,58223711.1200,3,1.397200,1,0.000000,20.089256,5.176778,-175.271044,1.018662,0
2020-04-10,sz.002425,5.1200,5.1200,4.9500,4.9700,5.1000,9504040,47708929.4000,3,1.168200,1,-2.549000,19.577177,5.044821,-170.803351,0.992696,0
2020-04-13,sz.002425,4.9500,4.9800,4.8600,4.9000,4.9700,6824140,33476171.4000,3,0.838800,1,-1.408400,19.301442,4.973768,-168.397670,0.978714,0
2020-04-14,sz.002425,4.9300,5.0800,4.8900,5.0500,4.9000,10948789,54924473.5600,3,1.345700,1,3.061200,19.892302,5.126026,-173.552701,1.008675,0
2020-04-15,sz.002425,5.0600,5.0900,5.0000,5.0200,5.0500,8438740,42475511.4000,3,1.037200,1,-0.594100,19.774130,5.095574,-172.521695,1.002683,0
2020-04-16,sz.002425,4.9900,5.0600,4.9700,5.0500,5.0200,8153894,40935605.1400,3,1.002200,1,0.597600,19.892302,5.126026,-173.552701,1.008675,0
2020-04-17,sz.002425,5.0600,5.1000,5.0200,5.0300,5.0500,8744550,44184535.7400,3,1.074800,1,-0.396000,19.813521,5.105725,-172.865363,1.004680,0
2020-04-20,sz.002425,5.0200,5.0500,5.0000,5.0400,5.0300,6056382,30407186.4000,3,0.745000,1,0.198800,19.852912,5.115875,-173.209032,1.006678,0
2020-04-21,sz.002425,5.0300,5.0300,4.9200,4.9700,5.0400,7369070,36570892.9400,3,0.905700,1,-1.388900,19.577177,5.044821,-170.803351,0.992696,0
2020-04-22,sz.002425,4.9400,5.0200,4.9200,5.0200,4.9700,7200840,35743365.4000,3,0.885100,1,1.006000,19.774130,5.095574,-172.521695,1.002683,0
2020-04-23,sz.002425,5.0300,5.0400,4.9800,5.0000,5.0200,5219054,26111461.0000,3,0.641500,1,-0.398400,19.695349,5.075273,-171.834357,0.998688,0
2020-04-24,sz.002425,4.9700,4.9900,4.8500,4.8600,5.0000,6989694,34284614.4800,3,0.859100,1,-2.800000,19.143879,4.933165,-167.022995,0.970725,0
2020-04-27,sz.002425,4.8600,4.8900,4.7900,4.8200,4.8600,7049831,34131028.0300,3,0.866500,1,-0.823000,18.986316,4.892563,-165.648320,0.962735,0
2020-04-28,sz.002425,4.8200,4.8300,4.4000,4.6700,4.8200,10820303,50354830.2600,3,1.329900,1,-3.112000,18.395456,4.740305,-160.493290,0.932775,0
2020-04-29,sz.002425,4.6600,4.8300,4.6300,4.8100,4.6700,9525666,45395398.3700,3,1.171700,1,2.997900,22.449888,5.427443,94369.768531,0.937728,0
2020-04-30,sz.002425,4.8100,4.9200,4.8100,4.9100,4.8100,9690274,47175123.0000,3,1.192000,1,2.079000,22.916622,5.540280,96331.717981,0.957224,0
2020-05-06,sz.002425,4.8600,4.9900,4.8500,4.9900,4.9100,9159435,45323151.6600,3,1.126700,1,1.629300,23.290009,5.630549,97901.277541,0.972820,0
2020-05-07,sz.002425,5.0000,5.0800,4.9600,5.0200,4.9900,11214894,56253732.2000,3,1.379500,1,0.601200,23.430029,5.664400,98489.862375,0.978669,0
2020-05-08,sz.002425,5.1000,5.5200,5.0900,5.5200,5.0200,30770356,169047927.0700,3,3.785000,1,9.960200,25.763697,6.228584,108299.609624,1.076146,0
2020-05-11,sz.002425,6.0200,6.0200,5.5400,5.7400,5.5200,90552734,523099884.7200,3,11.138600,1,3.985500,26.790511,6.476824,112615.898413,1.119036,0
2020-05-12,sz.002425,5.7900,5.9700,5.6500,5.8500,5.7400,56749624,331303332.0500,3,6.980600,1,1.916400,27.303918,6.600945,114774.042808,1.140481,0
2020-05-13,sz.002425,5.6700,5.8700,5.5500,5.7400,5.8500,39917788,228907531.6200,3,4.910100,1,-1.880300,26.790511,6.476824,112615.898413,1.119036,0
2020-05-14,sz.002425,5.7000,6.0800,5.6300,5.9100,5.7400,57770443,343301861.5800,3,7.106100,1,2.961700,27.583958,6.668647,115951.212478,1.152178,0
2020-05-15,sz.002425,5.9100,5.9500,5.7500,5.9200,5.9100,33310311,194919160.8100,3,4.097400,1,0.169200,27.630632,6.679930,116147.407423,1.154127,0
2020-05-18,sz.002425,5.8800,5.9000,5.5900,5.7300,5.9200,34285590,197023757.4900,3,4.217300,1,-3.209500,26.743838,6.465541,112419.703468,1.117086,0
2020-05-19,sz.002425,5.7500,5.8100,5.6700,5.7300,5.7300,17731610,101684801.6000,3,2.181100,1,0.000000,26.743838,6.465541,112419.703468,1.117086,0
2020-05-20,sz.002425,5.7000,5.7200,5.5100,5.5400,5.7300,26485744,147589254.3500,3,3.257900,1,-3.315900,25.857044,6.251151,108691.999514,1.080045,0
2020-05-21,sz.002425,5.5700,5.6300,5.4000,5.4100,5.5400,18818366,103687843.2800,3,2.314800,1,-2.346600,25.250290,6.104463,106141.465229,1.054701,0
2020-05-22,sz.002425,5.4500,5.4600,5.2400,5.2600,5.4100,14966165,79873703.1200,3,1.840900,1,-2.772600,24.550190,5.935208,103198.541055,1.025458,0
2020-05-25,sz.002425,5.2900,5.7900,5.2000,5.5700,5.2600,34764786,192889298.4300,3,4.276300,1,5.893500,25.997064,6.285002,109280.584349,1.085893,0
2020-05-26,sz.002425,5.5900,5.7900,5.4800,5.6500,5.5700,24481385,137996597.3100,3,3.011400,1,1.436300,26.370451,6.375271,110850.143909,1.101490,0
2020-05-27,sz.002425,5.7200,6.2200,5.7100,6.0000,5.6500,65547222,395720956.4300,3,8.062700,1,6.194700,28.004019,6.770200,117716.966983,1.169724,0
2020-05-28,sz.002425,6.0700,6.3500,5.9600,6.1600,6.0000,55480229,340701215.7700,3,6.824400,1,2.666700,28.750792,6.950738,120856.086102,1.200916,0
2020-05-29,sz.002425,6.1000,6.7800,6.1000,6.6000,6.1600,102624877,667574132.1300,3,12.623500,1,7.142900,30.804420,7.447220,129488.663681,1.286696,0
2020-06-01,sz.002425,6.5000,6.8000,6.4500,6.6900,6.6000,76679816,507683475.8800,3,9.432100,1,1.363600,31.224481,7.548773,131254.418186,1.304242,0
2020-06-02,sz.002425,6.6600,6.8100,6.5800,6.6900,6.6900,56337788,377408026.1500,3,6.929900,1,0.000000,31.224481,7.548773,131254.418186,1.304242,0
2020-06-03,sz.002425,6.7000,6.8000,6.5200,6.6600,6.6900,39833006,266140595.5100,3,4.899700,1,-0.448400,31.084461,7.514922,130665.833351,1.298393,0
2020-06-04,sz.002425,6.6600,7.1600,6.5600,6.8200,6.6600,63695381,432643985.3200,3,7.834900,1,2.402400,31.831234,7.695460,133804.952470,1.329586,0
2020-06-05,sz.002425,6.7500,6.8700,6.5500,6.7000,6.8200,53610526,359989889.6800,3,6.594400,1,-1.759500,31.271154,7.560056,131450.613131,1.306191,0
2020-06-08,sz.002425,6.9000,7.3700,6.9000,7.3700,6.7000,98114141,718302398.2000,3,12.068700,1,10.000000,34.398269,8.316062,144595.674444,1.436811,0
2020-06-09,sz.002425,7.6600,8.1100,7.5100,8.1100,7.3700,108412784,848930401.3400,3,13.335500,1,10.040700,37.852098,9.151053,159114.100371,1.581076,0
2020-06-10,sz.002425,8.5000,8.9200,8.1100,8.4700,8.1100,188357526,1624980292.9500,3,23.169200,1,4.439000,39.532339,9.557265,166177.118390,1.651260,0
2020-06-11,sz.002425,9.3200,9.3200,9.3200,9.3200,8.4700,17276425,161016281.0000,3,2.125100,1,10.035400,43.499575,10.516377,182853.688713,1.816971,0
2020-06-12,sz.002425,9.8000,10.2500,9.7800,10.2500,9.3200,59015375,592730280.5600,3,7.259300,1,9.978500,47.840198,11.565758,201099.818595,1.998278,0
2020-06-15,sz.002425,11.2800,11.2800,11.2800,11.2800,10.2500,2896842,32676377.7600,3,0.356300,1,10.048800,52.647555,12.727975,221307.897927,2.199080,0
2020-06-16,sz.002425,12.4100,12.4100,12.4100,12.4100,11.2800,7880360,97795267.6000,3,0.969300,1,10.017700,57.921645,14.003030,243477.926709,2.419378,0
2020-06-17,sz.002425,13.6500,13.6500,13.6500,13.6500,12.4100,2621074,35777660.1000,3,0.322400,1,9.991900,63.709142,15.402204,267806.099885,2.661121,0
2020-06-18,sz.002425,15.0200,15.0200,15.0200,15.0200,13.6500,5413620,81312572.4000,3,0.665900,1,10.036600,70.103393,16.948066,294684.807346,2.928208,0
2020-06-19,sz.002425,16.5200,16.5200,15.6900,16.5200,15.0200,282914640,4628498893.8000,3,34.800300,1,9.986700,77.104398,18.640616,324114.049092,3.220639,0
2020-06-22,sz.002425,16.5300,17.3300,16.1800,17.0800,16.5200,199592484,3342229051.0100,3,24.551200,1,3.389800,79.718106,19.272502,335100.966010,3.329813,0
2020-06-23,sz.002425,17.3000,17.5900,16.6400,16.6400,17.0800,170640156,2914390778.5800,3,20.989800,1,-2.576100,77.664478,18.776020,326468.388432,3.244033,0
2020-06-24,sz.002425,16.5200,17.4000,16.5200,16.9100,16.6400,145285649,2463879428.2200,3,17.871100,1,1.622600,78.924659,19.080679,331765.651946,3.296671,0
2020-06-29,sz.002425,17.1000,17.2700,15.5600,16.8500,16.9100,112263651,1846068029.5800,3,13.809200,1,-0.354800,78.644619,19.012977,330588.482276,3.284974,0
2020-06-30,sz.002425,17.0000,17.8000,16.6400,17.5600,16.8500,182489749,3143290698.8000,3,22.447400,1,4.213600,81.958428,19.814118,344518.323369,3.423391,0
2020-07-01,sz.002425,17.3000,18.3200,16.6000,17.3300,17.5600,193864273,3400090956.7000,3,23.846600,1,-1.309800,80.884940,19.554593,340005.839635,3.378552,0
2020-07-02,sz.002425,16.9000,19.0600,16.9000,18.2900,17.3300,260050361,4822577559.6100,3,31.987900,1,5.539500,85.365583,20.637825,358840.554352,3.565707,0
2020-07-03,sz.002425,17.6000,18.1000,17.0000,17.0900,18.2900,188138718,3304321075.5100,3,23.142300,1,-6.561000,79.764779,19.283785,335297.160955,3.331763,0
2020-07-06,sz.002425,17.1100,18.8000,17.0800,18.8000,17.0900,178105964,3244694666.6900,3,21.908200,1,10.005800,87.745925,21.213292,368846.496546,3.665134,0
2020-07-07,sz.002425,20.2000,20.6800,19.7400,20.6800,18.8000,43707911,896411860.5200,3,5.376400,1,10.000000,96.520517,23.334621,405731.146200,4.031647,0
2020-07-08,sz.002425,22.7500,22.7500,18.6100,19.1000,20.6800,287451136,5576051673.7500,3,35.358400,1,-7.640200,89.146126,21.551802,374732.344895,3.723620,0
2020-07-09,sz.002425,18.5800,20.9000,18.1800,20.2500,19.1000,248019108,4896137895.8100,3,30.508000,1,6.020900,94.513562,22.849424,397294.763566,3.947817,0
2020-07-10,sz.002425,19.7400,20.0900,18.8300,18.9300,20.2500,167059520,3228546756.6600,3,20.549400,1,-6.518500,88.352678,21.359980,371397.030830,3.690478,0
2020-07-13,sz.002425,18.0000,18.8200,17.6800,18.4800,18.9300,127731793,2335108193.3000,3,15.711800,1,-2.377200,86.252377,20.852215,362568.258306,3.602749,0
2020-07-14,sz.002425,18.4100,19.7800,18.3600,18.9600,18.4800,152032837,2929536436.5100,3,18.701000,1,2.597400,88.492699,21.393831,371985.615665,3.696327,0
2020-07-15,sz.002425,18.2500,19.7700,17.0600,17.0600,18.9600,197239806,3663947275.8200,3,24.261800,1,-10.021100,79.624759,19.249934,334708.576121,3.325914,0
2020-07-16,sz.002425,16.5000,16.6700,15.3500,15.3500,17.0600,112369637,1781550981.9600,3,13.822200,1,-10.023400,71.643614,17.320427,301159.240531,2.992543,0
2020-07-17,sz.002425,14.5700,14.8500,13.8200,13.8200,15.3500,179496822,2541898755.9100,3,22.079300,1,-9.967400,64.502589,15.594027,271141.413950,2.694263,0
2020-07-20,sz.002425,14.3000,14.8500,14.1400,14.3600,13.8200,115139539,1656967701.9200,3,14.162900,1,3.907400,67.022951,16.203344,281735.940978,2.799539,0
2020-07-21,sz.002425,14.4000,14.9500,13.8300,14.5500,14.3200,132796700,1912160163.8800,3,16.334900,1,1.606100,67.909745,16.417734,285463.644933,2.836580,0
2020-07-22,sz.002425,14.4000,15.2000,14.2500,14.7200,14.5500,131387762,1937076429.7000,3,16.161500,1,1.168400,68.703192,16.609556,288798.958997,2.869722,0
2020-07-23,sz.002425,14.2000,14.7400,13.8900,14.7200,14.7200,115191229,1645028962.6300,3,14.169300,1,0.000000,68.703192,16.609556,288798.958997,2.869722,0
2020-07-24,sz.002425,14.5000,14.6000,13.2500,13.2500,14.7200,117357049,1612875864.6300,3,14.435700,1,-9.986400,61.842208,14.950858,259958.302087,2.583140,0
2020-07-27,sz.002425,13.3500,13.5400,13.0800,13.2900,13.2500,67618902,900586763.6500,3,8.317600,1,0.301900,62.028901,14.995992,260743.081866,2.590938,0
2020-07-28,sz.002425,13.4000,13.5800,13.1500,13.5000,13.2900,62052681,830904136.7900,3,7.632900,1,1.580100,63.009042,15.232949,264863.175711,2.631878,0
2020-07-29,sz.002425,13.5100,14.1000,13.3400,13.9300,13.5000,92071519,1272380619.7500,3,11.325400,1,3.185200,65.015996,15.718147,273299.558345,2.715708,0
2020-07-30,sz.002425,14.3100,14.7500,13.7800,13.8400,13.9300,138387136,1970383756.3000,3,17.022500,1,-0.646100,64.595936,15.616594,271533.803840,2.698162,0
2020-07-31,sz.002425,13.5800,15.2200,13.5100,15.2200,13.8400,171940507,2577142920.4100,3,21.149800,1,9.971100,71.036860,17.173740,298608.706246,2.967199,0
2020-08-03,sz.002425,16.7400,16.7400,16.7400,16.7400,15.2200,14931939,249960658.8600,3,1.836700,1,9.986900,78.131212,18.888857,328430.337881,3.263529,0
2020-08-04,sz.002425,18.3900,18.3900,16.7000,17.0300,16.7400,276978048,4858839335.1100,3,34.070100,1,1.732400,79.484739,19.216083,334119.991286,3.320066,0
2020-08-05,sz.002425,16.7700,17.0300,15.3300,15.8100,17.0300,173614595,2747516919.1200,3,21.355700,1,-7.163800,73.790589,17.839476,310184.207999,3.082222,0
2020-08-06,sz.002425,15.5300,16.1700,14.9200,15.0000,15.8100,123867510,1893429966.5600,3,15.236500,1,-5.123300,70.010046,16.925499,294292.417457,2.924309,0
2020-08-07,sz.002425,14.6900,14.7000,14.2300,14.3900,15.0000,97765776,1412562742.6200,3,12.025800,1,-4.066700,67.162971,16.237195,282324.525813,2.805387,0
2020-08-10,sz.002425,14.1000,14.4400,13.8300,14.1400,14.3900,71160846,1002048628.3200,3,8.753200,1,-1.737300,65.996137,15.955104,277419.652189,2.756649,0
2020-08-11,sz.002425,14.1900,14.2900,13.4200,13.4800,14.1400,73858864,1020689075.5600,3,9.085100,1,-4.667600,62.915695,15.210382,264470.785821,2.627979,0
2020-08-12,sz.002425,13.4100,13.5900,12.6400,13.0800,13.4800,78435091,1019945296.4300,3,9.648000,1,-2.967400,61.048760,14.759035,256622.988022,2.549997,0
2020-08-13,sz.002425,13.1000,13.2800,12.9300,13.1400,13.0800,49566611,650032469.2500,3,6.097000,1,0.458700,61.328801,14.826737,257800.157692,2.561695,0
2020-08-14,sz.002425,12.7900,13.2400,12.7900,13.1200,13.1400,48315777,628426923.3000,3,5.943200,1,-0.152200,61.235454,14.804170,257407.767802,2.557796,0
2020-08-17,sz.002425,13.1400,13.4900,12.9000,13.3700,13.1200,58489699,774483634.5000,3,7.194600,1,1.905500,62.402288,15.086262,262312.641426,2.606534,0
2020-08-18,sz.002425,13.4800,14.6600,13.2100,14.2800,13.3700,117759252,1630502488.2500,3,14.485200,1,6.806300,66.649564,16.113075,280166.381419,2.783942,0
2020-08-19,sz.002425,13.9600,13.9800,13.1400,13.2100,14.2800,75444239,1020619426.2300,3,9.280100,1,-7.493000,61.655514,14.905723,259173.522307,2.575341,0
2020-08-20,sz.002425,12.8100,13.4800,12.6100,12.8800,13.2100,54097923,699107144.4100,3,6.654400,1,-2.498100,60.115293,14.533362,252699.089123,2.511007,0
2020-08-21,sz.002425,12.9200,13.7700,12.8800,13.2100,12.8800,68439735,915987942.4800,3,8.418500,1,2.562100,61.655514,14.905723,259173.522307,2.575341,0
2020-08-24,sz.002425,13.0600,13.2500,12.7300,12.8700,13.2100,49829662,644280500.1600,3,6.129400,1,-2.573800,60.068620,14.522078,252502.894178,2.509057,0
2020-08-25,sz.002425,12.8700,12.9500,12.1800,12.2500,12.8700,70330704,875340911.3800,3,8.651100,1,-4.817400,57.174871,13.822491,240338.807589,2.388186,0
2020-08-26,sz.002425,12.1000,12.3200,11.7200,12.0000,12.2500,49004005,587093927.3600,3,6.027800,1,-2.040800,56.008037,13.540399,235433.933965,2.339447,0
2020-08-27,sz.002425,12.0000,12.1400,11.5500,11.9000,12.0000,44270083,524387438.0700,3,5.445300,1,-0.833300,65.932203,14.311926,65.790505,2.320000,0
2020-08-28,sz.002425,11.9800,12.2700,11.8700,12.0700,11.9000,39414098,473737787.0000,3,4.848000,1,1.428600,66.874091,14.516382,66.730369,2.353143,0
2020-08-31,sz.002425,12.0000,12.4800,11.9100,12.2400,12.0700,55460517,677727977.2900,3,6.821800,1,1.408500,67.815980,14.720838,67.670234,2.386286,0
2020-09-01,sz.002425,12.1900,12.1900,11.7300,11.8900,12.2400,43526511,518050581.8800,3,5.353900,1,-2.859500,65.876797,14.299899,65.735219,2.318051,0
2020-09-02,sz.002425,11.8700,12.0400,11.6600,11.7500,11.8900,33964621,401026902.5700,3,4.177700,1,-1.177500,65.101124,14.131524,64.961213,2.290757,0
2020-09-03,sz.002425,11.7900,11.8500,11.3400,11.4000,11.7500,45177932,521953726.9000,3,5.557000,1,-2.978700,63.161942,13.710585,63.026198,2.222521,0
2020-09-04,sz.002425,11.1100,11.4200,11.0200,11.4000,11.4000,32484524,363810638.3800,3,3.995700,1,0.000000,63.161942,13.710585,63.026198,2.222521,0
2020-09-07,sz.002425,11.3000,11.4300,10.8200,10.9100,11.4000,36715194,409487407.9000,3,4.516100,1,-4.298200,60.447087,13.121270,60.317177,2.126992,0
2020-09-08,sz.002425,10.9600,11.2100,10.7500,11.0200,10.9100,38679526,425615822.3100,3,4.757700,1,1.008200,61.056544,13.253565,60.925325,2.148437,0
2020-09-09,sz.002425,10.8300,10.9000,10.2400,10.2700,11.0200,53337999,560449899.9300,3,6.560700,1,-6.805800,56.901153,12.351553,56.778864,2.002219,0
2020-09-10,sz.002425,10.3800,10.4400,9.9800,10.0600,10.2700,43771889,446444990.4800,3,5.384100,1,-2.044800,55.737644,12.098990,55.617856,1.961278,0
2020-09-11,sz.002425,9.9200,10.8200,9.9200,10.3900,10.0600,56778432,593397505.2900,3,6.983900,1,3.280300,57.566016,12.495875,57.442298,2.025614,0
2020-09-14,sz.002425,10.5200,10.7300,10.2500,10.5800,10.3900,45289816,475561943.9500,3,5.570800,1,1.828700,58.618715,12.724385,58.492735,2.062656,0
2020-09-15,sz.002425,10.9900,11.6400,10.7300,11.2900,10.5800,104211444,1161139286.0900,3,12.818300,1,6.710800,62.552485,13.578289,62.418051,2.201076,0
2020-09-16,sz.002425,10.9500,10.9600,10.4500,10.6500,11.2900,59533766,637629685.1400,3,7.322800,1,-5.668700,59.006551,12.808572,58.879738,2.076303,0
2020-09-17,sz.002425,10.4300,10.6900,10.2400,10.5600,10.6500,39895297,416968016.0100,3,4.907200,1,-0.845100,58.507904,12.700331,58.382162,2.058757,0
2020-09-18,sz.002425,10.5600,11.6100,10.3800,11.0500,10.5600,60380331,661851818.6500,3,7.426900,1,4.640200,61.222760,13.289646,61.091183,2.154286,0
2020-09-21,sz.002425,11.5000,11.8600,11.2100,11.2600,11.0500,81246025,936142625.6900,3,9.993500,1,1.900500,62.386269,13.542209,62.252192,2.195227,0
2020-09-22,sz.002425,10.9600,11.2600,10.5800,10.6000,11.2600,54623970,593300378.2000,3,6.718900,1,-5.861500,58.729525,12.748438,58.603307,2.066555,0
2020-09-23,sz.002425,10.5900,10.6500,10.3500,10.4300,10.6000,32081704,335115721.9800,3,3.946100,1,-1.603800,57.787636,12.543982,57.663443,2.033412,0
2020-09-24,sz.002425,10.3000,10.3700,10.1500,10.2400,10.4300,29904402,306091028.9100,3,3.678300,1,-1.821700,56.734937,12.315472,56.613006,1.996370,0
2020-09-25,sz.002425,10.3000,10.5300,10.2100,10.3300,10.2400,29276386,303487200.5700,3,3.601100,1,0.878900,57.233584,12.423714,57.110581,2.013916,0
2020-09-28,sz.002425,10.3000,10.3900,9.9300,9.9400,10.3300,24615382,247699380.8700,3,3.027800,1,-3.775400,55.072781,11.954668,54.954422,1.937883,0
2020-09-29,sz.002425,10.0100,10.1500,9.9600,10.0600,9.9400,20266928,204231613.2000,3,2.492900,1,1.207200,55.737644,12.098990,55.617856,1.961278,0
2020-09-30,sz.002425,10.0500,10.1200,9.8000,9.8700,10.0600,18774903,186327915.2700,3,2.309400,1,-1.888700,54.684945,11.870480,54.567419,1.924236,0
2020-10-09,sz.002425,10.0500,10.3800,10.0100,10.3400,9.8700,31373105,321383142.7100,3,3.859000,1,4.761900,57.288990,12.435741,57.165867,2.015866,0
2020-10-12,sz.002425,10.3600,10.7000,10.3200,10.6400,10.3400,36055201,381152222.0700,3,4.434900,1,2.901400,58.951146,12.796546,58.824452,2.074353,0
2020-10-13,sz.002425,10.6400,10.7600,10.4100,10.7000,10.6400,30187120,319935232.1500,3,3.713100,1,0.563900,59.283577,12.868707,59.156168,2.086051,0
2020-10-14,sz.002425,10.6800,10.7400,10.2500,10.4000,10.7000,30080322,313522371.9300,3,3.700000,1,-2.803700,57.621421,12.507902,57.497584,2.027563,0
2020-10-15,sz.002425,10.4500,10.4500,10.0700,10.1200,10.4000,21802079,222678394.3300,3,2.681700,1,-2.692300,56.070075,12.171150,55.949572,1.972975,0
2020-10-16,sz.002425,10.0400,10.1300,9.8800,9.9100,10.1200,25596850,254901829.2200,3,3.148500,1,-2.075100,54.906565,11.918587,54.788563,1.932034,0
2020-10-19,sz.002425,9.9500,10.0600,9.6000,9.6800,9.9100,31332527,306691213.8200,3,3.854000,1,-2.320900,53.632246,11.641970,53.516982,1.887194,0
2020-10-20,sz.002425,9.6300,9.8300,9.5300,9.8300,9.6800,19731560,191194013.6800,3,2.427000,1,1.549600,54.463324,11.822372,54.346274,1.916437,0
2020-10-21,sz.002425,9.7800,9.9400,9.6300,9.6300,9.8300,18328425,178834464.9400,3,2.254400,1,-2.034600,53.355219,11.581836,53.240552,1.877446,0
2020-10-22,sz.002425,9.6100,9.7500,9.4300,9.7100,9.6300,15987290,153671715.0900,3,1.966500,1,0.830700,53.798461,11.678051,53.682841,1.893042,0
2020-10-23,sz.002425,9.7600,9.7600,9.2000,9.2000,9.7100,32008519,301588017.7800,3,3.937100,1,-5.252300,50.972795,11.064682,50.863248,1.793614,0
2020-10-26,sz.002425,9.2500,9.8500,9.2000,9.6000,9.2000,36631026,348283409.9200,3,4.505700,1,4.347800,49.851362,12.124340,656.230768,1.858981,0
2020-10-27,sz.002425,9.5400,9.5800,9.1800,9.4000,9.6000,28691791,268338551.2800,3,3.529200,1,-2.083300,48.812792,11.871749,642.559293,1.820252,0
2020-10-28,sz.002425,9.3500,9.5000,9.1100,9.3900,9.4000,22078162,204514798.2600,3,2.715700,1,-0.106400,48.760863,11.859120,641.875720,1.818315,0
2020-10-29,sz.002425,9.1700,9.3000,9.1300,9.1800,9.3900,16606697,152954590.6400,3,2.042700,1,-2.236400,47.670364,11.593900,627.520672,1.777650,0
2020-10-30,sz.002425,9.1800,9.2700,8.6800,8.6800,9.1800,33748680,301409671.5800,3,4.151200,1,-5.446600,45.073939,10.962424,593.341986,1.680828,0
2020-11-02,sz.002425,8.6400,9.5500,8.5800,9.3000,8.6800,64730925,597448999.3100,3,7.962100,1,7.142900,48.293506,11.745454,635.723556,1.800888,0
2020-11-03,sz.002425,9.1700,9.6300,9.1000,9.3400,9.3000,41525219,388890385.6200,3,5.107700,1,0.430100,48.501221,11.795972,638.457851,1.808633,0
2020-11-04,sz.002425,9.4200,9.6000,9.1600,9.3500,9.3400,38443348,361435095.8900,3,4.728600,1,0.107100,48.553149,11.808602,639.141425,1.810570,0
2020-11-05,sz.002425,9.7000,9.7500,9.3700,9.5000,9.3500,31464237,299721594.9900,3,3.870200,1,1.604300,49.332077,11.998045,649.395030,1.839616,0
2020-11-06,sz.002425,9.7100,9.9600,9.3300,9.3500,9.5000,48300124,466497868.7200,3,5.941000,1,-1.578900,48.553149,11.808602,639.141425,1.810570,0
2020-11-09,sz.002425,9.3600,9.7700,9.2800,9.5900,9.3500,38373141,366401206.3600,3,4.720000,1,2.566800,49.799433,12.111710,655.547194,1.857044,0
2020-11-10,sz.002425,9.6900,9.7300,9.2900,9.3100,9.5900,30846844,291293233.5700,3,3.794200,1,-2.919700,48.345435,11.758084,636.407130,1.802824,0
2020-11-11,sz.002425,9.3200,9.3700,9.0300,9.0700,9.3100,22975593,211335539.9900,3,2.826100,1,-2.577900,47.099151,11.454975,620.001361,1.756349,0
2020-11-12,sz.002425,9.2000,9.3400,8.9600,9.2800,9.0700,28148721,258307922.2400,3,3.462400,1,2.315300,48.189649,11.720195,634.356409,1.797015,0
2020-11-13,sz.002425,9.1600,9.3200,8.9900,9.0500,9.2800,24080789,219301902.1400,3,2.962000,1,-2.478400,46.995294,11.429716,618.634213,1.752477,0
2020-11-16,sz.002425,9.0700,9.8400,9.0200,9.6600,9.0500,61730679,590708624.3500,3,7.593000,1,6.740300,50.162933,12.200117,660.332210,1.870599,0
2020-11-17,sz.002425,9.6700,9.7500,9.3800,9.4600,9.6600,33767405,321306877.8800,3,4.153500,1,-2.070400,49.124363,11.947527,646.660736,1.831871,0
2020-11-18,sz.002425,9.5000,9.5100,9.1200,9.1700,9.4600,31061865,287870906.2500,3,3.820700,1,-3.065500,47.618436,11.581271,626.837098,1.775714,0
2020-11-19,sz.002425,9.1800,9.1900,9.0400,9.1700,9.1700,17779676,162072436.2800,3,2.186900,1,0.000000,47.618436,11.581271,626.837098,1.775714,0
2020-11-20,sz.002425,9.1100,9.2300,9.0400,9.1900,9.1700,17982564,164329563.5600,3,2.211900,1,0.218100,47.722293,11.606530,628.204245,1.779587,0
2020-11-23,sz.002425,9.1600,9.2800,9.0500,9.1200,9.1900,21179679,193681425.6900,3,2.605200,1,-0.761700,47.358793,11.518123,623.419229,1.766032,0
2020-11-24,sz.002425,9.1600,9.3200,9.0500,9.0700,9.1200,25403095,232999371.1500,3,3.124600,1,-0.548200,47.099151,11.454975,620.001361,1.756349,0
2020-11-25,sz.002425,9.0900,9.1100,8.7800,8.8200,9.0700,28247735,251143459.0900,3,3.474500,1,-2.756300,45.800938,11.139237,602.912018,1.707939,0
2020-11-26,sz.002425,8.8000,8.8700,8.6100,8.6500,8.8200,18592208,161606943.1700,3,2.286900,1,-1.927400,44.918154,10.924535,591.291265,1.675019,0
2020-11-27,sz.002425,8.6100,8.7700,8.5800,8.6500,8.6500,14575706,126318884.7100,3,1.792900,1,0.000000,44.918154,10.924535,591.291265,1.675019,0
2020-11-30,sz.002425,8.6400,8.8400,8.4800,8.7100,8.6500,18272447,159027772.1900,3,2.247600,1,0.693600,45.229725,11.000313,595.392707,1.686638,0
2020-12-01,sz.002425,8.7100,8.9500,8.6600,8.9000,8.7100,23425566,207486897.7000,3,2.881400,1,2.181400,46.216366,11.240273,608.380607,1.723430,0
2020-12-02,sz.002425,8.8700,9.1000,8.8000,8.8800,8.9000,19003541,169670955.2000,3,2.337500,1,-0.224700,46.112509,11.215014,607.013460,1.719557,0
2020-12-03,sz.002425,9.0100,9.7000,9.0000,9.3000,8.8800,61347458,575262976.7500,3,7.545900,1,4.729700,48.293506,11.745454,635.723556,1.800888,0
2020-12-04,sz.002425,9.1800,9.2400,8.9700,9.1200,9.3000,32670415,296979060.5100,3,4.018500,1,-1.935500,47.358793,11.518123,623.419229,1.766032,0
2020-12-07,sz.002425,9.0400,9.0900,8.8800,8.8800,9.1200,19899151,178334831.6800,3,2.447600,1,-2.631600,46.112509,11.215014,607.013460,1.719557,0
2020-12-08,sz.002425,8.9100,9.0400,8.8000,8.8200,8.8800,17016535,151499911.8600,3,2.093100,1,-0.675700,45.800938,11.139237,602.912018,1.707939,0
2020-12-09,sz.002425,8.8900,8.9300,8.5800,8.5800,8.8200,22115507,191784722.9600,3,2.720300,1,-2.721100,44.554654,10.836129,586.506249,1.661464,0
2020-12-10,sz.002425,8.5900,8.6600,8.5000,8.5900,8.5800,13164471,113019328.8000,3,1.619300,1,0.116600,44.606583,10.848758,587.189822,1.663400,0
2020-12-11,sz.002425,8.6300,8.6500,8.2900,8.3400,8.5900,20804007,174261980.0100,3,2.558900,1,-2.910400,43.308370,10.533020,570.100479,1.614989,0
2020-12-14,sz.002425,8.2700,8.5700,8.1700,8.4800,8.3400,17532280,147707421.3600,3,2.156500,1,1.678700,44.035369,10.709834,579.670511,1.642100,0
2020-12-15,sz.002425,8.4300,8.6300,8.4000,8.5000,8.4800,11860855,100721562.8000,3,1.458900,1,0.235800,44.139226,10.735093,581.037659,1.645972,0
2020-12-16,sz.002425,8.5500,8.5500,8.1600,8.1900,8.5000,16942617,140814012.6800,3,2.084000,1,-3.647100,42.529443,10.343577,559.846874,1.585943,0
2020-12-17,sz.002425,8.1600,8.2500,7.8900,8.2200,8.1900,23910923,192642435.7300,3,2.941100,1,0.366300,42.685228,10.381466,561.897595,1.591752,0
2020-12-18,sz.002425,8.1800,8.4100,8.1400,8.3300,8.2200,18818791,155865168.3100,3,2.314800,1,1.338200,43.256442,10.520391,569.416906,1.613053,0
2020-12-21,sz.002425,8.2800,8.3200,8.1700,8.3100,8.3300,15428946,127390115.0100,3,1.897800,1,-0.240100,43.152585,10.495132,568.049758,1.609180,0
2020-12-22,sz.002425,8.3300,8.8800,8.1800,8.4400,8.3100,39184958,333506194.2800,3,4.819900,1,1.564400,43.827655,10.659315,576.936217,1.634354,0
2020-12-23,sz.002425,8.2800,8.2900,8.0700,8.1200,8.4400,29580108,240591849.3000,3,3.638400,1,-3.791500,42.165943,10.255171,555.061858,1.572388,0
2020-12-24,sz.002425,8.0100,8.1500,7.7700,7.7800,8.1200,22547900,178585910.0000,3,2.773500,1,-4.187200,40.400374,9.825767,531.820351,1.506549,0
2020-12-25,sz.002425,7.6600,7.7700,7.5800,7.6900,7.7800,16187595,124218481.4800,3,1.991100,1,-1.156800,39.933018,9.712101,525.668188,1.489121,0
2020-12-28,sz.002425,7.6700,7.7800,7.4800,7.5700,7.6900,19043202,145052481.5300,3,2.342400,1,-1.560500,39.309876,9.560547,517.465303,1.465884,0
2020-12-29,sz.002425,7.5500,8.1300,7.5200,7.9800,7.5700,40502203,321239547.7800,3,4.981900,1,5.416100,41.438944,10.078358,545.491826,1.545278,0
2020-12-30,sz.002425,7.9700,8.0700,7.8800,7.9700,7.9800,20951803,167031145.4100,3,2.577100,1,-0.125300,41.387016,10.065728,544.808252,1.543341,0
2020-12-31,sz.002425,7.9500,8.2200,7.9200,7.9900,7.9700,25609795,205664354.3200,3,3.150100,1,0.250900,41.490873,10.090987,546.175399,1.547214,0
2021-01-04,sz.002425,7.9500,8.1400,7.9300,8.0700,7.9900,24390043,196313276.2800,3,3.000000,1,1.001300,41.906301,10.192023,551.643989,1.562706,0
2021-01-05,sz.002425,8.0100,8.2500,7.9500,8.0600,8.0700,27837365,224462411.2600,3,3.424100,1,-0.123900,41.854372,10.179394,550.960415,1.560769,0
2021-01-06,sz.002425,8.0100,8.0500,7.7700,7.8300,8.0600,22131309,174392093.9700,3,2.722200,1,-2.853600,40.660017,9.888915,535.238220,1.516231,0
2021-01-07,sz.002425,7.8400,7.8700,7.3200,7.5000,7.8300,29928884,224526170.6400,3,3.681300,1,-4.214600,38.946376,9.472141,512.680287,1.452329,0
2021-01-08,sz.002425,7.4100,7.9800,7.2100,7.8400,7.5000,32598521,251766803.9500,3,4.009700,1,4.533300,40.711945,9.901544,535.921794,1.518168,0
2021-01-11,sz.002425,7.7400,7.9200,7.5300,7.6100,7.8400,19862187,153370492.1500,3,2.443100,1,-2.933700,39.517590,9.611065,520.199598,1.473629,0
2021-01-12,sz.002425,7.7000,7.7600,7.4600,7.6100,7.6100,17717098,134026500.3700,3,2.179300,1,0.000000,39.517590,9.611065,520.199598,1.473629,0
2021-01-13,sz.002425,7.5700,7.7300,7.3500,7.7100,7.6100,22378198,169370902.4800,3,2.752600,1,1.314100,40.036875,9.737360,527.035335,1.492994,0
2021-01-14,sz.002425,7.7700,7.7700,7.5000,7.5800,7.7100,17523973,132980237.0300,3,2.155500,1,-1.686100,39.361804,9.573177,518.148877,1.467820,0
2021-01-15,sz.002425,7.6000,7.9600,7.5500,7.6700,7.5800,21504307,166844664.8300,3,2.645100,1,1.187300,39.829161,9.686842,524.301040,1.485248,0
2021-01-18,sz.002425,7.6600,8.1800,7.5200,7.9900,7.6700,35360874,281624655.6200,3,4.349500,1,4.172100,41.490873,10.090987,546.175399,1.547214,0
2021-01-19,sz.002425,8.0000,8.4500,7.9300,8.2100,7.9900,46522447,379892514.6600,3,5.722400,1,2.753400,42.633300,10.368837,561.214021,1.589816,0
2021-01-20,sz.002425,8.0900,8.0900,7.7700,7.8200,8.2100,36245185,284829735.8900,3,4.458300,1,-4.750300,40.608088,9.876285,534.554646,1.514295,0
2021-01-21,sz.002425,7.7800,8.1900,7.7700,8.1600,7.8200,40494878,325593918.1400,3,4.981000,1,4.347800,42.373657,10.305689,557.796152,1.580134,0
2021-01-22,sz.002425,8.2300,8.3000,7.9600,8.0200,8.1600,29073196,235365700.8800,3,3.576100,1,-1.715700,41.646658,10.128876,548.226120,1.553023,0
2021-01-25,sz.002425,7.9800,7.9800,7.5000,7.5300,8.0200,31985012,244641974.9600,3,3.934200,1,-6.109700,39.102162,9.510029,514.731008,1.458138,0
2021-01-26,sz.002425,7.4100,7.6300,7.3600,7.4200,7.5300,19419148,145133167.0700,3,2.388600,1,-1.460800,38.530948,9.371104,507.211697,1.436837,0
2021-01-27,sz.002425,7.5600,8.1600,7.5100,8.1600,7.4200,27931789,221591169.6400,3,3.435700,1,9.973000,42.373657,10.305689,557.796152,1.580134,0
2021-01-28,sz.002425,8.9800,8.9800,8.5500,8.9300,8.1600,149856576,1338097705.2200,3,18.432800,1,9.436300,46.372152,11.278162,610.431329,1.729239,0
2021-01-29,sz.002425,8.2700,8.8200,8.1300,8.3600,8.9300,113126479,950314827.8300,3,13.914900,1,-6.383000,43.412227,10.558279,571.467627,1.618862,0
2021-02-01,sz.002425,8.4200,8.7800,7.9500,8.0000,8.3600,73562797,604978844.3400,3,9.048400,1,-4.306200,41.542801,10.103617,546.858973,1.549151,0
2021-02-02,sz.002425,7.9200,8.8000,7.7500,8.8000,8.0000,73425092,620062642.2000,3,9.031500,1,10.000000,45.697081,11.113978,601.544870,1.704066,0
2021-02-03,sz.002425,8.8500,9.0600,8.5400,8.6200,8.8000,99744734,874643503.6500,3,12.268900,1,-2.045500,44.762368,10.886647,589.240543,1.669210,0
2021-02-04,sz.002425,8.4800,9.4000,8.2400,9.1000,8.6200,102485666,905784981.8100,3,12.606000,1,5.568400,47.254936,11.492864,622.052082,1.762159,0
2021-02-05,sz.002425,8.9900,9.3500,8.8000,8.8800,9.1000,87658285,795660721.8400,3,10.782200,1,-2.417600,46.112509,11.215014,607.013460,1.719557,0
2021-02-08,sz.002425,8.7100,9.0500,8.4700,8.8300,8.8800,61961000,541534211.7300,3,7.621400,1,-0.563100,45.852867,11.151867,603.595591,1.709875,0
2021-02-09,sz.002425,8.7100,9.0000,8.6600,8.7600,8.8300,49120503,433070964.2300,3,6.042000,1,-0.792800,45.489367,11.063460,598.810575,1.696320,0
2021-02-10,sz.002425,8.7600,8.9300,8.3600,8.4100,8.7600,50314730,433079508.9200,3,6.188800,1,-3.995400,43.671870,10.621427,574.885495,1.628545,0
2021-02-18,sz.002425,8.6800,8.8700,8.5400,8.6000,8.4100,45859252,398969056.2700,3,5.640800,1,2.259200,44.658511,10.861388,587.873396,1.665337,0
2021-02-19,sz.002425,8.6200,9.2900,8.4600,9.0600,8.6000,65628004,584041767.8100,3,8.072400,1,5.348800,47.047222,11.442346,619.317787,1.754413,0
2021-02-22,sz.002425,9.0600,9.8200,9.0300,9.3800,9.0600,82683559,777363024.4400,3,10.170300,1,3.532000,48.708935,11.846490,641.192146,1.816379,0
2021-02-23,sz.002425,9.3000,9.3700,8.9600,9.0100,9.3800,48899345,446204984.0500,3,6.014800,1,-3.944600,46.787580,11.379198,615.899918,1.744731,0
2021-02-24,sz.002425,9.0600,9.2400,8.9600,9.1500,9.0100,39096621,355859448.5400,3,4.809000,1,1.553800,47.514579,11.556011,625.469950,1.771841,0
2021-02-25,sz.002425,9.3000,9.3000,8.7800,8.8200,9.1500,37342942,334485603.6600,3,4.593300,1,-3.606600,45.800938,11.139237,602.912018,1.707939,0
2021-02-26,sz.002425,8.6500,8.9700,8.6100,8.8600,8.8200,25584059,226376828.7800,3,3.146900,1,0.453500,46.008652,11.189755,605.646313,1.715684,0
2021-03-01,sz.002425,8.8500,9.0200,8.7600,9.0200,8.8600,23641140,210877410.8900,3,2.907900,1,1.805900,46.839508,11.391828,616.583492,1.746667,0
2021-03-02,sz.002425,9.0200,9.0700,8.6500,8.7300,9.0200,26422682,233007621.4200,3,3.250100,1,-3.215100,45.333582,11.025572,596.759854,1.690511,0
2021-03-03,sz.002425,8.7300,8.7500,8.5100,8.6600,8.7300,23453090,201946749.6700,3,2.884800,1,-0.801800,44.970082,10.937165,591.974838,1.676955,0
2021-03-04,sz.002425,8.5800,8.6800,8.4200,8.6100,8.6600,23232177,198842179.8200,3,2.857600,1,-0.577400,44.710440,10.874017,588.556970,1.667273,0
2021-03-05,sz.002425,8.5600,9.0600,8.5500,8.9900,8.6100,32189324,285037905.6700,3,3.959400,1,4.413500,46.683723,11.353939,614.532771,1.740858,0
2021-03-08,sz.002425,8.7000,8.7600,8.0900,8.0900,8.9900,51306238,432620028.5200,3,6.310200,1,-10.011100,49.388541,12.011777,650.138317,1.841722,0
2021-03-09,sz.002425,7.9300,7.9700,7.2800,7.5100,8.0900,53097650,400325975.9400,3,6.530600,1,-7.169300,45.847706,11.150612,603.527659,1.709682,0
2021-03-10,sz.002425,7.5300,7.7000,7.3900,7.5200,7.5100,22362988,168559521.0200,3,2.750500,1,0.133200,45.908755,11.165459,604.331291,1.711959,0
2021-03-11,sz.002425,7.4900,7.6300,7.4000,7.5700,7.5200,20125005,151534951.7000,3,2.475200,1,0.664900,46.214000,11.239698,608.349451,1.723342,0
2021-03-12,sz.002425,7.5300,7.5700,7.2800,7.3500,7.5700,23431141,173200970.6800,3,2.881800,1,-2.906200,44.870924,10.913049,590.669546,1.673258,0
2021-03-15,sz.002425,7.3500,7.4500,7.2500,7.3500,7.3500,15935909,117232451.7400,3,1.960000,1,0.000000,44.870924,10.913049,590.669546,1.673258,0
2021-03-16,sz.002425,7.3600,7.5800,7.3500,7.4400,7.3500,20530345,152925371.8300,3,2.525100,1,1.224500,45.420364,11.046678,597.902235,1.693747,0
2021-03-17,sz.002425,7.4400,7.4500,7.2900,7.4000,7.4400,13617834,100265450.3000,3,1.674900,1,-0.537600,45.176169,10.987287,594.687706,1.684641,0
2021-03-18,sz.002425,7.4100,7.5300,7.3800,7.3800,7.4000,13686229,101669054.7200,3,1.683300,1,-0.270300,45.054071,10.957592,593.080442,1.680087,0
2021-03-19,sz.002425,7.3400,7.4200,7.2700,7.2900,7.3800,13388255,98159924.1400,3,1.646600,1,-1.219500,44.504631,10.823963,585.847754,1.659599,0
2021-03-22,sz.002425,7.2600,7.3900,7.2600,7.3600,7.2900,10687852,78403245.2600,3,1.314500,1,0.960200,44.931973,10.927896,591.473178,1.675534,0
2021-03-23,sz.002425,7.3700,7.6300,7.3200,7.6200,7.3600,30580426,229613636.4100,3,3.761100,1,3.532600,46.519244,11.313936,612.367611,1.734724,0
2021-03-24,sz.002425,7.5500,8.2400,7.5200,8.1200,7.6200,47442418,375379211.4000,3,5.835000,1,6.561700,49.571688,12.056320,652.549213,1.848552,0
2021-03-25,sz.002425,7.9800,8.1000,7.8400,7.8400,8.1200,22887289,181799038.1000,3,2.814900,1,-3.448300,47.862319,11.640585,630.047516,1.784808,0
2021-03-26,sz.002425,7.8800,8.6200,7.7500,8.2300,7.8400,53009322,435562994.5000,3,6.519700,1,4.974500,50.243225,12.219645,661.389165,1.873593,0
2021-03-29,sz.002425,8.2300,8.5500,8.1300,8.3600,8.2300,32956276,275165597.6700,3,4.053300,1,1.579600,51.036861,12.412665,671.836382,1.903189,0
2021-03-30,sz.002425,8.7200,8.8800,8.0900,8.1100,8.3600,42757813,358012645.5500,3,5.258800,1,-2.990400,62.503034,13.158623,651.745581,1.846275,0
2021-03-31,sz.002425,8.0600,8.2300,7.8900,7.9600,8.1100,27140809,217982687.8800,3,3.338100,1,-1.849600,61.346998,12.915245,639.691100,1.812127,0
2021-04-01,sz.002425,8.0200,8.1200,7.9200,7.9300,7.9600,16300058,130390767.3400,3,2.004800,1,-0.376900,61.115791,12.866569,637.280204,1.805297,0
2021-04-02,sz.002425,7.9100,8.3500,7.7700,8.0200,7.9300,35739986,288385538.7900,3,4.395700,1,1.134900,61.809412,13.012596,644.512893,1.825786,0
2021-04-06,sz.002425,8.0400,8.4100,7.8600,8.2700,8.0200,35759102,292764298.5700,3,4.398100,1,3.117200,63.736140,13.418226,664.603694,1.882700,0
2021-04-07,sz.002425,8.2200,8.2900,8.0700,8.1100,8.2700,24457863,199223348.8100,3,3.008100,1,-1.934700,62.503034,13.158623,651.745581,1.846275,0
2021-04-08,sz.002425,8.0800,8.2100,7.9200,7.9300,8.1100,21976157,176848859.4900,3,2.702900,1,-2.219500,61.115791,12.866569,637.280204,1.805297,0
2021-04-09,sz.002425,7.9500,8.2100,7.8600,8.0500,7.9300,27575812,221555322.7300,3,3.391600,1,1.513200,62.040620,13.061272,646.923789,1.832616,0
2021-04-12,sz.002425,8.0300,8.0600,7.6700,7.7000,8.0500,25502388,200217066.0400,3,3.136600,1,-4.347800,59.343201,12.493390,618.796667,1.752937,0
2021-04-13,sz.002425,7.6700,7.7800,7.5500,7.7600,7.7000,18363703,140848742.3200,3,2.258600,1,0.779200,59.805616,12.590741,623.618460,1.766596,0
2021-04-14,sz.002425,7.7100,8.5000,7.6700,8.2900,7.7600,44610079,365405873.5300,3,5.486700,1,6.829900,63.890278,13.450676,666.210958,1.887253,0
2021-04-15,sz.002425,8.1300,8.3600,8.1200,8.1600,8.2900,27143673,222945330.9100,3,3.338400,1,-1.568200,62.888380,13.239749,655.763741,1.857658,0
2021-04-16,sz.002425,8.1400,8.3300,8.1100,8.3000,8.1600,25966476,213806347.4700,3,3.193700,1,1.715700,63.967347,13.466901,667.014590,1.889529,0
2021-04-19,sz.002425,8.3000,8.5700,8.2000,8.3300,8.3000,31677233,265443532.7100,3,3.896000,1,0.361400,64.198554,13.515577,669.425486,1.896359,0
2021-04-20,sz.002425,8.2500,8.8700,8.2000,8.5900,8.3300,55489506,478897698.6800,3,6.824700,1,3.121200,66.202351,13.937431,690.319919,1.955549,0
2021-04-21,sz.002425,8.5400,8.7500,8.5100,8.6300,8.5900,33656437,290187871.6500,3,4.139500,1,0.465700,66.510627,14.002332,693.534447,1.964655,0
2021-04-22,sz.002425,8.6600,9.1200,8.5200,8.9500,8.6300,64251412,572298825.7200,3,7.902400,1,3.708000,68.976838,14.521538,719.250672,2.037504,0
2021-04-23,sz.002425,9.2000,9.2800,8.7600,8.9800,8.9500,57979325,520880548.7500,3,7.131000,1,0.335200,69.208045,14.570213,721.661568,2.044334,0
2021-04-26,sz.002425,8.5500,8.9600,8.4200,8.7400,8.9800,49806652,435850304.3100,3,6.125800,1,-2.672600,67.358387,14.180809,702.374399,1.989697,0
2021-04-27,sz.002425,8.7600,8.8800,8.4100,8.5100,8.7400,41388067,355949952.2000,3,5.090400,1,-2.631600,42.489619,11.629075,26.836084,1.567368,0
2021-04-28,sz.002425,8.5300,8.8900,8.5300,8.6400,8.5100,30914777,269061697.4900,3,3.802300,1,1.527600,43.138696,11.806722,27.246036,1.591312,0
2021-04-29,sz.002425,8.5500,9.2000,8.4700,8.9800,8.6400,53008055,471663703.9000,3,6.519500,1,3.935200,44.836284,12.271338,28.318218,1.653933,0
2021-04-30,sz.002425,8.8800,8.9800,8.5700,8.6400,8.9800,35623531,310318730.5700,3,4.381400,1,-3.786200,43.138696,11.806722,27.246036,1.591312,0
2021-05-06,sz.002425,8.7200,8.9400,8.7000,8.8000,8.6400,27476151,241817810.3600,3,3.379300,1,1.851900,43.937561,12.025365,27.750593,1.620780,0
2021-05-07,sz.002425,8.7600,8.9800,8.7000,8.7300,8.8000,27268825,241203719.6800,3,3.353800,1,-0.795500,43.588058,11.929709,27.529849,1.607888,0
2021-05-10,sz.002425,8.7900,9.1400,8.7600,9.1400,8.7300,38620059,347476289.6400,3,4.749900,1,4.696400,45.635149,12.489981,28.822775,1.683401,0
2021-05-11,sz.002425,9.1000,9.5700,8.9600,9.4900,9.1400,52129585,487153540.0200,3,6.411500,1,3.829300,47.382665,12.968263,29.926491,1.747864,0
2021-05-12,sz.002425,9.4900,9.7300,9.3700,9.5100,9.4900,45753757,436892608.2700,3,5.627300,1,0.210700,47.482524,12.995593,29.989561,1.751548,0
2021-05-13,sz.002425,9.5100,10.4600,9.5100,10.4600,9.5100,95932235,974078273.8300,3,11.798800,1,9.989500,52.225783,14.293786,32.985364,1.926519,0
2021-05-14,sz.002425,10.8500,11.2700,10.4200,10.6800,10.4600,120976379,1305502255.6200,3,14.879000,1,2.103300,53.324222,14.594420,33.679128,1.967038,0
2021-05-17,sz.002425,10.4000,10.5300,9.6100,9.6100,10.6800,92278236,908162450.8600,3,11.349400,1,-10.018700,47.981814,13.132245,30.304909,1.769966,0
2021-05-18,sz.002425,9.3700,9.4900,9.1100,9.2300,9.6100,74870198,693420979.5000,3,9.208400,1,-3.954200,46.084510,12.612968,29.106587,1.699978,0
2021-05-19,sz.002425,9.2100,9.4900,9.1500,9.3900,9.2300,51896574,485188451.7900,3,6.382800,1,1.733500,46.883375,12.831611,29.611144,1.729446,0
2021-05-20,sz.002425,9.3400,9.3400,8.8700,9.1500,9.3900,54433977,494105380.9300,3,6.694900,1,-2.555900,45.685078,12.503647,28.854309,1.685243,0
2021-05-21,sz.002425,9.1300,9.3500,9.0300,9.2500,9.1500,32449926,299246894.5500,3,3.991100,1,1.092900,46.184368,12.640298,29.169657,1.703661,0
2021-05-24,sz.002425,9.1700,9.4700,9.0800,9.4100,9.2500,32070695,298687129.5400,3,3.944400,1,1.729700,46.983233,12.858941,29.674213,1.733130,0
2021-05-25,sz.002425,9.3700,9.4300,9.1900,9.2400,9.4100,31100460,288652888.6400,3,3.825100,1,-1.806600,46.134439,12.626633,29.138122,1.701819,0
2021-05-26,sz.002425,9.2400,9.3200,9.1600,9.1700,9.2400,24603571,226826313.1600,3,3.026000,1,-0.757600,45.784936,12.530977,28.917379,1.688927,0
2021-05-27,sz.002425,9.1000,9.2800,9.0900,9.1300,9.1700,21598053,198168824.4700,3,2.656400,1,-0.436200,45.585220,12.476316,28.791240,1.681560,0
2021-05-28,sz.002425,9.1300,9.1900,8.9000,8.9200,9.1300,33030816,297052773.9000,3,4.062500,1,-2.300100,44.536710,12.189347,28.129010,1.642882,0
2021-05-31,sz.002425,8.8900,9.0700,8.7800,8.9800,8.9200,21678782,193953370.3600,3,2.666300,1,0.672600,44.836284,12.271338,28.318218,1.653933,0
2021-06-01,sz.002425,8.9800,9.2100,8.9500,9.1400,8.9800,22848707,208616097.1200,3,2.810200,1,1.781700,45.635149,12.489981,28.822775,1.683401,0
2021-06-02,sz.002425,9.1100,9.1700,8.9000,8.9400,9.1400,20448514,183787163.2600,3,2.515000,1,-2.188200,44.636568,12.216678,28.192079,1.646566,0
2021-06-03,sz.002425,8.9500,9.0100,8.8900,8.9000,8.9400,15980911,142658627.1800,3,1.965500,1,-0.447400,44.436852,12.162017,28.065940,1.639198,0
2021-06-04,sz.002425,8.8700,8.9300,8.7400,8.7900,8.9000,18306335,161674218.1100,3,2.251500,1,-1.236000,43.887632,12.011700,27.719058,1.618939,0
2021-06-07,sz.002425,8.8100,9.0800,8.7800,9.0700,8.7900,18531286,166024194.7500,3,2.279200,1,3.185400,45.285646,12.394325,28.602031,1.670509,0
2021-06-08,sz.002425,9.0100,9.1000,8.9100,9.0000,9.0700,15327117,137751746.0800,3,1.885100,1,-0.771800,44.936142,12.298669,28.381288,1.657616,0
2021-06-09,sz.002425,9.0100,9.1100,8.9000,9.0000,9.0000,16477825,148525450.6800,3,2.026600,1,0.000000,44.936142,12.298669,28.381288,1.657616,0
2021-06-10,sz.002425,9.5800,9.9000,9.1700,9.2300,9.0000,87467123,839393576.9000,3,10.757700,1,2.555600,46.084510,12.612968,29.106587,1.699978,0
2021-06-11,sz.002425,9.0300,9.1700,8.9800,9.0000,9.2300,43983385,397534553.2200,3,5.409600,1,-2.491900,44.936142,12.298669,28.381288,1.657616,0
2021-06-15,sz.002425,9.0000,9.0500,8.5400,8.5400,9.0000,31814882,277850959.0300,3,3.913000,1,-5.111100,42.639406,11.670070,26.930689,1.572894,0
2021-06-16,sz.002425,8.5800,8.6500,8.4300,8.4400,8.5400,17569635,149734169.0900,3,2.160900,1,-1.171000,42.140116,11.533418,26.615341,1.554476,0
2021-06-17,sz.002425,8.4400,8.6100,8.3800,8.5400,8.4400,14472381,122953179.3700,3,1.780000,1,1.184800,42.639406,11.670070,26.930689,1.572894,0
2021-06-18,sz.002425,8.5200,8.5600,8.3500,8.5600,8.5400,18794169,158638411.9200,3,2.311500,1,0.234200,42.739264,11.697400,26.993758,1.576577,0
2021-06-21,sz.002425,8.4900,8.8900,8.4700,8.7200,8.5600,19591383,170209541.4600,3,2.409600,1,1.869200,43.538129,11.916043,27.498315,1.606046,0
2021-06-22,sz.002425,8.7000,8.8300,8.6400,8.7700,8.7000,14217439,124218841.7400,3,1.748600,1,0.804600,43.787774,11.984369,27.655988,1.615255,0
2021-06-23,sz.002425,8.7700,8.8000,8.6500,8.7400,8.7700,10448820,91215844.4000,3,1.285100,1,-0.342100,43.637987,11.943374,27.561384,1.609730,0
2021-06-24,sz.002425,8.7700,8.7700,8.4800,8.5400,8.7400,16510466,141818754.6100,3,2.030600,1,-2.288300,42.639406,11.670070,26.930689,1.572894,0
2021-06-25,sz.002425,8.5100,8.5900,8.4700,8.5400,8.5400,11773705,100515237.3500,3,1.448100,1,0.000000,42.639406,11.670070,26.930689,1.572894,0
2021-06-28,sz.002425,8.5900,8.6300,8.4700,8.4700,8.5400,13026200,111003624.7000,3,1.602100,1,-0.819700,42.289903,11.574414,26.709945,1.560001,0
2021-06-29,sz.002425,8.4500,8.5800,8.3700,8.3700,8.4700,13228995,111936269.3500,3,1.627100,1,-1.180600,41.790612,11.437762,26.394598,1.541583,0
2021-06-30,sz.002425,8.3700,8.4700,8.3400,8.3700,8.3700,9856589,82609659.2700,3,1.212300,1,0.000000,41.790612,11.437762,26.394598,1.541583,0
2021-07-01,sz.002425,8.4300,8.8600,8.3700,8.7400,8.3700,31546807,272737021.8400,3,3.880000,1,4.420500,43.637987,11.943374,27.561384,1.609730,0
2021-07-02,sz.002425,8.7100,9.2600,8.5800,9.1800,8.7400,53275732,483842295.4300,3,6.552500,1,5.034300,45.834865,12.544642,28.948914,1.690769,0
2021-07-05,sz.002425,9.1800,9.1800,8.9700,9.0200,9.1800,29341752,265341003.0300,3,3.608800,1,-1.742900,45.036000,12.325999,28.444357,1.661300,0
2021-07-06,sz.002425,8.8700,9.2300,8.8200,9.0600,9.0200,31770571,288243620.2400,3,3.907500,1,0.443500,45.235716,12.380660,28.570497,1.668667,0
2021-07-07,sz.002425,9.1000,9.2100,9.0300,9.0500,9.0600,19906416,180946849.6000,3,2.448300,1,-0.110400,45.185787,12.366995,28.538962,1.666825,0
2021-07-08,sz.002425,9.0000,9.0900,8.8500,8.8700,9.0500,21496562,191260972.1400,3,2.643900,1,-1.989000,44.287065,12.121021,27.971336,1.633673,0
2021-07-09,sz.002425,8.8400,9.0200,8.8000,8.8800,8.8700,12942607,115284084.0700,3,1.591800,1,0.112700,44.336994,12.134686,28.002871,1.635515,0
2021-07-12,sz.002425,8.8500,9.0800,8.7800,8.9600,8.8800,29897525,266962925.6100,3,3.677100,1,0.900900,44.736426,12.244008,28.255149,1.650249,0
2021-07-13,sz.002425,9.0900,9.8600,9.0200,9.4200,8.9600,74658725,711406357.0000,3,9.182400,1,5.133900,47.033162,12.872607,29.705748,1.734972,0
2021-07-14,sz.002425,9.4700,9.6500,9.2300,9.5000,9.4200,50196646,476119787.0500,3,6.173800,1,0.849300,47.432595,12.981928,29.958026,1.749706,0
2021-07-15,sz.002425,9.5000,9.7200,9.2300,9.3300,9.5000,34367180,323737187.7400,3,4.226900,1,-1.789500,46.583801,12.749620,29.421935,1.718396,0
2021-07-16,sz.002425,9.3300,9.4000,9.1800,9.3000,9.3300,22961985,213472533.9600,3,2.824100,1,-0.321500,46.434014,12.708624,29.327331,1.712870,0
2021-07-19,sz.002425,9.3000,9.6000,9.2200,9.3700,9.3000,25022971,235419999.1900,3,3.077600,1,0.752700,46.783517,12.804281,29.548074,1.725763,0
2021-07-20,sz.002425,9.3100,9.5700,9.2500,9.4700,9.3700,25846099,243598281.8400,3,3.178800,1,1.067200,47.282807,12.940933,29.863422,1.744181,0
2021-07-21,sz.002425,9.4500,9.5000,9.2500,9.2700,9.4700,25477885,237414213.5900,3,3.133600,1,-2.111900,46.284226,12.667629,29.232727,1.707345,0
2021-07-22,sz.002425,9.3000,9.4100,9.0800,9.3300,9.2700,19592588,181890961.4900,3,2.409700,1,0.647200,46.583801,12.749620,29.421935,1.718396,0
2021-07-23,sz.002425,9.4700,9.5000,8.9300,8.9300,9.3300,33748722,308559901.2700,3,4.150800,1,-4.287200,44.586639,12.203012,28.160545,1.644724,0
2021-07-26,sz.002425,8.8000,8.9100,8.0400,8.0500,8.9300,58797609,489732809.6800,3,7.231600,1,-9.854400,40.192883,11.000476,25.385485,1.482646,0
2021-07-27,sz.002425,7.9600,8.1200,7.6100,7.6200,8.0500,36854050,287974029.9500,3,4.532700,1,-5.341600,38.045934,10.412873,24.029490,1.403449,0
2021-07-28,sz.002425,7.6900,7.8000,7.3300,7.7400,7.6200,25919505,195794629.3200,3,3.187900,1,1.574800,38.645082,10.576855,24.407908,1.425550,0
2021-07-29,sz.002425,7.8100,7.8800,7.6900,7.7700,7.7400,16599633,129318061.8900,3,2.041600,1,0.387600,38.794869,10.617851,24.502512,1.431075,0
2021-07-30,sz.002425,7.6900,7.8300,7.5600,7.7700,7.7700,13282477,102456696.3800,3,1.633600,1,0.000000,38.794869,10.617851,24.502512,1.431075,0
2021-08-02,sz.002425,7.8600,7.9200,7.6600,7.8900,7.7700,17768952,138665663.9400,3,2.185400,1,1.544400,39.394018,10.781833,24.880929,1.453177,0
2021-08-03,sz.002425,7.8500,7.8900,7.3000,7.4900,7.8900,44859548,339730713.1600,3,5.517300,1,-5.069700,37.396856,10.235225,23.619539,1.379505,0
2021-08-04,sz.002425,7.6100,7.8200,7.5100,7.5500,7.4900,28284340,215350567.0000,3,3.478700,1,0.801100,33.131023,9.573001,-1207.997317,1.379093,0
2021-08-05,sz.002425,7.5500,7.5500,7.1000,7.1900,7.5500,40647824,296130879.8500,3,4.999300,1,-4.768200,31.551265,9.116540,-1150.397445,1.313335,0
2021-08-06,sz.002425,7.2400,7.2800,7.1000,7.1500,7.1900,17542794,125666278.2600,3,2.157600,1,-0.556300,31.375737,9.065822,-1143.997460,1.306029,0
2021-08-09,sz.002425,7.0900,7.3100,7.0700,7.3100,7.1500,17491974,126608631.9400,3,2.151400,1,2.237800,32.077851,9.268694,-1169.597403,1.335255,0
2021-08-10,sz.002425,7.3100,7.5000,7.2500,7.4000,7.3100,20149649,149116512.8600,3,2.478200,1,1.231200,32.472791,9.382809,-1183.997371,1.351694,0
2021-08-11,sz.002425,7.3400,7.4300,7.3400,7.3700,7.4000,11895863,87883126.6700,3,1.463100,1,-0.405400,32.341144,9.344771,-1179.197381,1.346214,0
2021-08-12,sz.002425,7.3400,7.4800,7.3200,7.3900,7.3700,12828146,94976908.5100,3,1.577800,1,0.271400,32.428908,9.370129,-1182.397374,1.349868,0
2021-08-13,sz.002425,7.4000,7.4300,7.2700,7.3400,7.3900,11041272,80885531.7200,3,1.358000,1,-0.676600,32.209498,9.306732,-1174.397392,1.340735,0
2021-08-16,sz.002425,7.3300,7.3500,7.2400,7.2800,7.3400,10539616,76815792.4400,3,1.296300,1,-0.817400,31.946205,9.230655,-1164.797413,1.329775,0
2021-08-17,sz.002425,7.2800,7.2800,7.1000,7.1200,7.2800,15454387,110837276.1300,3,1.900800,1,-2.197800,31.244090,9.027784,-1139.197470,1.300549,0
2021-08-18,sz.002425,7.1100,7.1700,7.0300,7.1700,7.1200,11880469,84337660.8200,3,1.461200,1,0.702200,31.463501,9.091181,-1147.197453,1.309682,0
2021-08-19,sz.002425,7.1600,7.2300,7.1100,7.1400,7.1700,8655281,61932223.5300,3,1.064500,1,-0.418400,31.331855,9.053143,-1142.397463,1.304202,0
2021-08-20,sz.002425,7.1200,7.1800,7.0000,7.1600,7.1400,14746969,104317825.7500,3,1.813700,1,0.280100,31.419619,9.078502,-1145.597456,1.307855,0
2021-08-23,sz.002425,7.1600,7.2600,7.1100,7.2200,7.1600,14008783,101017833.0200,3,1.723000,1,0.838000,31.682912,9.154578,-1155.197435,1.318815,0
2021-08-24,sz.002425,7.1800,7.2500,7.1700,7.2200,7.2200,12888142,93002383.1300,3,1.585100,1,0.000000,31.682912,9.154578,-1155.197435,1.318815,0
2021-08-25,sz.002425,7.2200,7.5400,7.2200,7.4600,7.2200,30188460,224181951.6600,3,3.712900,1,3.324100,32.736083,9.458886,-1193.597349,1.362654,0
2021-08-26,sz.002425,7.4000,7.5800,7.3400,7.3900,7.4600,19500959,145152595.4400,3,2.398400,1,-0.938300,32.428908,9.370129,-1182.397374,1.349868,0
2021-08-27,sz.002425,7.3800,7.4400,7.3300,7.3900,7.3900,12931896,95288158.4800,3,1.590500,1,0.000000,32.428908,9.370129,-1182.397374,1.349868,0
2021-08-30,sz.002425,7.3800,7.4200,7.1000,7.2000,7.3900,20533946,148814958.6600,3,2.525500,1,-2.571000,31.595148,9.129220,-1151.997442,1.315162,0
2021-08-31,sz.002425,7.0300,7.1500,6.6000,7.0300,7.2000,24065242,168201265.7900,3,2.959800,1,-2.361100,30.849151,8.913668,-1124.797502,1.284109,0
2021-09-01,sz.002425,7.0800,7.4900,7.0400,7.4500,7.0300,37024698,272199032.2500,3,4.553700,1,5.974400,32.692201,9.446206,-1191.997353,1.360827,0
2021-09-02,sz.002425,7.4000,7.5800,7.3300,7.3400,7.4500,23439383,173695634.4200,3,2.882800,1,-1.476500,32.209498,9.306732,-1174.397392,1.340735,0
2021-09-03,sz.002425,7.3500,7.4700,7.2800,7.4000,7.3400,20803310,153386318.1400,3,2.558600,1,0.817400,32.472791,9.382809,-1183.997371,1.351694,0
2021-09-06,sz.002425,7.3900,7.4300,7.2500,7.3800,7.4000,19673504,144756423.6400,3,2.419700,1,-0.270300,32.385026,9.357450,-1180.797378,1.348041,0
2021-09-07,sz.002425,7.4200,7.7100,7.4000,7.6300,7.3800,39070657,296807498.1600,3,4.805400,1,3.387500,33.482080,9.674437,-1220.797289,1.393706,0
2021-09-08,sz.002425,7.6900,8.3200,7.6700,8.2500,7.6300,76063466,613934706.2600,3,9.355100,1,8.125800,36.202773,10.460564,-1319.997069,1.506956,0
2021-09-09,sz.002425,8.0600,8.0700,7.7300,7.8000,8.2500,70717701,557231702.1100,3,7.397400,1,-5.454500,34.228077,9.889988,-1247.997229,1.424759,0
2021-09-10,sz.002425,7.8000,7.8800,7.6800,7.6900,7.8000,38527556,297592693.2000,3,4.030100,1,-1.410300,33.745373,9.750514,-1230.397268,1.404666,0
2021-09-13,sz.002425,7.7400,8.0600,7.6600,8.0200,7.6900,63419745,501001460.4500,3,6.634000,1,4.291300,35.193484,10.168936,-1283.197150,1.464944,0
2021-09-14,sz.002425,7.9200,8.0100,7.7100,7.7200,8.0200,40926080,320368571.3800,3,4.281000,1,-3.740600,33.877019,9.788552,-1235.197257,1.410146,0
2021-09-15,sz.002425,7.6800,7.9000,7.6500,7.7100,7.7200,25871250,200856140.6900,3,2.706200,1,-0.129500,33.833137,9.775873,-1233.597261,1.408319,0
2021-09-16,sz.002425,7.6900,7.8800,7.5200,7.5700,7.7100,28782023,221726221.0600,3,3.010700,1,-1.815800,33.218787,9.598360,-1211.197310,1.382747,0
2021-09-17,sz.002425,7.5400,7.6300,7.2200,7.3200,7.5700,36313305,267504965.6400,3,3.798500,1,-3.302500,32.121733,9.281373,-1171.197399,1.337081,0
2021-09-22,sz.002425,7.2200,7.4500,7.1700,7.3400,7.3200,17805474,130219412.7100,3,1.862500,1,0.273200,32.209498,9.306732,-1174.397392,1.340735,0
2021-09-23,sz.002425,7.3000,7.4900,7.3000,7.4000,7.3400,17975886,133190324.8700,3,1.880400,1,0.817400,32.472791,9.382809,-1183.997371,1.351694,0
2021-09-24,sz.002425,7.3800,7.4900,7.2800,7.2900,7.4000,19808080,146195806.2000,3,2.072000,1,-1.486500,31.990087,9.243335,-1166.397410,1.331601,0
2021-09-27,sz.002425,7.3100,7.3300,6.8900,7.0700,7.2900,25928631,183029843.5200,3,2.712200,1,-3.017800,31.024680,8.964386,-1131.197488,1.291416,0
2021-09-28,sz.002425,7.0500,7.2100,6.9600,7.0500,7.0700,16706076,117908731.0500,3,1.747500,1,-0.282900,30.936915,8.939027,-1127.997495,1.287763,0
2021-09-29,sz.002425,6.9900,7.0000,6.6600,6.6600,7.0500,28735460,194778385.3400,3,3.005800,1,-5.531900,29.225511,8.444528,-1065.597634,1.216525,0
2021-09-30,sz.002425,6.7000,6.8200,6.7000,6.8100,6.6600,15748108,106719526.0400,3,1.647300,1,2.252300,29.883744,8.634720,-1089.597580,1.243924,0
2021-10-08,sz.002425,6.8600,7.0300,6.8200,6.8800,6.8100,22955228,158672520.0600,3,2.401200,1,1.027900,30.190919,8.723476,-1100.797556,1.256710,0
2021-10-11,sz.002425,6.9100,7.1000,6.8600,6.8800,6.8800,35723198,248347220.8300,3,3.736800,1,0.000000,30.190919,8.723476,-1100.797556,1.256710,0
2021-10-12,sz.002425,6.8600,6.8700,6.6500,6.7200,6.8800,21575432,145446911.9600,3,2.256900,1,-2.325600,29.488804,8.520605,-1075.197612,1.227484,0
2021-10-13,sz.002425,6.7200,6.7900,6.5700,6.6600,6.7200,18884037,125903989.4200,3,1.975300,1,-0.892900,29.225511,8.444528,-1065.597634,1.216525,0
2021-10-14,sz.002425,6.6700,6.7200,6.5900,6.6700,6.6600,12860100,85543476.0000,3,1.345200,1,0.150200,29.269394,8.457208,-1067.197630,1.218351,0
2021-10-15,sz.002425,6.7400,6.7900,6.5800,6.5900,6.6700,24766671,164757340.7600,3,2.590700,1,-1.199400,28.918336,8.355772,-1054.397659,1.203738,0
2021-10-18,sz.002425,6.5800,6.6400,6.3300,6.6300,6.5900,23279112,151399436.5300,3,2.435100,1,0.607000,29.093865,8.406490,-1060.797644,1.211045,0
2021-10-19,sz.002425,6.6500,6.7200,6.4800,6.6700,6.6300,16910363,112404044.2500,3,1.768900,1,0.603300,29.269394,8.457208,-1067.197630,1.218351,0
2021-10-20,sz.002425,6.6500,6.7500,6.5700,6.6900,6.6700,18699348,124558352.6900,3,1.956000,1,0.299900,29.357158,8.482566,-1070.397623,1.222005,0
2021-10-21,sz.002425,6.6800,6.7100,6.5300,6.5400,6.6900,19105335,126199194.6500,3,1.998500,1,-2.242200,28.698926,8.292374,-1046.397676,1.194605,0
2021-10-22,sz.002425,6.5300,6.8100,6.5000,6.7400,6.5400,36897018,247099619.9400,3,3.859600,1,3.058100,29.576569,8.545964,-1078.397605,1.231138,0
2021-10-25,sz.002425,6.7000,6.7200,6.5500,6.6600,6.7400,22484740,149353791.6200,3,2.352000,1,-1.186900,29.225511,8.444528,-1065.597634,1.216525,0
2021-10-26,sz.002425,6.6100,6.6800,6.5500,6.6100,6.6600,15522796,102662407.2400,3,1.623700,1,-0.750800,29.006101,8.381131,-1057.597651,1.207392,0
2021-10-27,sz.002425,6.6300,6.6400,6.3700,6.3900,6.6100,23710998,153750069.4500,3,2.480300,1,-3.328300,28.398778,7.294052,26.269505,1.165325,0
2021-10-28,sz.002425,6.3800,6.5300,6.2600,6.4300,6.3900,17222764,110146832.7100,3,1.801600,1,0.626000,28.576548,7.339712,26.433947,1.172620,0
2021-10-29,sz.002425,6.4600,7.0700,6.4300,7.0700,6.4300,79174986,547815602.2100,3,8.282000,1,9.953300,31.420870,8.070258,29.065008,1.289335,0
2021-11-01,sz.002425,7.2500,7.6800,7.1500,7.3500,7.0700,155903364,1153467735.9600,3,16.308100,1,3.960400,32.665261,8.389872,30.216097,1.340398,0
2021-11-02,sz.002425,7.3600,7.4600,6.9800,7.0400,7.3500,89320214,638076717.5400,3,9.343300,1,-4.217700,31.287543,8.036014,28.941677,1.283864,0
2021-11-03,sz.002425,7.0900,7.6800,7.0700,7.4000,7.0400,115615042,856894125.7100,3,12.093800,1,5.113600,32.887474,8.446946,30.421649,1.349516,0
2021-11-04,sz.002425,7.4000,7.8800,7.3200,7.7900,7.4000,116577724,888331843.7200,3,12.194500,1,5.270300,34.620733,8.892123,32.024952,1.420639,0
2021-11-05,sz.002425,7.9900,8.5700,7.9900,8.5700,7.7900,102173884,863878985.1200,3,10.687800,1,10.012800,38.087250,9.782477,35.231559,1.562885,0
2021-11-08,sz.002425,8.9900,9.1800,8.7000,8.8100,8.5700,207059155,1844343523.8400,3,21.659200,1,2.800500,39.153871,10.056432,36.218207,1.606654,0
2021-11-09,sz.002425,8.5700,9.1000,8.3300,8.7800,8.8100,139379565,1215989166.2800,3,14.579700,1,-0.340500,39.020543,10.022188,36.094876,1.601183,0
2021-11-10,sz.002425,8.7100,8.9400,8.2500,8.5200,8.7800,149976217,1301289515.1000,3,15.688100,1,-2.961300,37.865038,9.725403,35.026007,1.553767,0
2021-11-11,sz.002425,8.4000,9.2800,8.2000,9.1300,8.5200,172206543,1514586121.8200,3,18.013500,1,7.159600,40.576032,10.421706,37.533737,1.665011,0
2021-11-12,sz.002425,8.8000,9.0600,8.6000,8.7000,9.1300,126057710,1112887531.2300,3,13.186100,1,-4.709700,38.665003,9.930869,35.765993,1.586593,0
2021-11-15,sz.002425,8.6200,8.8100,8.3000,8.6000,8.7000,101773961,870983493.2100,3,10.646000,1,-1.149400,38.220578,9.816722,35.354890,1.568356,0
2021-11-16,sz.002425,8.4400,8.8600,8.4000,8.4700,8.6000,113325626,974471132.8100,3,11.854300,1,-1.511600,37.642825,9.668329,34.820455,1.544649,0
2021-11-17,sz.002425,8.2100,8.4200,8.0600,8.2400,8.4700,96454125,797304495.6200,3,10.089500,1,-2.715500,36.620647,9.405789,33.874917,1.502704,0
2021-11-18,sz.002425,8.3300,8.3500,7.6300,7.7900,8.2400,122703450,969380305.0800,3,12.835300,1,-5.461200,34.620733,8.892123,32.024952,1.420639,0
2021-11-19,sz.002425,7.8200,8.4500,7.7000,8.0100,7.7900,102775803,835899285.4400,3,10.750800,1,2.824100,35.598468,9.143249,32.929380,1.460760,0
2021-11-22,sz.002425,8.1000,8.2300,7.9000,8.1200,8.0100,80186969,647892289.6700,3,8.387900,1,1.373300,36.087336,9.268812,33.381593,1.480820,0
2021-11-23,sz.002425,8.0800,8.3500,7.9600,8.1800,8.1200,80990653,659493961.7200,3,8.472000,1,0.738900,36.353991,9.337300,33.628255,1.491762,0
2021-11-24,sz.002425,8.1800,8.6700,8.1500,8.5800,8.1800,121751796,1030579906.3200,3,12.735700,1,4.890000,38.131693,9.793892,35.272669,1.564709,0
2021-11-25,sz.002425,8.5500,8.5500,7.9600,7.9900,8.5800,110153265,902934089.2600,3,11.522500,1,-6.876500,35.509583,9.120419,32.847159,1.457113,0
2021-11-26,sz.002425,8.0800,8.1200,7.8300,8.0100,7.9900,55857604,446181110.2100,3,5.842900,1,0.250300,35.598468,9.143249,32.929380,1.460760,0
2021-11-29,sz.002425,7.8000,8.0700,7.7500,7.8400,8.0100,55649130,437619246.5100,3,5.821100,1,-2.122300,34.842945,8.949197,32.230504,1.429758,0
2021-11-30,sz.002425,7.9400,8.0100,7.6900,7.8000,7.8400,49886106,391193508.7200,3,5.218300,1,-0.510200,34.665175,8.903538,32.066063,1.422463,0
2021-12-01,sz.002425,7.7500,7.8900,7.7200,7.8100,7.8000,38698927,302277677.6400,3,4.048100,1,0.128200,34.709618,8.914953,32.107173,1.424287,0
2021-12-02,sz.002425,7.7600,7.7900,7.5500,7.5600,7.8100,45070727,344507134.1500,3,4.714600,1,-3.201000,33.598554,8.629583,31.079415,1.378695,0
2021-12-03,sz.002425,7.5700,7.7200,7.5500,7.5600,7.5600,32047204,243468209.7900,3,3.352300,1,0.000000,33.598554,8.629583,31.079415,1.378695,0
2021-12-06,sz.002425,7.5500,7.6200,7.4400,7.4600,7.5600,42898069,322681902.4500,3,4.487300,1,-1.322800,33.154129,8.515435,30.668311,1.360458,0
2021-12-07,sz.002425,7.4800,7.6000,7.3600,7.4900,7.4600,39788187,297674322.7400,3,4.162000,1,0.402100,33.287457,8.549680,30.791642,1.365929,0
2021-12-08,sz.002425,7.4700,7.8500,7.4200,7.7900,7.4900,56872160,436035572.7800,3,5.949100,1,4.005300,34.620733,8.892123,32.024952,1.420639,0
2021-12-09,sz.002425,7.7900,7.8600,7.6900,7.7700,7.7900,44294555,344704052.1200,3,4.633400,1,-0.256700,34.531848,8.869294,31.942732,1.416992,0
2021-12-10,sz.002425,7.8000,8.2400,7.7700,8.1500,7.7700,85349088,684355899.7500,3,8.927900,1,4.890600,36.220664,9.303056,33.504924,1.486291,0
2021-12-13,sz.002425,8.2700,8.8800,8.1500,8.8200,8.1500,125493947,1079853032.5900,3,13.127200,1,8.220900,39.198314,10.067847,36.259317,1.608477,0
2021-12-14,sz.002425,8.8300,8.9600,8.6100,8.7000,8.8200,110600201,969446573.1700,3,11.569200,1,-1.360500,38.665003,9.930869,35.765993,1.586593,0
2021-12-15,sz.002425,8.6000,9.0700,8.5000,8.9400,8.7000,111746937,991207975.0800,3,11.689200,1,2.758600,39.731624,10.204824,36.752641,1.630361,0
2021-12-16,sz.002425,8.8000,9.0400,8.6800,8.8000,8.9400,90286985,799545466.6700,3,9.444400,1,-1.566000,39.109428,10.045017,36.177096,1.604830,0
2021-12-17,sz.002425,8.8100,9.3900,8.6700,9.1400,8.8000,117648068,1068360433.4200,3,12.306500,1,3.863600,40.620475,10.433120,37.574848,1.666835,0
2021-12-20,sz.002425,8.9000,9.0400,8.5000,8.6000,9.1400,92860478,811175401.2600,3,9.713600,1,-5.908100,38.220578,9.816722,35.354890,1.568356,0
2021-12-21,sz.002425,8.6900,8.8700,8.5800,8.7200,8.6000,61977267,540733382.1200,3,6.483100,1,1.395300,38.753888,9.953699,35.848214,1.590241,0
2021-12-22,sz.002425,8.6600,9.1000,8.6100,8.8800,8.7200,87699870,782668489.8600,3,9.173800,1,1.834900,39.464969,10.136336,36.505979,1.619419,0
2021-12-23,sz.002425,8.8000,9.2800,8.7200,9.0000,8.8800,88791468,802787530.8800,3,9.287900,1,1.351400,39.998279,10.273313,36.999303,1.641303,0
2021-12-24,sz.002425,8.9700,9.2100,8.6500,8.8500,9.0000,71698669,638219202.7100,3,7.500000,1,-1.666700,39.331641,10.102091,36.382648,1.613948,0
2021-12-27,sz.002425,8.8100,8.9000,8.3000,8.6300,8.8500,65697497,563816182.1100,3,6.872200,1,-2.485900,38.353905,9.850966,35.478221,1.573828,0
2021-12-28,sz.002425,8.7300,9.0500,8.6100,8.7400,8.6300,63776993,562135518.0300,3,6.671300,1,1.274600,38.842773,9.976529,35.930434,1.593888,0
2021-12-29,sz.002425,8.6900,8.7000,8.3800,8.4200,8.7400,55098142,469593045.3400,3,5.763500,1,-3.661300,37.420612,9.611255,34.614904,1.535530,0
2021-12-30,sz.002425,8.4600,9.2600,8.4500,9.2600,8.4200,35235721,319083515.5600,3,3.685800,1,9.976200,41.153785,10.570098,38.068172,1.688719,0
2021-12-31,sz.002425,10.0000,10.1900,9.4600,9.6400,9.2600,234615828,2320595333.5500,3,24.541800,1,4.103700,42.842601,11.003860,39.630365,1.758018,0
2022-01-04,sz.002425,9.6600,10.1500,9.3700,9.8200,9.6400,177018742,1743155666.5500,3,18.516900,1,1.867200,43.642567,11.209326,40.370351,1.790844,0
2022-01-05,sz.002425,9.8200,10.5800,9.6300,10.3800,9.8200,183235306,1844992434.0200,3,19.167200,1,5.702600,46.131349,11.848555,42.672530,1.892970,0
2022-01-06,sz.002425,10.0600,10.1000,9.6100,9.9300,10.3800,125678917,1239305165.9400,3,13.146500,1,-4.335300,44.131435,11.334889,40.822564,1.810905,0
2022-01-07,sz.002425,9.9000,10.0900,9.4900,9.5100,9.9300,98475573,960036355.8300,3,10.300900,1,-4.229600,42.264848,10.855468,39.095930,1.734311,0
2022-01-10,sz.002425,9.4000,9.4400,9.1600,9.2800,9.5100,70336472,654053055.7100,3,7.357500,1,-2.418500,41.242670,10.592927,38.150392,1.692366,0
2022-01-11,sz.002425,9.3200,9.3800,8.7500,8.8100,9.2800,82943571,742935959.6300,3,8.676200,1,-5.064700,39.153871,10.056432,36.218207,1.606654,0
2022-01-12,sz.002425,8.9400,9.0000,8.7800,8.9100,8.8100,57458709,511254740.3200,3,6.010400,1,1.135100,39.598296,10.170580,36.629310,1.624890,0
2022-01-13,sz.002425,8.8900,9.0200,8.6600,8.7100,8.9100,63792840,564088886.0500,3,6.673000,1,-2.244700,38.709446,9.942284,35.807103,1.588417,0
2022-01-14,sz.002425,8.6000,8.9600,8.5600,8.8300,8.7100,60902252,535844764.9500,3,6.370600,1,1.377700,39.242756,10.079262,36.300427,1.610301,0
2022-01-17,sz.002425,8.8400,9.2000,8.8000,9.1800,8.8300,78045982,709195481.7900,3,8.163900,1,3.963800,40.798245,10.478780,37.739289,1.674129,0
2022-01-18,sz.002425,9.1500,9.1600,8.6300,8.6800,9.1800,77721512,688660630.9900,3,8.130000,1,-5.446600,38.576118,9.908040,35.683772,1.582946,0
2022-01-19,sz.002425,8.8800,9.2900,8.8400,8.8700,8.6800,74668413,673279198.9600,3,7.810600,1,2.188900,39.420526,10.124921,36.464869,1.617596,0
2022-01-20,sz.002425,9.0000,9.0500,8.4000,8.5000,8.8700,63527879,549009001.0500,3,6.645300,1,-4.171400,37.776152,9.702574,34.943786,1.550120,0
2022-01-21,sz.002425,8.4500,8.5600,8.0700,8.0700,8.5000,53001802,436483488.3000,3,5.544200,1,-5.058800,35.865124,9.211738,33.176042,1.471702,0
2022-01-24,sz.002425,8.0400,8.2600,8.0100,8.1100,8.0700,32676727,265430014.7300,3,3.418100,1,0.495700,36.042894,9.257397,33.340483,1.478997,0
2022-01-25,sz.002425,8.0600,8.1200,7.4800,7.4800,8.1100,55720091,428826373.5500,3,5.828500,1,-7.768200,33.243014,8.538265,30.750532,1.364105,0
2022-01-26,sz.002425,7.4700,7.6200,7.3600,7.4800,7.4800,34353780,256763143.1900,3,3.593500,1,0.000000,33.243014,8.538265,30.750532,1.364105,0
2022-01-27,sz.002425,7.5100,7.5500,7.1400,7.1700,7.4800,32688598,238375518.6900,3,3.419400,1,-4.144400,31.865296,8.184406,29.476111,1.307572,0
2022-01-28,sz.002425,7.1900,7.3200,7.1300,7.1500,7.1700,31906280,230340846.4100,3,3.337500,1,-0.278900,31.776411,8.161577,29.393891,1.303924,0
2022-02-07,sz.002425,7.2700,7.3000,7.0500,7.1500,7.1500,29678469,212410552.6400,3,3.104500,1,0.000000,31.776411,8.161577,29.393891,1.303924,0
2022-02-08,sz.002425,7.1300,7.3600,7.0700,7.3600,7.1500,36640460,265609859.7100,3,3.832700,1,2.937100,32.709704,8.401287,30.257208,1.342221,0
2022-02-09,sz.002425,7.3700,7.5500,7.3000,7.5400,7.3600,35864693,267847873.6800,3,3.751600,1,2.445700,33.509669,8.606754,30.997194,1.375047,0
2022-02-10,sz.002425,7.4700,7.6400,7.4000,7.6000,7.5400,36644767,275986559.8800,3,3.833200,1,0.795800,33.776325,8.675242,31.243856,1.385989,0
2022-02-11,sz.002425,7.5400,7.6100,7.2600,7.2800,7.6000,37922403,280030786.9400,3,3.966800,1,-4.210500,32.354164,8.309969,29.928325,1.327632,0
